{
    "Pand ID": "0599100000125324",
    "Archetype ID": "TI.1946",
    "Construction Year": 1941,
    "Number of Floors": 2,
    "Wall Area": 56.39,
    "Roof Area (Flat)": 8.05,
    "Roof Area (Sloped)": 37.26,
    "Floor Area": 41.7,
    "Shared Wall Area": 116.45,
    "Absolute Height (70%)": 5.551430702209473,
    "Surfaces": [
        {
            "Type": "G",
            "Centroid": {
                "x": 94135.146125,
                "y": 432874.38187499996
            },
            "Distances": [
                2.6590761377257923,
                3.2462988781420674,
                4.559389367675517,
                4.5635918590645055,
                3.2336165366710965,
                2.680498490275291,
                5.422117428311706,
                5.4264259790643825
            ],
            "UnitPairs": [
                [
                    -0.9743515664091852,
                    -0.2250311645883012
                ],
                [
                    -0.130879816044584,
                    -0.9913982417536032
                ],
                [
                    0.141713055827191,
                    -0.9899077784360115
                ],
                [
                    0.945773665413261,
                    -0.3248263748693526
                ],
                [
                    0.9986109866082948,
                    -0.05268868403374663
                ],
                [
                    0.3887802973116534,
                    0.9213304946772697
                ],
                [
                    -0.23549379313120264,
                    0.971875852872515
                ],
                [
                    -0.9105210352195999,
                    0.413462748530781
                ]
            ]
        },
        {
            "Type": "F",
            "Centroid": {
                "x": 94135.51625,
                "y": 432874.4673571428
            },
            "Distances": [
                3.398160829101547,
                4.607131756343148,
                4.246067830392033,
                2.870425731059779,
                2.477038789228362,
                5.4394803210717795,
                5.732739449148907
            ],
            "UnitPairs": [
                [
                    -0.23395008064066436,
                    -0.9722486100623784
                ],
                [
                    0.05990712108852134,
                    -0.99820395553358
                ],
                [
                    0.9293304199598588,
                    -0.36924919842463105
                ],
                [
                    0.9960194994981388,
                    -0.0891356080333614
                ],
                [
                    0.2712916741205834,
                    0.9624971831402164
                ],
                [
                    -0.30278627787602436,
                    0.9530584819044332
                ],
                [
                    -0.9264331733740305,
                    0.37645926110553274
                ]
            ]
        },
        {
            "Type": "R",
            "Centroid": {
                "x": 94132.55525,
                "y": 432873.78349999996
            },
            "Distances": [
                0.0
            ],
            "UnitPairs": [
                [
                    0.0,
                    0.0
                ]
            ]
        }
    ]
}