{
    "Pand ID": "0599100000243171",
    "Archetype ID": "TI.1946",
    "Construction Year": 1931,
    "Number of Floors": 2,
    "Wall Area": 38.8,
    "Roof Area (Flat)": 14.82,
    "Roof Area (Sloped)": 45.38,
    "Floor Area": 42.11,
    "Shared Wall Area": 100.77,
    "Absolute Height (70%)": 4.856265544891357,
    "Surfaces": [
        {
            "Type": "G",
            "Centroid": {
                "x": 95122.1217125,
                "y": 433472.55125
            },
            "Distances": [
                6.206227377392258,
                3.8227294777244105,
                2.2988046154543813,
                4.614503251708392,
                4.170205493747778,
                4.21581264528885,
                4.59639935819602,
                2.2558590957641735,
                3.8062857302156496,
                6.185646696987585
            ],
            "UnitPairs": [
                [
                    -0.8652438387210567,
                    -0.5013512736148676
                ],
                [
                    -0.7188319278187284,
                    -0.6951839034014025
                ],
                [
                    0.5076986500548423,
                    -0.8615347240433728
                ],
                [
                    0.9513700089774245,
                    -0.3080504926441366
                ],
                [
                    0.9994951103150522,
                    -0.03177301459259906
                ],
                [
                    0.9132521589433152,
                    0.40739476455322027
                ],
                [
                    0.7982552676709097,
                    0.6023192904395843
                ],
                [
                    0.1995248731833438,
                    0.9798927619801926
                ],
                [
                    -0.9158271992896803,
                    0.4015725850219611
                ],
                [
                    -0.9846828146460211,
                    0.1743552538376448
                ]
            ]
        },
        {
            "Type": "F",
            "Centroid": {
                "x": 95122.54553977273,
                "y": 433472.4749318182
            },
            "Distances": [
                6.540611927042736,
                4.089297430000737,
                2.0441043867213735,
                4.1881778222770425,
                2.492961331098364,
                3.744694200183383,
                3.8674446952961437,
                4.315644281210082,
                2.924021486396574,
                4.226275990033212,
                6.616288723382957
            ],
            "UnitPairs": [
                [
                    -0.8858081380388735,
                    -0.4640516593916069
                ],
                [
                    -0.7756166742656153,
                    -0.6312042257472193
                ],
                [
                    0.36361779373714687,
                    -0.9315482274567053
                ],
                [
                    0.9470163148683574,
                    -0.32118545946720006
                ],
                [
                    0.957605197276158,
                    -0.2880838179240385
                ],
                [
                    0.9998874479759999,
                    -0.015003045692190957
                ],
                [
                    0.8859267545415354,
                    0.4638251670484281
                ],
                [
                    0.7519787349923162,
                    0.6591873649573057
                ],
                [
                    0.6420174188210167,
                    0.7666900507574095
                ],
                [
                    -0.9250998472314466,
                    0.3797239426904159
                ],
                [
                    -0.9846497855677847,
                    0.174541684938916
                ]
            ]
        },
        {
            "Type": "R",
            "Centroid": {
                "x": 95122.5718125,
                "y": 433474.76175
            },
            "Distances": [
                0.0
            ],
            "UnitPairs": [
                [
                    0.0,
                    0.0
                ]
            ]
        }
    ]
}