{
    "Pand ID": "0599100000310268",
    "Archetype ID": "TI.1946",
    "Construction Year": 1919,
    "Number of Floors": 2,
    "Wall Area": 89.22,
    "Roof Area (Flat)": 26.48,
    "Roof Area (Sloped)": 24.47,
    "Floor Area": 43.76,
    "Shared Wall Area": 81.27,
    "Absolute Height (70%)": 5.366971492767334,
    "Surfaces": [
        {
            "Type": "G",
            "Centroid": {
                "x": 94063.10396428572,
                "y": 434041.3764642858
            },
            "Distances": [
                4.052974906402316,
                5.240029500244717,
                5.5160300442750785,
                4.468264030854206,
                2.9983829009617313,
                2.7735334643013454,
                3.6106709337568996,
                5.146017394097331,
                4.7345866034894835,
                4.816074159084596,
                3.086553166367292,
                2.151445664859031,
                2.0746225867646615,
                2.4193048925769074
            ],
            "UnitPairs": [
                [
                    -0.9831578970359379,
                    -0.18275817217260695
                ],
                [
                    -0.9512759967258075,
                    -0.3083406850438674
                ],
                [
                    -0.33479046903094567,
                    -0.942292598849232
                ],
                [
                    -0.20247556533565583,
                    -0.9792873150623398
                ],
                [
                    0.2655717233543925,
                    -0.9640911055261209
                ],
                [
                    0.8109819993988819,
                    -0.5850711039275414
                ],
                [
                    0.9918615625716736,
                    -0.12732101434122337
                ],
                [
                    0.986449389018053,
                    0.16406584929810986
                ],
                [
                    0.44698426526139334,
                    0.8945418193738806
                ],
                [
                    0.4041228706181021,
                    0.9147047094245141
                ],
                [
                    0.12515116165515297,
                    0.9921376853725323
                ],
                [
                    -0.41819056851267344,
                    0.9083593167943218
                ],
                [
                    -0.5898491096771902,
                    0.8075134846013569
                ],
                [
                    -0.9538749302754638,
                    0.3002042927607451
                ]
            ]
        },
        {
            "Type": "F",
            "Centroid": {
                "x": 94062.93094230769,
                "y": 434041.50128846156
            },
            "Distances": [
                3.9087280638207687,
                5.116820985726841,
                5.579485784131626,
                4.55962937934921,
                3.1674957956648333,
                3.7995409540621425,
                5.298382409181747,
                4.70497861519061,
                4.776381064882577,
                2.990235004926327,
                1.968504821119269,
                1.8729349448822505,
                2.217806851547747
            ],
            "UnitPairs": [
                [
                    -0.9751745952781193,
                    -0.22143736975532402
                ],
                [
                    -0.9403675291964796,
                    -0.34016012410761504
                ],
                [
                    -0.29997250148793897,
                    -0.9539478488633791
                ],
                [
                    -0.16047188199127982,
                    -0.9870404120856333
                ],
                [
                    0.3060170414876848,
                    -0.9520260344754888
                ],
                [
                    0.9880950719332928,
                    -0.1538444955828476
                ],
                [
                    0.9907377925791396,
                    0.1357889036534781
                ],
                [
                    0.486571327851555,
                    0.8736408546495377
                ],
                [
                    0.44370573945408454,
                    0.8961725373919377
                ],
                [
                    0.1870447277184223,
                    0.9823513983462036
                ],
                [
                    -0.3691595265024819,
                    0.9293660441357126
                ],
                [
                    -0.5609870810307819,
                    0.8278245556375837
                ],
                [
                    -0.9625239935582577,
                    0.27119653726525195
                ]
            ]
        },
        {
            "Type": "R",
            "Centroid": {
                "x": 94065.35325,
                "y": 434039.75375000003
            },
            "Distances": [
                0.0
            ],
            "UnitPairs": [
                [
                    0.0,
                    0.0
                ]
            ]
        }
    ]
}