{
    "Pand ID": "0599100000093076",
    "Archetype ID": "TI.1946",
    "Construction Year": 1917,
    "Number of Floors": 4,
    "Wall Area": 70.0,
    "Roof Area (Flat)": 0.0,
    "Roof Area (Sloped)": 72.13,
    "Floor Area": 46.05,
    "Shared Wall Area": 159.4,
    "Absolute Height (70%)": 7.516683578491211,
    "Surfaces": [
        {
            "Type": "G",
            "Centroid": {
                "x": 94569.8511,
                "y": 433650.6490999999
            },
            "Distances": [
                3.4276291762222417,
                7.088371813703606,
                7.310040202974282,
                3.8447129892231637,
                2.786806912947225,
                7.5127519705326335,
                1.294219676177526,
                1.1604019864443662,
                7.7373157083753465,
                2.021951574630399
            ],
            "UnitPairs": [
                [
                    -0.7504020615321357,
                    -0.6609816533371564
                ],
                [
                    -0.5193153091779291,
                    -0.8545827108322704
                ],
                [
                    0.07098456172434661,
                    -0.9974774142790415
                ],
                [
                    0.423672717459513,
                    -0.9058153390622571
                ],
                [
                    0.9899860615326989,
                    0.14116514432031477
                ],
                [
                    0.26872975547632094,
                    0.9632156137239661
                ],
                [
                    0.20622465020052852,
                    0.9785046722676748
                ],
                [
                    0.19812099830647606,
                    0.9801775706626046
                ],
                [
                    0.04522240182371229,
                    0.9989769438647195
                ],
                [
                    -0.7513038487495257,
                    0.65995645830172
                ]
            ]
        },
        {
            "Type": "F",
            "Centroid": {
                "x": 94570.0267,
                "y": 433651.05999999994
            },
            "Distances": [
                7.530977834219142,
                7.710146635396361,
                4.155890174147064,
                2.58335927427649,
                7.070021579914588,
                0.8603580301876458,
                0.7285264168638511,
                7.320575301215264,
                1.7422758507626717,
                1.929989725383694
            ],
            "UnitPairs": [
                [
                    -0.5121114528421392,
                    -0.8589190065820603
                ],
                [
                    0.044525742015998605,
                    -0.9990082373523878
                ],
                [
                    0.3496964402559143,
                    -0.9368630634582311
                ],
                [
                    0.9999770553485674,
                    -0.006774125508729958
                ],
                [
                    0.2607205620460704,
                    0.9654143092612524
                ],
                [
                    0.10611861201566732,
                    0.994353478489349
                ],
                [
                    0.07453401651874268,
                    0.9972184717410643
                ],
                [
                    0.023809604139968486,
                    0.9997165111923969
                ],
                [
                    -0.5691980403473776,
                    0.8222004566191295
                ],
                [
                    -0.8780875761762776,
                    0.47849995670310114
                ]
            ]
        },
        {
            "Type": "R",
            "Centroid": {
                "x": 94567.279,
                "y": 433648.3835
            },
            "Distances": [
                0.0
            ],
            "UnitPairs": [
                [
                    0.0,
                    0.0
                ]
            ]
        }
    ]
}