{
    "Pand ID": "0599100000099213",
    "Archetype ID": "TI.1946",
    "Construction Year": 1931,
    "Number of Floors": 2,
    "Wall Area": 63.75,
    "Roof Area (Flat)": 5.59,
    "Roof Area (Sloped)": 38.18,
    "Floor Area": 39.03,
    "Shared Wall Area": 95.58,
    "Absolute Height (70%)": 5.246368885040283,
    "Surfaces": [
        {
            "Type": "G",
            "Centroid": {
                "x": 94975.59168749998,
                "y": 433297.43705
            },
            "Distances": [
                4.194496017401258,
                1.5473480022129806,
                1.4854865330904508,
                3.13147285474627,
                3.4630150216464703,
                5.931682209971764,
                5.68446425267804,
                2.997118222552794,
                2.846104151301992,
                4.711688364045255
            ],
            "UnitPairs": [
                [
                    -0.9803323171448245,
                    -0.19735386482524087
                ],
                [
                    -0.9713393482480128,
                    -0.2376970141695633
                ],
                [
                    -0.9707257305089665,
                    -0.24019066619632282
                ],
                [
                    -0.31039707035016045,
                    -0.9506069948817112
                ],
                [
                    0.7372188639252932,
                    -0.675654014028408
                ],
                [
                    0.9540295315384303,
                    -0.29971261727288584
                ],
                [
                    0.8491565406063901,
                    0.5281412401483035
                ],
                [
                    0.569213448828356,
                    0.822189789326606
                ],
                [
                    -0.7782568318813011,
                    0.6279460993031807
                ],
                [
                    -0.9552838923593246,
                    0.29569018414350234
                ]
            ]
        },
        {
            "Type": "F",
            "Centroid": {
                "x": 94975.40213194443,
                "y": 433297.16325
            },
            "Distances": [
                1.2551916532594922,
                1.3168038231260655,
                3.961374309469934,
                2.813970203915879,
                3.4336521337111097,
                6.038842445901901,
                5.991494441462778,
                2.8896619521517546,
                4.622493071656661
            ],
            "UnitPairs": [
                [
                    -0.9978113232271414,
                    -0.06612536003456716
                ],
                [
                    -0.9974488388949146,
                    -0.071384968916339
                ],
                [
                    -0.990172636568047,
                    -0.1398504551007338
                ],
                [
                    -0.2780571177877132,
                    -0.9605645419479055
                ],
                [
                    0.7987284234886105,
                    -0.6016917030435096
                ],
                [
                    0.9684895090343202,
                    -0.24905435328550565
                ],
                [
                    0.8372795142463592,
                    0.5467751046119242
                ],
                [
                    -0.7009278171570693,
                    0.7132322168378444
                ],
                [
                    -0.9327097688631394,
                    0.36062790666734185
                ]
            ]
        },
        {
            "Type": "R",
            "Centroid": {
                "x": 94977.29768749999,
                "y": 433299.90125
            },
            "Distances": [
                0.0
            ],
            "UnitPairs": [
                [
                    0.0,
                    0.0
                ]
            ]
        }
    ]
}