{
    "Pand ID": "0599100000042771",
    "Archetype ID": "TI.1946",
    "Construction Year": 1941,
    "Number of Floors": 3,
    "Wall Area": 73.41,
    "Roof Area (Flat)": 4.6,
    "Roof Area (Sloped)": 40.45,
    "Floor Area": 39.01,
    "Shared Wall Area": 102.66,
    "Absolute Height (70%)": 10.451009750366211,
    "Surfaces": [
        {
            "Type": "G",
            "Centroid": {
                "x": 96863.63866666665,
                "y": 434723.7218333334
            },
            "Distances": [
                5.836890651054289,
                5.788447299506312,
                4.381327326157124,
                1.6276645248555244,
                3.62333628105033,
                2.9785427318240263
            ],
            "UnitPairs": [
                [
                    -0.549721908201018,
                    -0.8353477261858271
                ],
                [
                    0.30272942685111787,
                    -0.9530765415843544
                ],
                [
                    0.6644866079637645,
                    0.7473001725122311
                ],
                [
                    0.17284479021987936,
                    0.984949074061114
                ],
                [
                    0.14664201501964103,
                    0.989189627640211
                ],
                [
                    -0.7613342734429672,
                    0.6483595638849398
                ]
            ]
        },
        {
            "Type": "F",
            "Centroid": {
                "x": 96863.815,
                "y": 434723.86715384613
            },
            "Distances": [
                3.4568985355526323,
                6.055593360391855,
                5.8773941655356685,
                3.139078751502246,
                2.4151269485283255,
                2.9454136095485133,
                4.155707311005927,
                3.4571213270911607,
                1.4616225259527031,
                1.265674168428113,
                1.5112723449553378,
                3.0269427621378213,
                2.6661532114310518
            ],
            "UnitPairs": [
                [
                    -0.851051880682316,
                    -0.5250816092638295
                ],
                [
                    -0.5589873359313994,
                    -0.8291761925358909
                ],
                [
                    0.26814604493056693,
                    -0.9633782738821206
                ],
                [
                    0.638403862606895,
                    -0.7697015708757498
                ],
                [
                    0.9846273304374431,
                    0.17466831468710703
                ],
                [
                    0.8565859788952469,
                    0.5160043224238258
                ],
                [
                    0.658131046126056,
                    0.752903397604914
                ],
                [
                    0.10268658991341338,
                    0.9947137599590923
                ],
                [
                    0.07183797330127024,
                    0.9974163150821055
                ],
                [
                    -0.05372630785244287,
                    0.9985556989194666
                ],
                [
                    -0.13300051488828332,
                    0.9911159685119858
                ],
                [
                    -0.8074153335747365,
                    0.5899834566395884
                ],
                [
                    -0.9886903680971462,
                    0.1499711840052266
                ]
            ]
        },
        {
            "Type": "R",
            "Centroid": {
                "x": 96865.81899999999,
                "y": 434721.451
            },
            "Distances": [
                0.0
            ],
            "UnitPairs": [
                [
                    0.0,
                    0.0
                ]
            ]
        }
    ]
}