{
    "Pand ID": "0599100000084356",
    "Archetype ID": "TI.1946",
    "Construction Year": 1903,
    "Number of Floors": 4,
    "Wall Area": 136.9,
    "Roof Area (Flat)": 19.11,
    "Roof Area (Sloped)": 55.93,
    "Floor Area": 60.16,
    "Shared Wall Area": 240.71,
    "Absolute Height (70%)": 9.5336275100708,
    "Surfaces": [
        {
            "Type": "G",
            "Centroid": {
                "x": 94542.30824431818,
                "y": 438490.55015909096
            },
            "Distances": [
                7.170078181733767,
                5.327576666062003,
                6.340420752166107,
                5.514955241360586,
                5.369435195088237,
                5.6782358932695525,
                3.5854322479954934,
                3.700092571950552,
                6.654147137831786,
                6.494095475210747,
                6.465050259620821
            ],
            "UnitPairs": [
                [
                    -0.9956909307293641,
                    -0.09273386901932126
                ],
                [
                    0.5009441157051345,
                    -0.8654796317305224
                ],
                [
                    0.6007200989823794,
                    -0.7994594190317605
                ],
                [
                    0.9843811861086228,
                    -0.17605022134431061
                ],
                [
                    0.9900144035059145,
                    -0.1409662401102775
                ],
                [
                    0.9979892150202794,
                    -0.06338396250792956
                ],
                [
                    0.9897881026216241,
                    0.1425465254177928
                ],
                [
                    -0.6176012555711552,
                    0.7864913789209217
                ],
                [
                    -0.7852519203341645,
                    0.6191764058905243
                ],
                [
                    -0.8434095000733619,
                    0.5372712677837909
                ],
                [
                    -0.9761999620632328,
                    0.21687239120677104
                ]
            ]
        },
        {
            "Type": "F",
            "Centroid": {
                "x": 94543.20921064814,
                "y": 438490.1609166667
            },
            "Distances": [
                8.044872550583735,
                4.576873344838737,
                1.66246656989379,
                1.776177153660139,
                4.072356236647674,
                4.0237278486298,
                5.509526522622092,
                2.0713762877905717,
                1.892985488308641,
                4.186220020377745,
                4.565060624297143,
                4.339776285391985,
                4.430134947345588,
                4.785899399181512,
                4.765942122844592,
                2.5275981176206583,
                1.2216631740577937,
                2.7756040890254607,
                2.7967337271403587,
                4.586626261890009,
                4.556003363848033,
                4.568656450498649,
                7.606824452039629,
                7.464733300277056,
                5.501906079115517,
                7.431282259608852,
                5.7064064179602285
            ],
            "UnitPairs": [
                [
                    -0.9994127436556033,
                    -0.034266132241312794
                ],
                [
                    0.3862575427960171,
                    -0.9223909749304701
                ],
                [
                    0.41615985812530804,
                    -0.9092914672892974
                ],
                [
                    0.4227347763772488,
                    -0.9062534462507038
                ],
                [
                    0.4652961926088653,
                    -0.8851550446919983
                ],
                [
                    0.474150321204029,
                    -0.880443906732346
                ],
                [
                    0.527786160920687,
                    -0.8493772826845575
                ],
                [
                    0.7376022699817806,
                    -0.6752354339915259
                ],
                [
                    0.7833403166695249,
                    -0.6215930729022713
                ],
                [
                    0.9862959499876697,
                    -0.164985754045372
                ],
                [
                    0.9918492270971513,
                    -0.12741707384327902
                ],
                [
                    0.9937958936689057,
                    -0.1112192507024797
                ],
                [
                    0.9965501964016827,
                    -0.08299220476507065
                ],
                [
                    0.999990065123573,
                    0.004457539024185913
                ],
                [
                    0.9999810591518004,
                    0.006154781689354139
                ],
                [
                    0.99100083767179,
                    0.1338556675445999
                ],
                [
                    0.9674121942549802,
                    0.25320672662226895
                ],
                [
                    0.9622596617498538,
                    0.27213295164139356
                ],
                [
                    0.9467658026077133,
                    0.32192315078691136
                ],
                [
                    -0.6946605121514722,
                    0.7193377321241075
                ],
                [
                    -0.7614454755828362,
                    0.6482289624156177
                ],
                [
                    -0.7724695840841234,
                    0.6350517629807048
                ],
                [
                    -0.8053489582622905,
                    0.5928010251558641
                ],
                [
                    -0.8544375119075173,
                    0.5195541725800029
                ],
                [
                    -0.9698726353028683,
                    0.24361254337712102
                ],
                [
                    -0.9705119380735368,
                    0.24105306066662488
                ],
                [
                    -0.9806781603431179,
                    0.19562808036178686
                ]
            ]
        },
        {
            "Type": "R",
            "Centroid": {
                "x": 94535.9970625,
                "y": 438491.95225000003
            },
            "Distances": [
                0.0
            ],
            "UnitPairs": [
                [
                    0.0,
                    0.0
                ]
            ]
        }
    ]
}