{
    "Pand ID": "0599100000693456",
    "Archetype ID": "TI.1946",
    "Construction Year": 1909,
    "Number of Floors": 3,
    "Wall Area": 105.28,
    "Roof Area (Flat)": 5.38,
    "Roof Area (Sloped)": 80.56,
    "Floor Area": 64.14,
    "Shared Wall Area": 210.98,
    "Absolute Height (70%)": 8.267693519592285,
    "Surfaces": [
        {
            "Type": "G",
            "Centroid": {
                "x": 92043.54875,
                "y": 438816.2819
            },
            "Distances": [
                6.9304633221960925,
                7.942316202484262,
                7.903469963250454,
                6.989807884336299,
                5.287153209395324,
                5.279397906958415,
                5.464419370779189,
                5.389868259992553,
                5.118174426492145,
                5.218995445482517
            ],
            "UnitPairs": [
                [
                    0.3949952366439282,
                    -0.918683167924942
                ],
                [
                    0.44237724996417926,
                    -0.8968290632635241
                ],
                [
                    0.9046026660749357,
                    -0.42625581113941236
                ],
                [
                    0.9229867410881155,
                    -0.3848317499577446
                ],
                [
                    -0.2873947358493911,
                    0.9578122288873007
                ],
                [
                    -0.28838515808776205,
                    0.9575144910625095
                ],
                [
                    -0.30497293251652535,
                    0.9523610189588141
                ],
                [
                    -0.9550326189259244,
                    0.29650075343494486
                ],
                [
                    -0.9623548534224842,
                    0.2717961296527033
                ],
                [
                    -0.9715471210825787,
                    0.23684634579438443
                ]
            ]
        },
        {
            "Type": "F",
            "Centroid": {
                "x": 92043.05760714285,
                "y": 438816.5632142857
            },
            "Distances": [
                7.390729861657748,
                8.417811687262677,
                7.0185456289247306,
                8.467791187912573,
                7.551715313320705,
                4.89209133211433,
                4.883925429621858,
                5.0618949474380965,
                5.061154374435836,
                4.455431472031612,
                4.8389654327351215,
                4.571121044338123,
                4.9396243815183825,
                4.677833644109901
            ],
            "UnitPairs": [
                [
                    0.4368503405736886,
                    -0.8995342016514171
                ],
                [
                    0.4757344314569215,
                    -0.8795889669194127
                ],
                [
                    0.7589382670961589,
                    -0.651162580879061
                ],
                [
                    0.9023182891019619,
                    -0.43107041785781186
                ],
                [
                    0.9193464754821518,
                    -0.39344892682347643
                ],
                [
                    -0.21020808342402164,
                    0.9776566686026334
                ],
                [
                    -0.21117381043548183,
                    0.9774485264125978
                ],
                [
                    -0.23199950908636435,
                    0.9727159029149703
                ],
                [
                    -0.23223103977879445,
                    0.9726606521101077
                ],
                [
                    -0.9571142928845024,
                    0.28971059759042117
                ],
                [
                    -0.9622629480583186,
                    0.27212133101635655
                ],
                [
                    -0.9700808838434997,
                    0.24278195732264515
                ],
                [
                    -0.97160366298482,
                    0.23661428966670672
                ],
                [
                    -0.9789482677771845,
                    0.2041085226443277
                ]
            ]
        },
        {
            "Type": "R",
            "Centroid": {
                "x": 92041.28525,
                "y": 438818.679
            },
            "Distances": [
                0.0
            ],
            "UnitPairs": [
                [
                    0.0,
                    0.0
                ]
            ]
        }
    ]
}