{
    "Pand ID": "0599100000309459",
    "Archetype ID": "TI.1946",
    "Construction Year": 1919,
    "Number of Floors": 2,
    "Wall Area": 56.39,
    "Roof Area (Flat)": 18.69,
    "Roof Area (Sloped)": 22.89,
    "Floor Area": 34.57,
    "Shared Wall Area": 98.21,
    "Absolute Height (70%)": 5.6172404289245605,
    "Surfaces": [
        {
            "Type": "G",
            "Centroid": {
                "x": 94418.3633,
                "y": 433965.1951
            },
            "Distances": [
                4.455228237704631,
                4.471218027576402,
                2.8755265343952963,
                2.252517447229848,
                2.836646761591213,
                4.431980872026518,
                4.4464892499625135,
                2.8564216162740093,
                2.2531642305749346,
                2.872469329693103
            ],
            "UnitPairs": [
                [
                    -0.9813863099088651,
                    -0.19204403329304717
                ],
                [
                    -0.3203377672854763,
                    -0.9473033911321947
                ],
                [
                    0.045104782876810565,
                    -0.9989822613848736
                ],
                [
                    0.687097896577403,
                    -0.7265648494930845
                ],
                [
                    0.9802771489401628,
                    -0.19762770874992638
                ],
                [
                    0.983014170368433,
                    0.18352967295470612
                ],
                [
                    0.3120889137432945,
                    0.9500528984843583
                ],
                [
                    -0.059269961774585864,
                    0.9982419905169483
                ],
                [
                    -0.6219253709882265,
                    0.7830765179221993
                ],
                [
                    -0.9842750872144356,
                    0.17664244305663176
                ]
            ]
        },
        {
            "Type": "F",
            "Centroid": {
                "x": 94418.519,
                "y": 433964.99905555556
            },
            "Distances": [
                4.575783816016,
                4.340478439810108,
                2.676681834273234,
                2.003213495528297,
                2.6501935312533775,
                4.320576244717737,
                4.588916330306065,
                3.0647255410493917,
                3.0648202372216344
            ],
            "UnitPairs": [
                [
                    -0.9895572391678461,
                    -0.14414045376128856
                ],
                [
                    -0.3658582854457974,
                    -0.9306705727434715
                ],
                [
                    -0.009713519059179594,
                    -0.9999528226608928
                ],
                [
                    0.6948834974903384,
                    -0.7191223295904494
                ],
                [
                    0.9904937013254792,
                    -0.1375580882193131
                ],
                [
                    0.9723240054233513,
                    0.23363653069991183
                ],
                [
                    0.2684729708085322,
                    0.9632872177835856
                ],
                [
                    -0.10604538502992943,
                    0.9943612906352771
                ],
                [
                    -0.9733034139423601,
                    0.2295222525337072
                ]
            ]
        },
        {
            "Type": "R",
            "Centroid": {
                "x": 94416.962,
                "y": 433966.9595
            },
            "Distances": [
                0.0
            ],
            "UnitPairs": [
                [
                    0.0,
                    0.0
                ]
            ]
        }
    ]
}