{
    "Pand ID": "0599100000309098",
    "Archetype ID": "TI.1946",
    "Construction Year": 1921,
    "Number of Floors": 2,
    "Wall Area": 52.01,
    "Roof Area (Flat)": 0.0,
    "Roof Area (Sloped)": 55.32,
    "Floor Area": 35.66,
    "Shared Wall Area": 119.87,
    "Absolute Height (70%)": 6.953979969024658,
    "Surfaces": [
        {
            "Type": "G",
            "Centroid": {
                "x": 94299.83499999999,
                "y": 433906.39280000003
            },
            "Distances": [
                3.0433785650140095,
                2.8856089288120526,
                3.125337692181875,
                6.291135198864111,
                6.115967486021692,
                2.7666306746776055,
                2.622326770234388,
                2.1084794260280733,
                4.657361558839456,
                4.309624680853927
            ],
            "UnitPairs": [
                [
                    -0.9992184458930236,
                    -0.03952843770161694
                ],
                [
                    -0.9938976731621461,
                    -0.11030600746501443
                ],
                [
                    -0.14718409506356853,
                    -0.9891091153964351
                ],
                [
                    0.3223583559882591,
                    -0.9466177107600231
                ],
                [
                    0.8579182299440394,
                    -0.5137862500395336
                ],
                [
                    0.9961575374818159,
                    -0.08757945260256264
                ],
                [
                    0.1189783071838404,
                    0.9928968538673429
                ],
                [
                    -0.27745113031236285,
                    0.9607397515916537
                ],
                [
                    -0.27805442709089306,
                    0.9605653208268322
                ],
                [
                    -0.4858891794685027,
                    0.874020426120251
                ]
            ]
        },
        {
            "Type": "F",
            "Centroid": {
                "x": 94299.8861111111,
                "y": 433906.7362777778
            },
            "Distances": [
                3.1266980907378548,
                2.993185511500951,
                6.60171880447557,
                6.256828914223844,
                2.767590921049427,
                2.2752291106680196,
                4.344047735475582,
                1.798474061689388,
                4.039796042067587
            ],
            "UnitPairs": [
                [
                    -0.9889381773919748,
                    -0.14832828892911504
                ],
                [
                    -0.9752523189417113,
                    -0.22109480862022693
                ],
                [
                    0.2994506351215186,
                    -0.9541117948780002
                ],
                [
                    0.8304348672662646,
                    -0.557115725167098
                ],
                [
                    0.9773441834644494,
                    -0.21165620011757003
                ],
                [
                    0.11466488700864687,
                    0.9934042297510587
                ],
                [
                    -0.30987484325208625,
                    0.950777356440242
                ],
                [
                    -0.35369490428243683,
                    0.935360847312222
                ],
                [
                    -0.530994903894026,
                    0.8473750126352405
                ]
            ]
        },
        {
            "Type": "R",
            "Centroid": {
                "x": 94299.375,
                "y": 433903.3015
            },
            "Distances": [
                0.0
            ],
            "UnitPairs": [
                [
                    0.0,
                    0.0
                ]
            ]
        }
    ]
}