{
    "Pand ID": "0599100000178425",
    "Archetype ID": "TI.1946",
    "Construction Year": 1927,
    "Number of Floors": 3,
    "Wall Area": 120.38,
    "Roof Area (Flat)": 0.0,
    "Roof Area (Sloped)": 90.55,
    "Floor Area": 60.34,
    "Shared Wall Area": 205.83,
    "Absolute Height (70%)": 9.881595611572266,
    "Surfaces": [
        {
            "Type": "G",
            "Centroid": {
                "x": 92083.49712500001,
                "y": 439825.04240000003
            },
            "Distances": [
                3.7807207064317296,
                3.309004783933542,
                7.370179825501364,
                7.730230492038429,
                4.013305303599052,
                4.382168488305155,
                2.8672067696666543,
                3.492642074414413,
                3.846436982461081,
                3.4464780080556396
            ],
            "UnitPairs": [
                [
                    -0.9965031253412895,
                    -0.08355549763505928
                ],
                [
                    -0.02583858458476164,
                    -0.9996661280380845
                ],
                [
                    0.5011410966139747,
                    -0.8653655882253136
                ],
                [
                    0.9772671083713418,
                    -0.21201178952010255
                ],
                [
                    0.9380048900413445,
                    0.3466220221776527
                ],
                [
                    0.0055908393447030484,
                    0.9999843711355801
                ],
                [
                    -0.5460017800456646,
                    0.8377840152372004
                ],
                [
                    -0.6947462546411176,
                    0.719254921194245
                ],
                [
                    -0.9740182972167775,
                    0.22646932835801292
                ],
                [
                    -0.9997162297128478,
                    0.023821419956178654
                ]
            ]
        },
        {
            "Type": "F",
            "Centroid": {
                "x": 92083.07884722222,
                "y": 439824.88783333334
            },
            "Distances": [
                3.3531057153346424,
                3.1708440769647916,
                7.458994186321972,
                8.109773790828834,
                4.558222965705182,
                2.802260386142132,
                3.3382731471525475,
                3.482679323683847,
                3.036459368043278
            ],
            "UnitPairs": [
                [
                    -0.9988418220443327,
                    -0.04811459794238791
                ],
                [
                    0.10494927209007433,
                    -0.9944775765635762
                ],
                [
                    0.5512509696446203,
                    -0.8343394803470983
                ],
                [
                    0.9831072953975901,
                    -0.1830301771185164
                ],
                [
                    0.09713824468888403,
                    0.9952708985089248
                ],
                [
                    -0.40939172814940517,
                    0.9123587084709849
                ],
                [
                    -0.6015751658682357,
                    0.7988161990161471
                ],
                [
                    -0.9556499214800769,
                    0.2945050552624231
                ],
                [
                    -0.9969579221350732,
                    0.07794165440967658
                ]
            ]
        },
        {
            "Type": "R",
            "Centroid": {
                "x": 92087.26162500001,
                "y": 439826.4335
            },
            "Distances": [
                0.0
            ],
            "UnitPairs": [
                [
                    0.0,
                    0.0
                ]
            ]
        }
    ]
}