{
    "Pand ID": "0599100000206965",
    "Archetype ID": "TI.1946",
    "Construction Year": 1922,
    "Number of Floors": 3,
    "Wall Area": 46.57,
    "Roof Area (Flat)": 10.42,
    "Roof Area (Sloped)": 52.96,
    "Floor Area": 45.47,
    "Shared Wall Area": 120.67,
    "Absolute Height (70%)": 5.852947235107422,
    "Surfaces": [
        {
            "Type": "G",
            "Centroid": {
                "x": 94645.480725,
                "y": 433400.10130000004
            },
            "Distances": [
                4.41829864314948,
                3.7090751003521425,
                4.226938904251436,
                3.4676138914593477,
                2.5090529089846996,
                2.9899880434556745,
                6.266519169350826,
                6.379487259908747,
                3.2290430315677803,
                2.806656248981301
            ],
            "UnitPairs": [
                [
                    -0.9845645012567896,
                    -0.17502212107322015
                ],
                [
                    -0.8584619922352823,
                    -0.5128771859689512
                ],
                [
                    -0.20821214120451417,
                    -0.9780836898011496
                ],
                [
                    -0.06491495507917841,
                    -0.9978907999410899
                ],
                [
                    0.33474782337140085,
                    -0.942307749489576
                ],
                [
                    0.9986327559185569,
                    -0.05227445653957706
                ],
                [
                    0.9079841370032892,
                    0.41900454287560207
                ],
                [
                    0.3496989505770218,
                    0.9368621264440833
                ],
                [
                    -0.14961088944147374,
                    0.9887449528369443
                ],
                [
                    -0.9349559643983286,
                    0.3547637870978255
                ]
            ]
        },
        {
            "Type": "F",
            "Centroid": {
                "x": 94645.14895833335,
                "y": 433400.1186666667
            },
            "Distances": [
                4.095382345479165,
                3.4381572906956075,
                4.187720806788279,
                3.4793021171299445,
                2.6542680514247654,
                6.5623069283657065,
                6.486980362376178,
                3.1789374884482515,
                2.4923740133208185
            ],
            "UnitPairs": [
                [
                    -0.9811863690276654,
                    -0.19306296701932732
                ],
                [
                    -0.8296110655153255,
                    -0.5583417232972352
                ],
                [
                    -0.1309383692558243,
                    -0.9913905100698842
                ],
                [
                    0.03065748907924167,
                    -0.9995299487075693
                ],
                [
                    0.44142740822001436,
                    -0.8972969649297611
                ],
                [
                    0.9176142982011575,
                    0.3974720112621736
                ],
                [
                    0.39504769916186055,
                    0.9186606094673485
                ],
                [
                    -0.047605004468397744,
                    0.9988662390678562
                ],
                [
                    -0.9197388999780614,
                    0.3925307069098486
                ]
            ]
        },
        {
            "Type": "R",
            "Centroid": {
                "x": 94648.466625,
                "y": 433399.945
            },
            "Distances": [
                0.0
            ],
            "UnitPairs": [
                [
                    0.0,
                    0.0
                ]
            ]
        }
    ]
}