{
    "Pand ID": "0599100000309763",
    "Archetype ID": "TI.1946",
    "Construction Year": 1922,
    "Number of Floors": 2,
    "Wall Area": 44.26,
    "Roof Area (Flat)": 0.0,
    "Roof Area (Sloped)": 68.26,
    "Floor Area": 43.04,
    "Shared Wall Area": 73.15,
    "Absolute Height (70%)": 5.484928607940674,
    "Surfaces": [
        {
            "Type": "G",
            "Centroid": {
                "x": 93826.86969444445,
                "y": 434283.1123055556
            },
            "Distances": [
                5.880741908563226,
                5.129842336310813,
                2.4272123369082985,
                2.5034185861167666,
                2.2038966389258454,
                2.922492858173234,
                3.065336315699017,
                4.646983914979723,
                3.75123328690707
            ],
            "UnitPairs": [
                [
                    -0.9990991843892815,
                    -0.042436066649401596
                ],
                [
                    -0.3858684760045788,
                    -0.9225538028895138
                ],
                [
                    0.35124885556546115,
                    -0.9362821377469261
                ],
                [
                    0.9109765215456143,
                    -0.4124582126623893
                ],
                [
                    0.9989377526472389,
                    -0.04607999930646449
                ],
                [
                    0.9859923344173986,
                    0.16679063663805804
                ],
                [
                    0.9433077671603964,
                    0.33191935227531927
                ],
                [
                    -0.0530332036773676,
                    0.9985927494768401
                ],
                [
                    -0.8014549388161822,
                    0.5980551655551095
                ]
            ]
        },
        {
            "Type": "F",
            "Centroid": {
                "x": 93826.763125,
                "y": 434283.396375
            },
            "Distances": [
                5.793502775192638,
                5.354828396517113,
                2.7261451091662674,
                2.340117017649924,
                2.9950379640772273,
                3.086517844811932,
                4.358619983036847,
                3.4997750508166474
            ],
            "UnitPairs": [
                [
                    -0.995749069922984,
                    -0.0921074901813775
                ],
                [
                    -0.34975443867054384,
                    -0.9368414127429747
                ],
                [
                    0.8756412092599255,
                    -0.4829621855236861
                ],
                [
                    0.9863288812490348,
                    -0.1647887678636727
                ],
                [
                    0.9976918609524655,
                    0.06790398065803165
                ],
                [
                    0.9713616284617618,
                    0.23760594847796718
                ],
                [
                    -0.03209157956827049,
                    0.9994849326132003
                ],
                [
                    -0.828588968685738,
                    0.5598574112863964
                ]
            ]
        },
        {
            "Type": "R",
            "Centroid": {
                "x": 93827.72225,
                "y": 434280.83975000004
            },
            "Distances": [
                0.0
            ],
            "UnitPairs": [
                [
                    0.0,
                    0.0
                ]
            ]
        }
    ]
}