{
    "Pand ID": "0599100000310627",
    "Archetype ID": "TI.1946",
    "Construction Year": 1921,
    "Number of Floors": 2,
    "Wall Area": 43.58,
    "Roof Area (Flat)": 0.0,
    "Roof Area (Sloped)": 51.26,
    "Floor Area": 33.97,
    "Shared Wall Area": 116.52,
    "Absolute Height (70%)": 7.120189666748047,
    "Surfaces": [
        {
            "Type": "G",
            "Centroid": {
                "x": 93940.22558333333,
                "y": 433940.50074999995
            },
            "Distances": [
                4.430583232240263,
                4.450568627816974,
                2.211697035676634,
                4.407600569209832,
                4.4372096462114525,
                2.2128390010331707
            ],
            "UnitPairs": [
                [
                    -0.9787274284309971,
                    -0.2051648625784817
                ],
                [
                    -0.324977200508876,
                    -0.9457218508363936
                ],
                [
                    0.665401564014078,
                    -0.7464856050906934
                ],
                [
                    0.9811838887724064,
                    0.1930755717677876
                ],
                [
                    0.31453701265957523,
                    0.9492452094517992
                ],
                [
                    -0.6368892326490769,
                    0.7709553199347352
                ]
            ]
        },
        {
            "Type": "F",
            "Centroid": {
                "x": 93940.50744999999,
                "y": 433940.15955
            },
            "Distances": [
                4.652974111253493,
                4.236337106516476,
                1.7695197314487847,
                4.2149226184998625,
                4.687449272227089
            ],
            "UnitPairs": [
                [
                    -0.9925264765234283,
                    -0.12202947758631366
                ],
                [
                    -0.4079467607380362,
                    -0.9130057176181008
                ],
                [
                    0.6723858337726691,
                    -0.7402008447319096
                ],
                [
                    0.9591635163718616,
                    0.2828521678565773
                ],
                [
                    0.2376132381006576,
                    0.9713598453093067
                ]
            ]
        },
        {
            "Type": "R",
            "Centroid": {
                "x": 93938.81624999999,
                "y": 433942.20674999995
            },
            "Distances": [
                0.0
            ],
            "UnitPairs": [
                [
                    0.0,
                    0.0
                ]
            ]
        }
    ]
}