{
    "Pand ID": "0599100000214026",
    "Archetype ID": "TI.1946",
    "Construction Year": 1941,
    "Number of Floors": 2,
    "Wall Area": 54.42,
    "Roof Area (Flat)": 8.88,
    "Roof Area (Sloped)": 36.52,
    "Floor Area": 42.08,
    "Shared Wall Area": 111.05,
    "Absolute Height (70%)": 5.350000858306885,
    "Surfaces": [
        {
            "Type": "G",
            "Centroid": {
                "x": 94085.63075,
                "y": 432782.47929999995
            },
            "Distances": [
                5.658915593102364,
                5.280214417000022,
                3.6175034056019095,
                1.9856509486546756,
                4.27291611082107,
                4.172811988350666,
                4.249221186312154,
                4.798670825421558,
                2.8445467635790926,
                4.17279940686842
            ],
            "UnitPairs": [
                [
                    -0.9861430000472965,
                    -0.16589750889545551
                ],
                [
                    -0.4773480394818423,
                    -0.8787143160338527
                ],
                [
                    -0.3000688260085918,
                    -0.9539175539100985
                ],
                [
                    0.7430812555450146,
                    -0.6692012011776762
                ],
                [
                    0.9772014923071365,
                    0.2123140208104628
                ],
                [
                    0.9656557763094619,
                    0.2598247903495174
                ],
                [
                    0.9635883425405033,
                    0.2673901758106417
                ],
                [
                    0.24600562175433366,
                    0.9692684014581636
                ],
                [
                    -0.56335864135251,
                    0.8262124673553733
                ],
                [
                    -0.9984903643185034,
                    0.05492715506106719
                ]
            ]
        },
        {
            "Type": "F",
            "Centroid": {
                "x": 94085.90715,
                "y": 432782.70820000005
            },
            "Distances": [
                5.9721688606486385,
                5.614881058445818,
                3.9236416375965937,
                3.957659876735448,
                4.030007605446571,
                3.8493243173193235,
                3.9244210910608204,
                4.51377160474386,
                2.833757029057629,
                4.4429000101230685
            ],
            "UnitPairs": [
                [
                    -0.9806989950653773,
                    -0.1955236074691727
                ],
                [
                    -0.4981227511122668,
                    -0.8671065244964695
                ],
                [
                    -0.3471010162991696,
                    -0.9378277477682582
                ],
                [
                    0.9852034084372443,
                    0.17138915952777276
                ],
                [
                    0.9833976478485996,
                    0.18146367737330074
                ],
                [
                    0.9750022836775127,
                    0.22219483977724372
                ],
                [
                    0.9729078280363566,
                    0.23119333499385158
                ],
                [
                    0.20029812741290626,
                    0.9797349948607956
                ],
                [
                    -0.6630420253852521,
                    0.748582174896666
                ],
                [
                    -0.9999999977202916,
                    6.752345435594543e-05
                ]
            ]
        },
        {
            "Type": "R",
            "Centroid": {
                "x": 94087.10625,
                "y": 432781.1505
            },
            "Distances": [
                0.0
            ],
            "UnitPairs": [
                [
                    0.0,
                    0.0
                ]
            ]
        }
    ]
}