{
    "Pand ID": "0599100000057720",
    "Archetype ID": "TI.1946",
    "Construction Year": 1941,
    "Number of Floors": 3,
    "Wall Area": 60.43,
    "Roof Area (Flat)": 0.0,
    "Roof Area (Sloped)": 51.23,
    "Floor Area": 45.18,
    "Shared Wall Area": 116.27,
    "Absolute Height (70%)": 6.094825744628906,
    "Surfaces": [
        {
            "Type": "G",
            "Centroid": {
                "x": 94392.43622222223,
                "y": 433050.8176111111
            },
            "Distances": [
                4.500746117842376,
                4.791042470139575,
                5.094064253350404,
                2.868236712565466,
                3.503558691685906,
                5.434130213083343,
                5.14777773579275,
                3.1480195812507983,
                2.343266275845771
            ],
            "UnitPairs": [
                [
                    -0.9996614126676722,
                    -0.02602037707786431
                ],
                [
                    -0.996489230054873,
                    -0.08372105102449781
                ],
                [
                    -0.4173921090276987,
                    -0.9087264865301383
                ],
                [
                    0.3506606596878978,
                    -0.9365025903580023
                ],
                [
                    0.9298482099094794,
                    -0.3679433469002217
                ],
                [
                    0.9999351441168346,
                    0.011388922690282166
                ],
                [
                    0.5310597928041759,
                    0.8473343475079868
                ],
                [
                    0.2099026898382708,
                    0.9777222820405898
                ],
                [
                    -0.7221638614712566,
                    0.6917220230590637
                ]
            ]
        },
        {
            "Type": "F",
            "Centroid": {
                "x": 94392.088,
                "y": 433050.60216666665
            },
            "Distances": [
                4.47917675968149,
                4.429892562034362,
                4.758333473434351,
                2.817358652636011,
                3.7624454960889606,
                5.788647318474666,
                5.518215693889707,
                3.4444339802696673,
                4.152164549295578
            ],
            "UnitPairs": [
                [
                    -0.9997372821520936,
                    -0.022920878585807637
                ],
                [
                    -0.9991212965160893,
                    -0.04191222790557557
                ],
                [
                    -0.3736602341832978,
                    -0.927565646943699
                ],
                [
                    0.4805919894952806,
                    -0.8769443195739215
                ],
                [
                    0.9584191993606771,
                    -0.28536404520688763
                ],
                [
                    0.9988516628986044,
                    0.04790986876096374
                ],
                [
                    0.5585138695117629,
                    0.8294951823627414
                ],
                [
                    0.2929363738050001,
                    0.9561319369741695
                ],
                [
                    -0.9997195319974121,
                    0.023682426878911398
                ]
            ]
        },
        {
            "Type": "R",
            "Centroid": {
                "x": 94390.744,
                "y": 433052.4385
            },
            "Distances": [
                0.0
            ],
            "UnitPairs": [
                [
                    0.0,
                    0.0
                ]
            ]
        }
    ]
}