{
    "Pand ID": "0599100000323181",
    "Archetype ID": "TI.1946",
    "Construction Year": 1916,
    "Number of Floors": 3,
    "Wall Area": 92.82,
    "Roof Area (Flat)": 0.0,
    "Roof Area (Sloped)": 70.89,
    "Floor Area": 54.73,
    "Shared Wall Area": 209.64,
    "Absolute Height (70%)": 11.762285232543945,
    "Surfaces": [
        {
            "Type": "G",
            "Centroid": {
                "x": 91758.413875,
                "y": 434445.73124999995
            },
            "Distances": [
                6.319673854304411,
                6.33988155449642,
                6.3242558949586645,
                6.312136177647406
            ],
            "UnitPairs": [
                [
                    0.38415748280253253,
                    -0.9232675822354113
                ],
                [
                    0.9159082784259696,
                    -0.40138762500951203
                ],
                [
                    -0.38933434081306256,
                    0.9210965047505381
                ],
                [
                    -0.914468547183008,
                    0.40465698586951226
                ]
            ]
        },
        {
            "Type": "F",
            "Centroid": {
                "x": 91758.39180681818,
                "y": 434446.0850454545
            },
            "Distances": [
                4.583650060338069,
                6.655802278216621,
                3.9426121778414673,
                6.509737870974529,
                4.178239153216926,
                4.4568576744669,
                5.990934997867895,
                5.78345421824214,
                5.621674213878321,
                5.590183552354263,
                5.963665640854132
            ],
            "UnitPairs": [
                [
                    0.1766753943167987,
                    -0.9842691730634479
                ],
                [
                    0.36807255976303993,
                    -0.9297970696606241
                ],
                [
                    0.5145873066644162,
                    -0.8574379883232736
                ],
                [
                    0.8953998298165093,
                    -0.44526300628343934
                ],
                [
                    0.9094305142634344,
                    -0.41585591221785645
                ],
                [
                    0.9557895927935521,
                    -0.2940514484023773
                ],
                [
                    -0.4073123509181765,
                    0.9132889185736944
                ],
                [
                    -0.5071678113971991,
                    0.8618473246942147
                ],
                [
                    -0.6505502949913388,
                    0.7594631746745077
                ],
                [
                    -0.8130648619330774,
                    0.5821731102427748
                ],
                [
                    -0.9392179500811383,
                    0.3433214852661924
                ]
            ]
        },
        {
            "Type": "R",
            "Centroid": {
                "x": 91753.846625,
                "y": 434449.3395
            },
            "Distances": [
                0.0
            ],
            "UnitPairs": [
                [
                    0.0,
                    0.0
                ]
            ]
        }
    ]
}