{
    "Pand ID": "0599100000293687",
    "Archetype ID": "TI.1946",
    "Construction Year": 1931,
    "Number of Floors": 2,
    "Wall Area": 63.73,
    "Roof Area (Flat)": 0.0,
    "Roof Area (Sloped)": 53.05,
    "Floor Area": 48.71,
    "Shared Wall Area": 121.61,
    "Absolute Height (70%)": 5.085574150085449,
    "Surfaces": [
        {
            "Type": "G",
            "Centroid": {
                "x": 95022.4274375,
                "y": 433183.7270833333
            },
            "Distances": [
                6.856533375066205,
                4.004120971786085,
                2.7342257752737202,
                3.9155136645177984,
                3.657188003146205,
                4.0894476306285545,
                2.880616645266613,
                4.681442504594438,
                3.7330170671397007,
                2.4393718638821515,
                3.8356771358288255,
                6.755439629670018
            ],
            "UnitPairs": [
                [
                    -0.8384338973525051,
                    -0.5450033025315435
                ],
                [
                    -0.611307704547257,
                    -0.7913930062624785
                ],
                [
                    0.03191031289384806,
                    -0.9994907362907455
                ],
                [
                    0.8293292472559421,
                    -0.5587602344887228
                ],
                [
                    0.8695888746405666,
                    -0.49377645660901354
                ],
                [
                    0.9495781217319667,
                    0.31353052599067666
                ],
                [
                    0.9280131059437383,
                    0.3725475475649464
                ],
                [
                    0.7637069122391571,
                    0.6455631279728826
                ],
                [
                    0.6520864909602107,
                    0.758144582719681
                ],
                [
                    -0.36802506960150155,
                    0.9298158678710586
                ],
                [
                    -0.87539953992244,
                    0.48340008843977295
                ],
                [
                    -0.9812462790541929,
                    0.19275824195686436
                ]
            ]
        },
        {
            "Type": "F",
            "Centroid": {
                "x": 95022.88018749999,
                "y": 433183.837
            },
            "Distances": [
                7.297676877778659,
                2.8661503471643233,
                3.6178564527528754,
                3.202214282762674,
                3.3330698031562687,
                3.625258654563311,
                2.4204278160051147,
                4.269801671335693,
                3.3654275081020213,
                2.54595626678258,
                4.1907419763572245,
                7.181163019470494
            ],
            "UnitPairs": [
                [
                    -0.849790981958179,
                    -0.5271198032540172
                ],
                [
                    -0.12752296834216864,
                    -0.9918356177034591
                ],
                [
                    0.7724187060798912,
                    -0.6351136453406325
                ],
                [
                    0.7908590045481999,
                    -0.6119983945444876
                ],
                [
                    0.8183146951874,
                    -0.5747704408199439
                ],
                [
                    0.9462773078821854,
                    0.32335623789752954
                ],
                [
                    0.9173998023519941,
                    0.39796683611140554
                ],
                [
                    0.731298603627047,
                    0.6820574406405455
                ],
                [
                    0.588781067260741,
                    0.8082925552269444
                ],
                [
                    -0.5304490173716107,
                    0.8477168394985986
                ],
                [
                    -0.9092661923568411,
                    0.41621507833918286
                ],
                [
                    -0.9861216046461284,
                    0.16602463928629618
                ]
            ]
        },
        {
            "Type": "R",
            "Centroid": {
                "x": 95019.9796875,
                "y": 433180.55825
            },
            "Distances": [
                0.0
            ],
            "UnitPairs": [
                [
                    0.0,
                    0.0
                ]
            ]
        }
    ]
}