{
    "Pand ID": "0599100000057398",
    "Archetype ID": "TI.1946",
    "Construction Year": 1931,
    "Number of Floors": 4,
    "Wall Area": 103.43,
    "Roof Area (Flat)": 0.0,
    "Roof Area (Sloped)": 107.35,
    "Floor Area": 82.6,
    "Shared Wall Area": 230.28,
    "Absolute Height (70%)": 4.9208550453186035,
    "Surfaces": [
        {
            "Type": "G",
            "Centroid": {
                "x": 94701.51447115386,
                "y": 441292.1450384616
            },
            "Distances": [
                7.978069118067963,
                7.271910208680632,
                6.276241379409478,
                6.794644129948156,
                2.808145584080953,
                3.036241845502316,
                4.1147392110483345,
                5.2519426667623845,
                7.217939595578927,
                7.579386762616154,
                5.738014612879597,
                3.7421813884724275,
                3.528300387046782
            ],
            "UnitPairs": [
                [
                    -0.9028307535648222,
                    -0.42999608186305055
                ],
                [
                    -0.5670925569098625,
                    -0.8236540729562589
                ],
                [
                    -0.5550847941077759,
                    -0.8317937673187555
                ],
                [
                    -0.2816698148204314,
                    -0.9595113941058876
                ],
                [
                    0.5153414603360981,
                    -0.8569849352577079
                ],
                [
                    0.9854794177815,
                    -0.16979492668815507
                ],
                [
                    0.9823596682104104,
                    0.18700128949697747
                ],
                [
                    0.936444694506442,
                    0.35081524215851373
                ],
                [
                    0.8722923990656685,
                    0.4889846322045926
                ],
                [
                    0.2160008319161009,
                    0.9763931793143336
                ],
                [
                    0.0477785200347954,
                    0.9988579543775404
                ],
                [
                    -0.4464898892923686,
                    0.894788678269729
                ],
                [
                    -0.9103097246635937,
                    0.4139277777377258
                ]
            ]
        },
        {
            "Type": "F",
            "Centroid": {
                "x": 94701.39191071429,
                "y": 441292.85357142857
            },
            "Distances": [
                8.20136318465858,
                7.802207907308104,
                6.815579920877051,
                7.446725527795634,
                3.3466096192752066,
                4.165159945599111,
                5.166681189644306,
                7.011243191250018,
                3.8600811725244295,
                6.9194293386510966,
                5.038570596739503,
                2.807030958361448,
                3.0604593634801507,
                3.1794783850592228
            ],
            "UnitPairs": [
                [
                    -0.8633059596151941,
                    -0.5046809091821176
                ],
                [
                    -0.5128401808593958,
                    -0.8584840993845502
                ],
                [
                    -0.49317677340867233,
                    -0.8699291178999649
                ],
                [
                    -0.24054676214316525,
                    -0.9706375509027246
                ],
                [
                    0.9307073845072957,
                    -0.3657646298148425
                ],
                [
                    0.999893002935304,
                    0.014628146875794916
                ],
                [
                    0.9756193774483318,
                    0.21946942918622925
                ],
                [
                    0.9154887529393172,
                    0.4023435636885644
                ],
                [
                    0.34085145542380096,
                    0.9401171657487575
                ],
                [
                    0.2543149441360078,
                    0.9671214552418425
                ],
                [
                    0.07873548223602714,
                    0.9968955430921839
                ],
                [
                    -0.4771182556075744,
                    0.8788391036850747
                ],
                [
                    -0.5058997785604556,
                    0.8625922640810558
                ],
                [
                    -0.9716328718593661,
                    0.2364943177379122
                ]
            ]
        },
        {
            "Type": "R",
            "Centroid": {
                "x": 94702.961625,
                "y": 441289.73850000004
            },
            "Distances": [
                0.0
            ],
            "UnitPairs": [
                [
                    0.0,
                    0.0
                ]
            ]
        }
    ]
}