{
    "Pand ID": "0599100000054394",
    "Archetype ID": "TI.1946",
    "Construction Year": 1906,
    "Number of Floors": 3,
    "Wall Area": 164.18,
    "Roof Area (Flat)": 12.79,
    "Roof Area (Sloped)": 73.01,
    "Floor Area": 85.05,
    "Shared Wall Area": 351.16,
    "Absolute Height (70%)": 10.89218807220459,
    "Surfaces": [
        {
            "Type": "G",
            "Centroid": {
                "x": 94748.68375000001,
                "y": 437486.3373333333
            },
            "Distances": [
                6.665882431483216,
                5.224282479311312,
                7.196389980839796,
                9.260566249218678,
                8.968289724918405,
                9.033807148154645,
                7.953634730317222,
                4.689491684319029,
                7.527708964699129,
                5.880213198294531,
                7.115653876522434,
                5.8765417061387595
            ],
            "UnitPairs": [
                [
                    -0.9966047358759199,
                    -0.08233468545933581
                ],
                [
                    -0.9716645338599645,
                    -0.23636419703224507
                ],
                [
                    0.6464004886304319,
                    -0.7629983016352914
                ],
                [
                    0.7240108023151993,
                    -0.6897886329383092
                ],
                [
                    0.9884549085610654,
                    -0.15151532510454416
                ],
                [
                    0.9921343076072131,
                    -0.12517793603009986
                ],
                [
                    0.9962426322878376,
                    -0.08660610609073972
                ],
                [
                    -0.5751689482745429,
                    0.8180346453181284
                ],
                [
                    -0.7403647014166992,
                    0.6722054067739724
                ],
                [
                    -0.9018805647301847,
                    0.4319854707764637
                ],
                [
                    -0.9067683886776463,
                    0.4216290897162396
                ],
                [
                    -0.9124839519821782,
                    0.40911249965625057
                ]
            ]
        },
        {
            "Type": "F",
            "Centroid": {
                "x": 94749.32243333333,
                "y": 437486.1627
            },
            "Distances": [
                7.291541586736265,
                5.812442433649939,
                6.660832268652395,
                8.683376016528317,
                5.84819070406708,
                8.310866527898174,
                8.37880685486669,
                7.146145882764635,
                7.303190944902696,
                5.216796703377648,
                8.123499663164065,
                6.532741444285772,
                7.769214283152112,
                6.531570279125174,
                4.740293610222184
            ],
            "UnitPairs": [
                [
                    -0.9986822740719318,
                    -0.051319737475117894
                ],
                [
                    -0.98322407465938,
                    -0.18240180648832952
                ],
                [
                    0.6024872725819792,
                    -0.7981284898916513
                ],
                [
                    0.698583898142829,
                    -0.7155281526645682
                ],
                [
                    0.8544636998906322,
                    -0.5195111024503821
                ],
                [
                    0.9897965078678955,
                    -0.14248815042844476
                ],
                [
                    0.9934668277778759,
                    -0.11412126053003532
                ],
                [
                    0.9950911698871576,
                    -0.09896243536114073
                ],
                [
                    0.9975183069461272,
                    -0.07040757989969586
                ],
                [
                    -0.6394600984116727,
                    0.7688242858672805
                ],
                [
                    -0.7646868456821394,
                    0.6444020701710229
                ],
                [
                    -0.9095619938445249,
                    0.4155682607629854
                ],
                [
                    -0.912696326152655,
                    0.4086384908784862
                ],
                [
                    -0.9187581357744973,
                    0.3948208301852504
                ],
                [
                    -0.9374806074765833,
                    0.34803751321565396
                ]
            ]
        },
        {
            "Type": "R",
            "Centroid": {
                "x": 94756.6075,
                "y": 437485.6485
            },
            "Distances": [
                0.0
            ],
            "UnitPairs": [
                [
                    0.0,
                    0.0
                ]
            ]
        }
    ]
}