{
    "Pand ID": "0599100000150881",
    "Archetype ID": "TI.1946",
    "Construction Year": 1917,
    "Number of Floors": 4,
    "Wall Area": 71.68,
    "Roof Area (Flat)": 0.0,
    "Roof Area (Sloped)": 74.61,
    "Floor Area": 47.74,
    "Shared Wall Area": 159.41,
    "Absolute Height (70%)": 7.511003017425537,
    "Surfaces": [
        {
            "Type": "G",
            "Centroid": {
                "x": 94561.2829,
                "y": 433653.23999999993
            },
            "Distances": [
                3.514911984628556,
                7.171474176140603,
                7.405178124748032,
                3.944233900240648,
                2.8426056110554887,
                7.442255885195766,
                1.219386837758656,
                1.0854403069977712,
                7.6811454003236825,
                2.4050925679104007
            ],
            "UnitPairs": [
                [
                    -0.755324745432907,
                    -0.6553506915665187
                ],
                [
                    -0.5252615999838327,
                    -0.8509408038062484
                ],
                [
                    0.07820203514987814,
                    -0.996937531492529
                ],
                [
                    0.43078074043588827,
                    -0.9024566214890929
                ],
                [
                    0.9945452823282226,
                    0.10430571124668066
                ],
                [
                    0.26968973265150525,
                    0.9629472717144795
                ],
                [
                    0.20100266167429626,
                    0.9795906951374377
                ],
                [
                    0.1907981476866721,
                    0.9816292919627729
                ],
                [
                    0.03477345969600362,
                    0.9993952203711856
                ],
                [
                    -0.5862144429740997,
                    0.8101559274908541
                ]
            ]
        },
        {
            "Type": "F",
            "Centroid": {
                "x": 94561.57788888889,
                "y": 433653.4959444444
            },
            "Distances": [
                7.5451147836058166,
                7.643726359152839,
                4.065605037485919,
                2.532435869297642,
                7.11948751974985,
                7.420607963235314,
                0.9398805414349407,
                0.8143123813104141,
                2.402371834719523
            ],
            "UnitPairs": [
                [
                    -0.5383468648762627,
                    -0.8427233550091625
                ],
                [
                    0.03716918918467947,
                    -0.999308986938151
                ],
                [
                    0.34536338335090416,
                    -0.9384690370174269
                ],
                [
                    0.9998717605488102,
                    0.01601444526115829
                ],
                [
                    0.24048235303028012,
                    0.9706535107240997
                ],
                [
                    -0.0037583024226929647,
                    0.9999929375565106
                ],
                [
                    -0.053080031646491284,
                    0.9985902614387983
                ],
                [
                    -0.10793018858723534,
                    0.9941584754914701
                ],
                [
                    -0.7096690296825636,
                    0.7045352143856322
                ]
            ]
        },
        {
            "Type": "R",
            "Centroid": {
                "x": 94558.628,
                "y": 433650.9365
            },
            "Distances": [
                0.0
            ],
            "UnitPairs": [
                [
                    0.0,
                    0.0
                ]
            ]
        }
    ]
}