{
    "Pand ID": "0599100000310651",
    "Archetype ID": "TI.1946",
    "Construction Year": 1921,
    "Number of Floors": 2,
    "Wall Area": 55.68,
    "Roof Area (Flat)": 0.0,
    "Roof Area (Sloped)": 58.8,
    "Floor Area": 40.18,
    "Shared Wall Area": 93.53,
    "Absolute Height (70%)": 5.848280906677246,
    "Surfaces": [
        {
            "Type": "G",
            "Centroid": {
                "x": 94001.7095576923,
                "y": 433921.26036538463
            },
            "Distances": [
                7.018944727573015,
                6.466945695388695,
                3.026032171678174,
                1.5194458543047964,
                1.782156993729834,
                2.155052224141088,
                2.8834628774724225,
                4.130241259055725,
                3.9114237340545124,
                1.504703373627167,
                1.4822055072211848,
                3.500282539764151,
                3.7607589879722108
            ],
            "UnitPairs": [
                [
                    -0.9702751562562416,
                    -0.2420043825056191
                ],
                [
                    -0.5598172402899547,
                    -0.8286161098326167
                ],
                [
                    -0.31635740731934553,
                    -0.9486400744403443
                ],
                [
                    0.41902928353547503,
                    -0.9079727196010607
                ],
                [
                    0.9817834870069176,
                    -0.19000311744952403
                ],
                [
                    0.9998329894559499,
                    0.018275480720856344
                ],
                [
                    0.9740691755214339,
                    0.2262503951355537
                ],
                [
                    0.9252951747839765,
                    0.3792477284328678
                ],
                [
                    0.7234430478761705,
                    0.6903840644739977
                ],
                [
                    0.6630491598485091,
                    0.7485758556246562
                ],
                [
                    0.661643950801529,
                    0.7498181662028093
                ],
                [
                    -0.28377928953452397,
                    0.9588896259900201
                ],
                [
                    -0.9568035877354883,
                    0.290735093334977
                ]
            ]
        },
        {
            "Type": "F",
            "Centroid": {
                "x": 94001.05619117648,
                "y": 433921.22933823534
            },
            "Distances": [
                2.1690208273621145,
                6.3787753662665,
                2.2068202963001857,
                6.098027250659529,
                2.8558083942820893,
                1.8662641818901295,
                2.4226642837553984,
                2.8089414684068403,
                3.5288670898265253,
                4.75161823170307,
                1.9938036209051346,
                2.016332619318899,
                4.426320028690106,
                3.404426305141767,
                3.1522976302147727,
                2.13424644287188,
                2.249228272119887
            ],
            "UnitPairs": [
                [
                    -0.9999632779550959,
                    -0.008569874053883954
                ],
                [
                    -0.9652230754260139,
                    -0.2614276470940813
                ],
                [
                    -0.8976449871309491,
                    -0.4407192724157614
                ],
                [
                    -0.48654114757460837,
                    -0.8736576627700252
                ],
                [
                    -0.10642912076496719,
                    -0.9943202915827455
                ],
                [
                    0.6912519867439727,
                    -0.7226137909163584
                ],
                [
                    0.9919074795593281,
                    -0.12696279767814303
                ],
                [
                    0.999685773128522,
                    0.0250670102810313
                ],
                [
                    0.9810680695533915,
                    0.19366322031501398
                ],
                [
                    0.9417967953865672,
                    0.3361826827776712
                ],
                [
                    0.8195685905997951,
                    0.5729810863390392
                ],
                [
                    0.8188424904234327,
                    0.5740182713791875
                ],
                [
                    0.7868971969816472,
                    0.6170841120807007
                ],
                [
                    -0.09985270527682458,
                    0.9950022297708179
                ],
                [
                    -0.9342205343342754,
                    0.3566959394613021
                ],
                [
                    -0.9909545280217341,
                    0.1341980752217489
                ],
                [
                    -0.9909804194212797,
                    0.13400674730633777
                ]
            ]
        },
        {
            "Type": "R",
            "Centroid": {
                "x": 93998.94125,
                "y": 433921.51575
            },
            "Distances": [
                0.0
            ],
            "UnitPairs": [
                [
                    0.0,
                    0.0
                ]
            ]
        }
    ]
}