{
    "Pand ID": "0599100000273687",
    "Archetype ID": "TI.1946",
    "Construction Year": 1938,
    "Number of Floors": 4,
    "Wall Area": 101.62,
    "Roof Area (Flat)": 0.0,
    "Roof Area (Sloped)": 104.94,
    "Floor Area": 88.08,
    "Shared Wall Area": 248.98,
    "Absolute Height (70%)": 4.9614715576171875,
    "Surfaces": [
        {
            "Type": "G",
            "Centroid": {
                "x": 93849.078975,
                "y": 441844.69850000006
            },
            "Distances": [
                4.241265810189797,
                5.756191134139039,
                6.26205843736046,
                5.453637581733273,
                5.83719495761446,
                6.459405976800043,
                7.054101847390692,
                6.441578135331785,
                5.496578315003099,
                4.114872728671867,
                2.9486864656304346,
                4.657277678242872,
                5.9832860262500285,
                7.59386903837042,
                9.27225338696377,
                9.173817448097454,
                7.643933573217559,
                6.414703934861408,
                4.7253021249568175,
                3.0808078765657005
            ],
            "UnitPairs": [
                [
                    -0.9671287260872765,
                    -0.25428729259796246
                ],
                [
                    -0.8760741056859057,
                    -0.4821764836101411
                ],
                [
                    -0.8508144811001235,
                    -0.5254661918242958
                ],
                [
                    -0.575368266220927,
                    -0.8178944664355693
                ],
                [
                    -0.5689119558482015,
                    -0.8223984353663217
                ],
                [
                    -0.5602450152531966,
                    -0.8283269420246727
                ],
                [
                    -0.06207026911073486,
                    -0.9980717818336119
                ],
                [
                    -0.01829520616208705,
                    -0.9998326287091689
                ],
                [
                    0.07152631645953253,
                    -0.9974387129311408
                ],
                [
                    0.2967649501013174,
                    -0.954950555993012
                ],
                [
                    0.9333477913230227,
                    -0.35897339794535654
                ],
                [
                    0.9205270323544961,
                    0.3906788741468173
                ],
                [
                    0.8420372982153177,
                    0.5394193066754732
                ],
                [
                    0.7741969173141026,
                    0.6329448105651397
                ],
                [
                    0.7249747951724829,
                    0.6887753961667159
                ],
                [
                    0.1647242283330069,
                    0.986339661881289
                ],
                [
                    0.09342702852651602,
                    0.99562612980009
                ],
                [
                    0.007973867620194369,
                    0.9999682082122289
                ],
                [
                    -0.19826245501853323,
                    0.9801489677237967
                ],
                [
                    -0.8201907101105956,
                    0.57209020184607
                ]
            ]
        },
        {
            "Type": "F",
            "Centroid": {
                "x": 93849.21196710525,
                "y": 441844.6057368421
            },
            "Distances": [
                4.348052987066249,
                5.8297871712723595,
                6.328215973700075,
                5.456696179843297,
                5.838819355188407,
                6.4591110753267795,
                6.971148250905028,
                6.3526911445870375,
                5.396011986365529,
                3.988061834970913,
                2.7915292808344803,
                4.573158448988944,
                5.923235721290436,
                7.551232352524207,
                9.241095867464777,
                9.244566582841683,
                7.725154223625642,
                6.507777803265075,
                4.843885270681738
            ],
            "UnitPairs": [
                [
                    -0.9739628559854944,
                    -0.22670764248383643
                ],
                [
                    -0.8878269400221153,
                    -0.4601774924645569
                ],
                [
                    -0.8629354825988166,
                    -0.5053141130741823
                ],
                [
                    -0.599418035648453,
                    -0.80043614269931
                ],
                [
                    -0.5915309063616643,
                    -0.8062823245110536
                ],
                [
                    -0.5808604406237184,
                    -0.8140031624744584
                ],
                [
                    -0.08188638151267076,
                    -0.9966416710747957
                ],
                [
                    -0.039485959499502454,
                    -0.9992201253990052
                ],
                [
                    0.048212994227579554,
                    -0.9988370773993182
                ],
                [
                    0.2728538171606837,
                    -0.9620555048752873
                ],
                [
                    0.9382519870844339,
                    -0.34595261052940673
                ],
                [
                    0.9083782993937692,
                    0.4181493336004301
                ],
                [
                    0.8281213386644481,
                    0.5605488814087514
                ],
                [
                    0.7609563083858295,
                    0.6488031263240109
                ],
                [
                    0.7130277609116699,
                    0.7011358015172885
                ],
                [
                    0.14907761033499659,
                    0.9888254983043303
                ],
                [
                    0.07522929354206621,
                    0.9971662616600913
                ],
                [
                    -0.01257604480788171,
                    0.9999209184215471
                ],
                [
                    -0.22086446013214167,
                    0.9753045115503862
                ]
            ]
        },
        {
            "Type": "R",
            "Centroid": {
                "x": 93846.552125,
                "y": 441846.461
            },
            "Distances": [
                0.0
            ],
            "UnitPairs": [
                [
                    0.0,
                    0.0
                ]
            ]
        }
    ]
}