{
    "Pand ID": "0599100100007084",
    "Archetype ID": "TI.1946",
    "Construction Year": 1927,
    "Number of Floors": 4,
    "Wall Area": 137.71,
    "Roof Area (Flat)": 5.91,
    "Roof Area (Sloped)": 74.17,
    "Floor Area": 59.99,
    "Shared Wall Area": 291.77,
    "Absolute Height (70%)": 16.787139892578125,
    "Surfaces": [
        {
            "Type": "G",
            "Centroid": {
                "x": 90145.10725,
                "y": 436589.01425
            },
            "Distances": [
                7.089030156689547,
                7.068449268580937,
                7.085676859867984,
                7.0790417828074785
            ],
            "UnitPairs": [
                [
                    -0.9995725569468773,
                    -0.029235310818967943
                ],
                [
                    -0.7435860116244623,
                    -0.6686402944157831
                ],
                [
                    0.9996222153617496,
                    0.02748502419988077
                ],
                [
                    0.7428971549197162,
                    0.6694055700486746
                ]
            ]
        },
        {
            "Type": "F",
            "Centroid": {
                "x": 90144.87711666667,
                "y": 436588.6726666667
            },
            "Distances": [
                3.947239346966257,
                5.910123145555432,
                6.095799154242132,
                4.3002012583606435,
                1.3256043133778017,
                2.212555354271076,
                1.4383308366149612,
                7.332773867743101,
                3.4105869380736222,
                3.3861889978080257,
                7.479329617622814,
                3.5202421311877203,
                4.120910465187699,
                4.801794032317034,
                5.581068559172289
            ],
            "UnitPairs": [
                [
                    -0.948730577875581,
                    -0.3160858911812836
                ],
                [
                    -0.768489345282436,
                    -0.6398625838313824
                ],
                [
                    -0.7313014346218455,
                    -0.6820544052493397
                ],
                [
                    -0.6850532079013681,
                    -0.7284930352062708
                ],
                [
                    0.21132500136472668,
                    -0.9774158499831063
                ],
                [
                    0.33632303567203775,
                    -0.9417466833901489
                ],
                [
                    0.9720526722671812,
                    -0.23476286405271146
                ],
                [
                    0.9973215409655494,
                    0.07314194368556406
                ],
                [
                    0.9362415887095586,
                    0.3513569233281189
                ],
                [
                    0.8972131606658545,
                    0.4415977177567695
                ],
                [
                    0.7339071299121118,
                    0.6792498249275936
                ],
                [
                    0.7264083656861252,
                    0.6872633310902108
                ],
                [
                    0.46497815216302657,
                    0.8853221549306544
                ],
                [
                    -0.9781482993761185,
                    0.2079084039369438
                ],
                [
                    -0.9929759163339076,
                    0.11831664963493727
                ]
            ]
        },
        {
            "Type": "R",
            "Centroid": {
                "x": 90147.91525,
                "y": 436590.168
            },
            "Distances": [
                0.0
            ],
            "UnitPairs": [
                [
                    0.0,
                    0.0
                ]
            ]
        }
    ]
}