{
    "Pand ID": "0599100000147573",
    "Archetype ID": "TI.1946",
    "Construction Year": 1933,
    "Number of Floors": 2,
    "Wall Area": 76.4,
    "Roof Area (Flat)": 7.45,
    "Roof Area (Sloped)": 46.51,
    "Floor Area": 48.48,
    "Shared Wall Area": 119.77,
    "Absolute Height (70%)": 6.4080915451049805,
    "Surfaces": [
        {
            "Type": "G",
            "Centroid": {
                "x": 95384.94514583335,
                "y": 433473.09233333333
            },
            "Distances": [
                3.235208409284532,
                4.507826706754539,
                3.2404309823584314,
                5.038243538324039,
                2.5547336034761154,
                3.8059834407630535,
                7.137398250388563,
                7.397774188990646,
                4.269260878799587,
                3.11969041487162,
                0.8677047989256708,
                1.3184016022248284
            ],
            "UnitPairs": [
                [
                    -0.9969476229395126,
                    -0.07807328041817867
                ],
                [
                    -0.9814781315160034,
                    -0.19157420848291384
                ],
                [
                    -0.9768247960134421,
                    -0.21404045854299894
                ],
                [
                    -0.8227735125974728,
                    -0.5683693754663567
                ],
                [
                    -0.33558619661219774,
                    -0.9420095034782607
                ],
                [
                    0.8777407255314466,
                    -0.4791359084263355
                ],
                [
                    0.9829445437316053,
                    -0.1839022130053532
                ],
                [
                    0.8508865647753414,
                    0.5253494588222383
                ],
                [
                    0.6098635666870769,
                    0.792506422704395
                ],
                [
                    -0.40206981031377365,
                    0.9156090146095363
                ],
                [
                    -0.9961145016321992,
                    0.08806758562624166
                ],
                [
                    -0.9999482184479324,
                    0.010176464160311779
                ]
            ]
        },
        {
            "Type": "F",
            "Centroid": {
                "x": 95384.51035096154,
                "y": 433473.09174999996
            },
            "Distances": [
                2.8018938069360666,
                0.9768294382770939,
                4.081811624267714,
                2.817106545706803,
                4.68666882490345,
                1.767610724815388,
                2.442821064115234,
                7.565098884752408,
                7.7713847928132544,
                4.547934093727216,
                2.9722200944825405,
                0.4363854832019705,
                0.8836493722156237
            ],
            "UnitPairs": [
                [
                    -0.9959472606121778,
                    -0.08993916877033509
                ],
                [
                    -0.9915123598776547,
                    -0.13001246174826472
                ],
                [
                    -0.9773940663548337,
                    -0.21142572940482612
                ],
                [
                    -0.9692705679496743,
                    -0.24599708556508507
                ],
                [
                    -0.7917219244990916,
                    -0.6108816532418162
                ],
                [
                    -0.26789748154738485,
                    -0.9634474242949476
                ],
                [
                    -0.1729715154945371,
                    -0.984926827143785
                ],
                [
                    0.9848465501860679,
                    -0.17342800404375555
                ],
                [
                    0.8659282377425294,
                    0.5001682587691041
                ],
                [
                    0.668097091085617,
                    0.7440741071176559
                ],
                [
                    -0.2757327638893702,
                    0.9612343329895832
                ],
                [
                    -0.9843096942364977,
                    0.1764494993816996
                ],
                [
                    -0.9998744856484613,
                    0.015843388186399163
                ]
            ]
        },
        {
            "Type": "R",
            "Centroid": {
                "x": 95388.2858125,
                "y": 433471.26875
            },
            "Distances": [
                0.0
            ],
            "UnitPairs": [
                [
                    0.0,
                    0.0
                ]
            ]
        }
    ]
}