{
    "Pand ID": "0599100000016066",
    "Archetype ID": "TI.1946",
    "Construction Year": 1933,
    "Number of Floors": 3,
    "Wall Area": 75.48,
    "Roof Area (Flat)": 0.0,
    "Roof Area (Sloped)": 82.14,
    "Floor Area": 60.11,
    "Shared Wall Area": 174.55,
    "Absolute Height (70%)": 4.759187698364258,
    "Surfaces": [
        {
            "Type": "G",
            "Centroid": {
                "x": 92305.4601125,
                "y": 441784.85539999994
            },
            "Distances": [
                3.8789244449939106,
                2.8121826131855285,
                2.9246494576038584,
                3.981991668709581,
                4.803399801140343,
                4.115066323828453,
                3.6019176906240435,
                7.682231254668642,
                7.681869671542389,
                3.636451051528285
            ],
            "UnitPairs": [
                [
                    -0.9976476868464683,
                    -0.06854993019610611
                ],
                [
                    -0.8572700750990621,
                    -0.5148669909206148
                ],
                [
                    -0.8499480146354087,
                    -0.5268665603521703
                ],
                [
                    -0.798545116250463,
                    -0.6019349610319493
                ],
                [
                    -0.05200483206618551,
                    -0.998646833190677
                ],
                [
                    0.07683958777775929,
                    -0.99704346833533
                ],
                [
                    0.9998007476347109,
                    -0.019961588841403494
                ],
                [
                    0.8733400203124836,
                    0.4871110847851757
                ],
                [
                    0.30203584533556344,
                    0.9532965688244301
                ],
                [
                    -0.20646503675026914,
                    0.978453978784751
                ]
            ]
        },
        {
            "Type": "F",
            "Centroid": {
                "x": 92305.05997916666,
                "y": 441784.8633888888
            },
            "Distances": [
                3.4804600128621748,
                2.4824167460544437,
                2.597895732007872,
                3.675600270062699,
                4.807240096484881,
                4.172833677579137,
                8.03033039388382,
                7.804554055998084,
                3.567387841617304
            ],
            "UnitPairs": [
                [
                    -0.996898873664562,
                    -0.07869330140696702
                ],
                [
                    -0.8099633834045166,
                    -0.5864804494131992
                ],
                [
                    -0.8028292440510687,
                    -0.596209027855491
                ],
                [
                    -0.7562483573892829,
                    -0.6542846643059972
                ],
                [
                    0.03127227480242149,
                    -0.9995109028063085
                ],
                [
                    0.1716659202578724,
                    -0.9851552221969988
                ],
                [
                    0.8853101908180231,
                    0.46500093121815955
                ],
                [
                    0.34855717749239035,
                    0.937287519397617
                ],
                [
                    -0.09829788131245573,
                    0.9951570361151462
                ]
            ]
        },
        {
            "Type": "R",
            "Centroid": {
                "x": 92309.06131250001,
                "y": 441784.78349999996
            },
            "Distances": [
                0.0
            ],
            "UnitPairs": [
                [
                    0.0,
                    0.0
                ]
            ]
        }
    ]
}