{
    "Pand ID": "0599100000211162",
    "Archetype ID": "TI.1946",
    "Construction Year": 1928,
    "Number of Floors": 3,
    "Wall Area": 98.73,
    "Roof Area (Flat)": 23.36,
    "Roof Area (Sloped)": 95.76,
    "Floor Area": 84.44,
    "Shared Wall Area": 190.37,
    "Absolute Height (70%)": 4.166797637939453,
    "Surfaces": [
        {
            "Type": "G",
            "Centroid": {
                "x": 94001.37358653847,
                "y": 441741.1933076923
            },
            "Distances": [
                8.003281298228865,
                6.968316941708939,
                6.0731346360665945,
                6.1490980076475035,
                6.3884273494940444,
                2.7736610768397787,
                4.385267100016565,
                6.914507435585549,
                6.859576265217356,
                7.0154760461359125,
                7.709481205705099,
                5.730461150723409,
                4.00518542737456
            ],
            "UnitPairs": [
                [
                    -0.9350491704092403,
                    -0.3545180516094937
                ],
                [
                    -0.6147053261634658,
                    -0.7887568459203805
                ],
                [
                    -0.6112924808911835,
                    -0.7914047654682793
                ],
                [
                    -0.5050271657081279,
                    -0.8631034479694859
                ],
                [
                    -0.2959197052803503,
                    -0.955212818185974
                ],
                [
                    0.3722655482907859,
                    -0.9281262638002227
                ],
                [
                    0.9583312408781101,
                    0.2856592948899471
                ],
                [
                    0.8683971371025618,
                    0.4958693500026741
                ],
                [
                    0.8563996133872078,
                    0.5163135696359732
                ],
                [
                    0.8521928408310644,
                    0.523227829952001
                ],
                [
                    0.16117017843106368,
                    0.9869266302945214
                ],
                [
                    -0.058365553776344184,
                    0.9982952780276889
                ],
                [
                    -0.8802242998204817,
                    0.4745578805641551
                ]
            ]
        },
        {
            "Type": "F",
            "Centroid": {
                "x": 94001.44898214287,
                "y": 441741.754047619
            },
            "Distances": [
                8.287523690915897,
                7.462403195419601,
                6.569099015817054,
                6.674716100499382,
                7.094115550990899,
                6.946999199590203,
                3.2779026865288774,
                1.2901913197947674,
                4.184746857428355,
                2.4078756738512523,
                6.586340856634369,
                6.740535020017426,
                6.520439783866923,
                6.672248451892655,
                7.143938354525633,
                5.1762043479361335,
                4.828903298927974,
                3.4916996030614946,
                2.6349949894127,
                3.8420885656939077,
                3.451415378948087
            ],
            "UnitPairs": [
                [
                    -0.912076685965007,
                    -0.41001965674719765
                ],
                [
                    -0.5841090368241451,
                    -0.8116752017281109
                ],
                [
                    -0.576617452979975,
                    -0.8170142672676446
                ],
                [
                    -0.47655317394429697,
                    -0.8791456491410377
                ],
                [
                    -0.2914890697803323,
                    -0.9565741592780963
                ],
                [
                    -0.282979324798186,
                    -0.9591260093109575
                ],
                [
                    0.2919985578186177,
                    -0.9564187588247354
                ],
                [
                    0.9867860972203282,
                    -0.16202838742847833
                ],
                [
                    0.9862347706429021,
                    0.16535107249407932
                ],
                [
                    0.9722856053371756,
                    0.23379628237874558
                ],
                [
                    0.9002180400606085,
                    0.43543941065254604
                ],
                [
                    0.895647428462191,
                    0.4447647511764668
                ],
                [
                    0.8893790985501109,
                    0.4571704485880428
                ],
                [
                    0.8847306720807122,
                    0.46610260445486823
                ],
                [
                    0.16337526994317905,
                    0.9865639975039598
                ],
                [
                    -0.07918102055332966,
                    0.9968602539895616
                ],
                [
                    -0.1130395680074914,
                    0.9935904871045614
                ],
                [
                    -0.314991914510672,
                    0.9490943545258825
                ],
                [
                    -0.5840076163507119,
                    0.8117481777277727
                ],
                [
                    -0.937213466399621,
                    0.34875624496087004
                ],
                [
                    -0.9905667001778345,
                    0.13703142887234313
                ]
            ]
        },
        {
            "Type": "R",
            "Centroid": {
                "x": 93997.848125,
                "y": 441743.094
            },
            "Distances": [
                0.0
            ],
            "UnitPairs": [
                [
                    0.0,
                    0.0
                ]
            ]
        }
    ]
}