{
    "Pand ID": "0599100000602419",
    "Archetype ID": "TI.1946",
    "Construction Year": 1911,
    "Number of Floors": 3,
    "Wall Area": 91.2,
    "Roof Area (Flat)": 0.0,
    "Roof Area (Sloped)": 63.74,
    "Floor Area": 47.11,
    "Shared Wall Area": 163.03,
    "Absolute Height (70%)": 8.531365394592285,
    "Surfaces": [
        {
            "Type": "G",
            "Centroid": {
                "x": 94652.343125,
                "y": 437588.09212499997
            },
            "Distances": [
                3.6896419245400494,
                4.586836004397619,
                4.0762537066708555,
                4.722463767069312,
                3.8631240960218105,
                6.404405478381332,
                5.962995286027945,
                6.4230870522923365
            ],
            "UnitPairs": [
                [
                    0.5031314794143452,
                    -0.8642098786882342
                ],
                [
                    0.6203350190145073,
                    -0.7843369583184711
                ],
                [
                    0.8263408615840253,
                    -0.5631702943840087
                ],
                [
                    0.9864289552590858,
                    0.16418866046858596
                ],
                [
                    0.9521762461089668,
                    0.3055493353712887
                ],
                [
                    -0.7024266366633061,
                    0.7117561521377077
                ],
                [
                    -0.9206153512924734,
                    0.39047070948361284
                ],
                [
                    -0.9993053103203638,
                    0.037267905300960545
                ]
            ]
        },
        {
            "Type": "F",
            "Centroid": {
                "x": 94652.0196,
                "y": 437588.2585
            },
            "Distances": [
                4.000998501659039,
                4.920327551110038,
                4.437518406726507,
                3.3040777245799138,
                5.018984818664494,
                4.128365246675188,
                6.059795706952382,
                6.388092141626334,
                6.327357348057827,
                6.095537138765412
            ],
            "UnitPairs": [
                [
                    0.5448389943407648,
                    -0.8385406789451207
                ],
                [
                    0.6440424884496364,
                    -0.7649897208927712
                ],
                [
                    0.8319740137661137,
                    -0.554814600040322
                ],
                [
                    0.9312432262443904,
                    -0.3643982074241571
                ],
                [
                    0.9926110916837755,
                    0.12133927915701281
                ],
                [
                    0.9693667495205022,
                    0.24561780253893603
                ],
                [
                    -0.6889836228666228,
                    0.7247769087254251
                ],
                [
                    -0.7053905767319592,
                    0.708818830349303
                ],
                [
                    -0.9996432399923357,
                    0.02670941290304812
                ],
                [
                    -0.9999282854407173,
                    0.011975974932643867
                ]
            ]
        },
        {
            "Type": "R",
            "Centroid": {
                "x": 94646.8535,
                "y": 437590.42049999995
            },
            "Distances": [
                0.0
            ],
            "UnitPairs": [
                [
                    0.0,
                    0.0
                ]
            ]
        }
    ]
}