{
    "Pand ID": "0599100000046267",
    "Archetype ID": "TI.1946",
    "Construction Year": 1941,
    "Number of Floors": 2,
    "Wall Area": 54.64,
    "Roof Area (Flat)": 0.0,
    "Roof Area (Sloped)": 44.55,
    "Floor Area": 37.65,
    "Shared Wall Area": 111.7,
    "Absolute Height (70%)": 6.609620571136475,
    "Surfaces": [
        {
            "Type": "G",
            "Centroid": {
                "x": 96073.13643055555,
                "y": 434160.55302777776
            },
            "Distances": [
                3.969368074842474,
                2.9338418351272,
                2.8654690564799363,
                2.4998236209482463,
                5.538457218235482,
                5.72160638110135,
                2.888018375276184,
                3.3403372122238313,
                4.237486889153981
            ],
            "UnitPairs": [
                [
                    -0.7395523670776303,
                    -0.6730990241783701
                ],
                [
                    -0.5694088670871656,
                    -0.8220544641825812
                ],
                [
                    -0.550191094186005,
                    -0.835038777469889
                ],
                [
                    0.800634263826193,
                    -0.5991533823550442
                ],
                [
                    0.9936782442483637,
                    -0.11226551967318082
                ],
                [
                    0.7818511352377286,
                    0.623465157268211
                ],
                [
                    0.3387943971646683,
                    0.9408604340973368
                ],
                [
                    -0.8434943469896342,
                    0.5371380517115972
                ],
                [
                    -0.9337033149701196,
                    0.3580476499208023
                ]
            ]
        },
        {
            "Type": "F",
            "Centroid": {
                "x": 96072.463775,
                "y": 434160.6178499999
            },
            "Distances": [
                3.5510133722233816,
                2.670084637177012,
                2.618555512073624,
                3.0971809068656864,
                6.214147630213123,
                6.224881602919959,
                2.755253231599006,
                2.6905591928437533,
                2.7759331710688944,
                3.5907471325843003
            ],
            "UnitPairs": [
                [
                    -0.6372547109234558,
                    -0.7706532510836912
                ],
                [
                    -0.37373347125698747,
                    -0.9275361407849306
                ],
                [
                    -0.3451903142104669,
                    -0.9385327095926275
                ],
                [
                    0.8633980643739596,
                    -0.5045233219934435
                ],
                [
                    0.9938772567911592,
                    -0.11048981144558105
                ],
                [
                    0.8266984544066169,
                    0.5626452394552991
                ],
                [
                    -0.778476539070979,
                    0.6276737035403589
                ],
                [
                    -0.7871597865717178,
                    0.6167491146360631
                ],
                [
                    -0.8231105935158102,
                    0.5678811062555706
                ],
                [
                    -0.9145450455686758,
                    0.40448406597267667
                ]
            ]
        },
        {
            "Type": "R",
            "Centroid": {
                "x": 96074.114875,
                "y": 434163.27025
            },
            "Distances": [
                0.0
            ],
            "UnitPairs": [
                [
                    0.0,
                    0.0
                ]
            ]
        }
    ]
}