{
    "Pand ID": "0599100000308700",
    "Archetype ID": "TI.1946",
    "Construction Year": 1922,
    "Number of Floors": 2,
    "Wall Area": 50.49,
    "Roof Area (Flat)": 0.0,
    "Roof Area (Sloped)": 67.2,
    "Floor Area": 42.51,
    "Shared Wall Area": 75.06,
    "Absolute Height (70%)": 5.62027645111084,
    "Surfaces": [
        {
            "Type": "G",
            "Centroid": {
                "x": 93849.17925,
                "y": 434206.8679722222
            },
            "Distances": [
                3.085748053457598,
                2.892816552248976,
                2.031256820698434,
                2.5208792214999827,
                2.496216368936082,
                5.046002878454845,
                5.766614580139978,
                3.7497280115296827,
                4.661963266001647
            ],
            "UnitPairs": [
                [
                    -0.9624894672373729,
                    -0.27131904735406603
                ],
                [
                    -0.8987780431443156,
                    -0.438403956599019
                ],
                [
                    -0.7527359339373234,
                    -0.6583225757632086
                ],
                [
                    -0.4363556931344354,
                    -0.8997742545045209
                ],
                [
                    0.28563229088481035,
                    -0.9583392898154051
                ],
                [
                    0.8525559940452061,
                    -0.5226358933498451
                ],
                [
                    0.8160767352499835,
                    0.5779435631475865
                ],
                [
                    0.3018885627216451,
                    0.9533432203030865
                ],
                [
                    -0.5692880549595598,
                    0.8221381334546897
                ]
            ]
        },
        {
            "Type": "F",
            "Centroid": {
                "x": 93849.090125,
                "y": 434207.16699999996
            },
            "Distances": [
                3.0968540211152074,
                2.9598590892215455,
                2.179576582286948,
                2.7591014530011577,
                5.282380413024058,
                5.674227949966349,
                3.495952563795944,
                4.366459988150921
            ],
            "UnitPairs": [
                [
                    -0.9302585722026154,
                    -0.3669046045548504
                ],
                [
                    -0.8483089648256152,
                    -0.5295015582569071
                ],
                [
                    -0.6606214306475914,
                    -0.7507192054084734
                ],
                [
                    -0.3663783362904828,
                    -0.9304659664367192
                ],
                [
                    0.8312776923767239,
                    -0.5558573541447741
                ],
                [
                    0.8450709140144129,
                    0.5346542343298563
                ],
                [
                    0.3492967875600921,
                    0.9370121419705296
                ],
                [
                    -0.5874037565800636,
                    0.8092940298529512
                ]
            ]
        },
        {
            "Type": "R",
            "Centroid": {
                "x": 93849.89225,
                "y": 434204.47575
            },
            "Distances": [
                0.0
            ],
            "UnitPairs": [
                [
                    0.0,
                    0.0
                ]
            ]
        }
    ]
}