{
    "Pand ID": "0599100000068153",
    "Archetype ID": "TI.1946",
    "Construction Year": 1941,
    "Number of Floors": 3,
    "Wall Area": 54.8,
    "Roof Area (Flat)": 0.0,
    "Roof Area (Sloped)": 37.16,
    "Floor Area": 31.35,
    "Shared Wall Area": 82.2,
    "Absolute Height (70%)": 5.477915287017822,
    "Surfaces": [
        {
            "Type": "G",
            "Centroid": {
                "x": 94309.72016666667,
                "y": 432974.98033333337
            },
            "Distances": [
                4.049786174051342,
                4.05119456320986,
                2.4830792823146948,
                3.980887847650261,
                3.987666576102672,
                2.4841120590883845
            ],
            "UnitPairs": [
                [
                    -0.9998470271365532,
                    -0.017490635385728613
                ],
                [
                    -0.24194509825867194,
                    -0.9702899409086965
                ],
                [
                    0.6519458902786689,
                    -0.7582654918620219
                ],
                [
                    0.9999863059906579,
                    -0.0052333384333938015
                ],
                [
                    0.220889414026672,
                    0.9752988602325717
                ],
                [
                    -0.5841792286932337,
                    0.8116246846685842
                ]
            ]
        },
        {
            "Type": "F",
            "Centroid": {
                "x": 94310.0104,
                "y": 432974.5771
            },
            "Distances": [
                3.7493836719904,
                1.9885658450023578,
                3.710358219904707,
                4.332840421743476,
                4.352112374466469
            ],
            "UnitPairs": [
                [
                    -0.33882902128273373,
                    -0.9408479655802975
                ],
                [
                    0.6681196920620117,
                    -0.7440538132950887
                ],
                [
                    0.9946748484291925,
                    0.10306282502611198
                ],
                [
                    0.13630781254534474,
                    0.9906665333194128
                ],
                [
                    -0.9970790334955644,
                    0.07637670432501781
                ]
            ]
        },
        {
            "Type": "R",
            "Centroid": {
                "x": 94308.269,
                "y": 432976.9965
            },
            "Distances": [
                0.0
            ],
            "UnitPairs": [
                [
                    0.0,
                    0.0
                ]
            ]
        }
    ]
}