{
    "Pand ID": "0599100000115176",
    "Archetype ID": "TI.1946",
    "Construction Year": 1918,
    "Number of Floors": 4,
    "Wall Area": 152.52,
    "Roof Area (Flat)": 0.0,
    "Roof Area (Sloped)": 77.62,
    "Floor Area": 57.88,
    "Shared Wall Area": 221.49,
    "Absolute Height (70%)": 12.184477806091309,
    "Surfaces": [
        {
            "Type": "G",
            "Centroid": {
                "x": 89367.1007857143,
                "y": 436823.57260714285
            },
            "Distances": [
                6.333151277381075,
                3.47728984607141,
                4.7866762359382715,
                3.357850539376029,
                4.638425775359247,
                3.27873818748017,
                6.231850696386837
            ],
            "UnitPairs": [
                [
                    -0.5708509959646675,
                    -0.8210536769335773
                ],
                [
                    0.4675233752927853,
                    -0.8839807088137396
                ],
                [
                    0.9120554786919108,
                    -0.4100668284414985
                ],
                [
                    0.8450984498653376,
                    0.534610708866932
                ],
                [
                    0.39554675973382325,
                    0.9184458399187582
                ],
                [
                    -0.2751929744588592,
                    0.9613890090949062
                ],
                [
                    -0.986269731695293,
                    0.16514241230433455
                ]
            ]
        },
        {
            "Type": "F",
            "Centroid": {
                "x": 89367.20490000001,
                "y": 436824.74885
            },
            "Distances": [
                6.252130722406256,
                7.38163854235204,
                5.292937121277964,
                2.501934125836469,
                2.802785430595692,
                1.0297707366160902,
                3.5362997002728447,
                1.580254400404388,
                2.2174358547822046,
                1.605070144900076
            ],
            "UnitPairs": [
                [
                    -0.9997231787883759,
                    -0.023527978945606792
                ],
                [
                    -0.5038718678328352,
                    -0.8637784095511127
                ],
                [
                    0.8051484274895461,
                    -0.5930733594683807
                ],
                [
                    0.9842785125989719,
                    0.1766233552958257
                ],
                [
                    0.9753154737254738,
                    0.2208160472240522
                ],
                [
                    0.8250380106869495,
                    0.5650772344748292
                ],
                [
                    0.48938159847192675,
                    0.8720697512682467
                ],
                [
                    -0.18186945084761366,
                    0.9833226850064976
                ],
                [
                    -0.4538575480449429,
                    0.8910742539668803
                ],
                [
                    -0.4824711259317249,
                    0.8759118749293069
                ]
            ]
        },
        {
            "Type": "R",
            "Centroid": {
                "x": 89368.7265,
                "y": 436820.49874999997
            },
            "Distances": [
                0.0
            ],
            "UnitPairs": [
                [
                    0.0,
                    0.0
                ]
            ]
        }
    ]
}