{
    "Pand ID": "0599100000046388",
    "Archetype ID": "TI.1946",
    "Construction Year": 1933,
    "Number of Floors": 3,
    "Wall Area": 127.6,
    "Roof Area (Flat)": 3.11,
    "Roof Area (Sloped)": 58.4,
    "Floor Area": 54.97,
    "Shared Wall Area": 163.72,
    "Absolute Height (70%)": 10.200688362121582,
    "Surfaces": [
        {
            "Type": "G",
            "Centroid": {
                "x": 86537.6785,
                "y": 434030.18824999995
            },
            "Distances": [
                3.873233161698438,
                5.195078115358201,
                4.591164735076043,
                4.648324173806259,
                5.152504791331468,
                3.094984592017483,
                3.5060614120521176,
                6.182348269470018,
                5.822379721846332,
                6.085866998660952,
                4.123471732097465,
                2.757955334134287
            ],
            "UnitPairs": [
                [
                    -0.9243569520687223,
                    -0.3815287999119094
                ],
                [
                    -0.8117779764531479,
                    -0.5839661950366927
                ],
                [
                    -0.6312668281876335,
                    -0.775565723604341
                ],
                [
                    -0.039207678548974,
                    -0.9992310833549968
                ],
                [
                    0.17307116365917793,
                    -0.9849093218716422
                ],
                [
                    0.6829597812718721,
                    -0.7304559789371817
                ],
                [
                    0.9765231117266158,
                    0.2154126557650862
                ],
                [
                    0.7752313184394749,
                    0.6316774516401497
                ],
                [
                    0.6874766317594863,
                    0.726206500098031
                ],
                [
                    -0.08022686005170755,
                    0.9967766304073565
                ],
                [
                    -0.33497258857240364,
                    0.9422278731310719
                ],
                [
                    -0.8982197678606987,
                    0.43954663987371423
                ]
            ]
        },
        {
            "Type": "F",
            "Centroid": {
                "x": 86538.194125,
                "y": 434030.0566875
            },
            "Distances": [
                4.311428162541075,
                3.9711226908376034,
                5.5518283520518645,
                4.838788012055007,
                4.566825037797041,
                4.9574764422825925,
                1.8347321468531912,
                2.6622251831396073,
                1.3039892353094236,
                3.040333439907317,
                2.3893485358380575,
                5.881296916970405,
                3.823989628095485,
                5.582831342687737,
                6.278586210350211,
                4.4421748531506715
            ],
            "UnitPairs": [
                [
                    -0.9500042319121088,
                    -0.3122370243085915
                ],
                [
                    -0.8541350303346427,
                    -0.520051295503856
                ],
                [
                    -0.8524894322880715,
                    -0.5227444574906189
                ],
                [
                    -0.7055227448471164,
                    -0.7086872769447683
                ],
                [
                    -0.15281404350333158,
                    -0.9882549610845178
                ],
                [
                    0.07587025462939892,
                    -0.9971176983999782
                ],
                [
                    0.3358119609214902,
                    -0.9419290455772471
                ],
                [
                    0.600296702970625,
                    -0.7997773867787193
                ],
                [
                    0.9494902001316735,
                    -0.3137966855368529
                ],
                [
                    0.9565151512099932,
                    0.29168264519118037
                ],
                [
                    0.8484007124068399,
                    0.5293545420486788
                ],
                [
                    0.7272418074407466,
                    0.6863813470005693
                ],
                [
                    0.7074090839886515,
                    0.7068043490884426
                ],
                [
                    0.6246158599376294,
                    0.7809321529520832
                ],
                [
                    -0.15988870206799038,
                    0.9871350479802719
                ],
                [
                    -0.4270149336108274,
                    0.9042445722664532
                ]
            ]
        },
        {
            "Type": "R",
            "Centroid": {
                "x": 86535.20125,
                "y": 434031.4005
            },
            "Distances": [
                0.0
            ],
            "UnitPairs": [
                [
                    0.0,
                    0.0
                ]
            ]
        }
    ]
}