{
    "Pand ID": "0599100000227549",
    "Archetype ID": "TI.1946",
    "Construction Year": 1934,
    "Number of Floors": 2,
    "Wall Area": 74.13,
    "Roof Area (Flat)": 22.06,
    "Roof Area (Sloped)": 31.67,
    "Floor Area": 49.76,
    "Shared Wall Area": 132.34,
    "Absolute Height (70%)": 6.313390731811523,
    "Surfaces": [
        {
            "Type": "G",
            "Centroid": {
                "x": 85940.50197727272,
                "y": 433773.94786363636
            },
            "Distances": [
                3.0694924406338915,
                5.113190200352445,
                4.587212555034557,
                5.100706112199255,
                3.094345609665801,
                2.2631248965818984,
                3.118493623414303,
                6.906626529978131,
                6.912329473640235,
                3.1181526330526075,
                2.434899349656013
            ],
            "UnitPairs": [
                [
                    -0.6811312662176644,
                    -0.7321613197791326
                ],
                [
                    -0.37388150994246483,
                    -0.9274764776117734
                ],
                [
                    0.09292630811379056,
                    -0.9956729891185865
                ],
                [
                    0.5037092258901378,
                    -0.8638732637101105
                ],
                [
                    0.7705256710250986,
                    -0.6374089662777905
                ],
                [
                    0.9952047855048708,
                    -0.09781326550220167
                ],
                [
                    0.6597007965063971,
                    0.7515283488257947
                ],
                [
                    0.25037878040264455,
                    0.9681479568351546
                ],
                [
                    -0.39215828514353307,
                    0.9198977548582686
                ],
                [
                    -0.7686369317928551,
                    0.63968528753135
                ],
                [
                    -0.9481818100835069,
                    0.31772827231262346
                ]
            ]
        },
        {
            "Type": "F",
            "Centroid": {
                "x": 85940.18751666667,
                "y": 433773.67329999997
            },
            "Distances": [
                1.4825395928698264,
                2.6546305036900106,
                2.277239874144,
                4.744733674753415,
                4.3562389409972715,
                1.9778394047420484,
                5.038619769092651,
                3.188367363443924,
                2.567284605260676,
                3.5327171192317732,
                7.255008709713429,
                7.052760890485631,
                3.0797894589304287,
                2.0418387573768797,
                2.2529586720253354
            ],
            "UnitPairs": [
                [
                    -0.9660899941955812,
                    -0.2582055830441744
                ],
                [
                    -0.6691201145368985,
                    -0.7431542722222135
                ],
                [
                    -0.45505380370457965,
                    -0.8904639440954326
                ],
                [
                    -0.33663989934303096,
                    -0.9416334627498716
                ],
                [
                    0.17003964735582697,
                    -0.9854372219107141
                ],
                [
                    0.3062601199385974,
                    -0.9519478656602975
                ],
                [
                    0.5723260467103252,
                    -0.8200261558370749
                ],
                [
                    0.8464311121314992,
                    -0.5324982370072536
                ],
                [
                    0.9997852704239655,
                    0.02072228373703553
                ],
                [
                    0.6713623687578478,
                    0.7411292531103137
                ],
                [
                    0.28169963884240573,
                    0.9595026385977571
                ],
                [
                    -0.3397629246030696,
                    0.9405111137382529
                ],
                [
                    -0.6761068230301059,
                    0.7368036128115395
                ],
                [
                    -0.7817790023367651,
                    0.6235556041808398
                ],
                [
                    -0.8851767639762806,
                    0.46525487264130827
                ]
            ]
        },
        {
            "Type": "R",
            "Centroid": {
                "x": 85938.10525,
                "y": 433775.9425
            },
            "Distances": [
                0.0
            ],
            "UnitPairs": [
                [
                    0.0,
                    0.0
                ]
            ]
        }
    ]
}