{
    "Pand ID": "0599100000237939",
    "Archetype ID": "TI.1946",
    "Construction Year": 1922,
    "Number of Floors": 3,
    "Wall Area": 124.43,
    "Roof Area (Flat)": 7.54,
    "Roof Area (Sloped)": 48.86,
    "Floor Area": 46.97,
    "Shared Wall Area": 70.74,
    "Absolute Height (70%)": 6.200943470001221,
    "Surfaces": [
        {
            "Type": "G",
            "Centroid": {
                "x": 94658.83518750001,
                "y": 433351.63612499996
            },
            "Distances": [
                7.0217928277213115,
                6.580128210420766,
                6.952069243423578,
                4.283370228601917,
                3.2619957105248383,
                2.7061758563429126,
                2.755441800439565,
                1.6252814419879094,
                5.293947937552738,
                5.4920073530218145,
                5.337238355714928,
                1.651110388695557,
                1.5392181507968132,
                5.983504764394082,
                3.0666100609113527,
                3.3993496827596625
            ],
            "UnitPairs": [
                [
                    -0.9076741733022363,
                    -0.4196755831831321
                ],
                [
                    -0.6243799313052256,
                    -0.7811207982017133
                ],
                [
                    -0.41476859608726824,
                    -0.9099269265714673
                ],
                [
                    -0.1929555363850358,
                    -0.9812075014890393
                ],
                [
                    0.026210948017246542,
                    -0.999656434083249
                ],
                [
                    0.2643952344518441,
                    -0.9644144129984549
                ],
                [
                    0.9786089474200867,
                    -0.2057292590502138
                ],
                [
                    0.9355302784599386,
                    0.3532465117799037
                ],
                [
                    0.6311924558781528,
                    0.7756262525485494
                ],
                [
                    0.5880363576396787,
                    0.808834496107739
                ],
                [
                    0.5841035742117279,
                    0.8116791327815965
                ],
                [
                    0.47028957319209397,
                    0.8825121627189044
                ],
                [
                    0.4518527796996076,
                    0.8920925206937551
                ],
                [
                    0.33199605886838984,
                    0.943280773097733
                ],
                [
                    -0.18766650750348612,
                    0.9822328043602718
                ],
                [
                    -0.9994558715854857,
                    0.032984250079350796
                ]
            ]
        },
        {
            "Type": "F",
            "Centroid": {
                "x": 94659.07005592105,
                "y": 433351.61235526315
            },
            "Distances": [
                7.226000108479296,
                6.711138674240057,
                7.031411832440017,
                4.311777327927447,
                3.2405495537039486,
                2.424388732379695,
                2.234827566540078,
                2.6303891626136755,
                2.5208318780502945,
                1.4178598919374297,
                5.329970231912786,
                5.16789998978512,
                5.37699117481127,
                5.223349861754111,
                1.5768367033025865,
                1.4708828496476865,
                5.9323893951676325,
                3.1421893372140266,
                3.63490958976348
            ],
            "UnitPairs": [
                [
                    -0.91452647686673,
                    -0.4045260475046399
                ],
                [
                    -0.647188000706689,
                    -0.762330434746822
                ],
                [
                    -0.44349107908230934,
                    -0.8962787863016779
                ],
                [
                    -0.24615566628771463,
                    -0.9692303069727295
                ],
                [
                    -0.04609354634706649,
                    -0.9989371276437526
                ],
                [
                    0.09636721035602515,
                    -0.9953458498271832
                ],
                [
                    0.13586353752585997,
                    -0.9907275605185106
                ],
                [
                    0.18272261222497602,
                    -0.9831645065713475
                ],
                [
                    0.976515570274652,
                    -0.21544684033694056
                ],
                [
                    0.9067409172547412,
                    0.42168816556316907
                ],
                [
                    0.6042494495876246,
                    0.7967952074862479
                ],
                [
                    0.6011400346544827,
                    0.7991437034323723
                ],
                [
                    0.5569344418836106,
                    0.8305564565059929
                ],
                [
                    0.5518741143600708,
                    0.8339274320342793
                ],
                [
                    0.34349249850259433,
                    0.9391554202965797
                ],
                [
                    0.31316673456849153,
                    0.9496981606593264
                ],
                [
                    0.29526577948191246,
                    0.9554151555564411
                ],
                [
                    -0.25789929698171954,
                    0.9661718028468513
                ],
                [
                    -0.9993008990596169,
                    0.037386001907683215
                ]
            ]
        },
        {
            "Type": "R",
            "Centroid": {
                "x": 94655.4376875,
                "y": 433351.74825
            },
            "Distances": [
                0.0
            ],
            "UnitPairs": [
                [
                    0.0,
                    0.0
                ]
            ]
        }
    ]
}