{
    "Pand ID": "0599100000152360",
    "Archetype ID": "TI.1946",
    "Construction Year": 1927,
    "Number of Floors": 3,
    "Wall Area": 106.93,
    "Roof Area (Flat)": 49.72,
    "Roof Area (Sloped)": 12.21,
    "Floor Area": 57.59,
    "Shared Wall Area": 185.48,
    "Absolute Height (70%)": 7.731161117553711,
    "Surfaces": [
        {
            "Type": "G",
            "Centroid": {
                "x": 92431.21090384613,
                "y": 439996.83134615386
            },
            "Distances": [
                3.546135422117994,
                3.897241653904818,
                3.530803837585121,
                3.7518836460317564,
                3.4961708792110753,
                3.3930966752211438,
                3.1336381610401056,
                4.254362517703223,
                3.895635720002712,
                7.08885652392261,
                7.60545527699824,
                7.445040706666179,
                6.8076724227945435
            ],
            "UnitPairs": [
                [
                    -0.897922235649736,
                    -0.44015413064718617
                ],
                [
                    -0.8547465469082435,
                    -0.5190456054610557
                ],
                [
                    -0.781735257213733,
                    -0.623610445413624
                ],
                [
                    -0.6559781907815433,
                    -0.7547798442055624
                ],
                [
                    -0.509744491249008,
                    -0.8603258415514962
                ],
                [
                    -0.10909027404068816,
                    -0.9940318466275251
                ],
                [
                    0.08292155651180448,
                    -0.9965560774315009
                ],
                [
                    0.500626391143415,
                    -0.8656634545195497
                ],
                [
                    0.5908781824851714,
                    -0.806760790732309
                ],
                [
                    0.6962824169466675,
                    0.7177679261787248
                ],
                [
                    0.6718659130529836,
                    0.7406727987967971
                ],
                [
                    -0.04300229626103334,
                    0.9990749734210532
                ],
                [
                    -0.07758214751546826,
                    0.9969859629838768
                ]
            ]
        },
        {
            "Type": "F",
            "Centroid": {
                "x": 92430.90721666666,
                "y": 439996.5413666667
            },
            "Distances": [
                3.1483631147455595,
                3.4883206994615583,
                3.112790168874685,
                2.4140556128948742,
                3.0504910264164877,
                3.3340288794128687,
                3.0939720267416635,
                3.0835830947463907,
                2.8883738277573907,
                4.175359709314613,
                3.863631991920176,
                7.508463737838714,
                8.024328734267174,
                7.728150876421222,
                7.080692162627801
            ],
            "UnitPairs": [
                [
                    -0.9149092914913106,
                    -0.4036594955440392
                ],
                [
                    -0.8678865641951292,
                    -0.4967624298289617
                ],
                [
                    -0.7891526679931055,
                    -0.6141970910052924
                ],
                [
                    -0.7582537274156977,
                    -0.6519595730259666
                ],
                [
                    -0.6941396150082785,
                    -0.719840395418428
                ],
                [
                    -0.6471049726033068,
                    -0.7624009145010737
                ],
                [
                    -0.47785392171899554,
                    -0.8784393146357784
                ],
                [
                    -0.021555010722425664,
                    -0.9997676637663154
                ],
                [
                    0.19510401594084853,
                    -0.9807825564128643
                ],
                [
                    0.5828320199336111,
                    -0.8125926633560672
                ],
                [
                    0.6743740963901356,
                    -0.738389855102295
                ],
                [
                    0.697816959138547,
                    0.7162761279971792
                ],
                [
                    0.6746400244324141,
                    0.7381468942113294
                ],
                [
                    -0.002130738249181804,
                    0.9999977299746803
                ],
                [
                    -0.031701232239879425,
                    0.999497389628644
                ]
            ]
        },
        {
            "Type": "R",
            "Centroid": {
                "x": 92430.99299999999,
                "y": 439996.310875
            },
            "Distances": [
                3.456798548254358,
                3.04795947365928,
                3.220966462581954,
                2.856435401548648,
                2.6458648308667394,
                3.938596920633048,
                8.1395344278997,
                7.959281811360235
            ],
            "UnitPairs": [
                [
                    -0.9006165550396427,
                    -0.4346145657804469
                ],
                [
                    -0.834082612307985,
                    -0.5516395524665428
                ],
                [
                    -0.6964524548949591,
                    -0.7176029390065128
                ],
                [
                    -0.053300697756595884,
                    -0.9985785074888504
                ],
                [
                    0.1805647795881428,
                    -0.9835630942508393
                ],
                [
                    0.5960879082857412,
                    -0.8029191774989123
                ],
                [
                    0.6545521795140373,
                    0.7560168280491006
                ],
                [
                    -0.012846636470433036,
                    0.9999174785608044
                ]
            ]
        }
    ]
}