{
    "Pand ID": "0599100000267701",
    "Archetype ID": "TI.1946",
    "Construction Year": 1915,
    "Number of Floors": 4,
    "Wall Area": 154.37,
    "Roof Area (Flat)": 63.28,
    "Roof Area (Sloped)": 0.0,
    "Floor Area": 63.25,
    "Shared Wall Area": 317.96,
    "Absolute Height (70%)": 12.185896873474121,
    "Surfaces": [
        {
            "Type": "G",
            "Centroid": {
                "x": 90705.44291666667,
                "y": 437144.43200000003
            },
            "Distances": [
                5.148881912074317,
                4.101486106020871,
                4.00031560564853,
                4.384011664904716,
                8.040323269460723,
                8.363146633358706
            ],
            "UnitPairs": [
                [
                    -0.9851006011170272,
                    -0.17197908500416995
                ],
                [
                    -0.3343097187751608,
                    -0.9424632682139252
                ],
                [
                    -0.3305155885195835,
                    -0.9438005328169473
                ],
                [
                    -0.18959043228014186,
                    -0.9818632633864193
                ],
                [
                    0.8081557315018015,
                    0.5889688562570928
                ],
                [
                    0.2509621587842696,
                    0.9679968981656599
                ]
            ]
        },
        {
            "Type": "F",
            "Centroid": {
                "x": 90705.44291666667,
                "y": 437144.43200000003
            },
            "Distances": [
                5.148881912074317,
                4.101486106020871,
                4.00031560564853,
                4.384011664904716,
                8.040323269460723,
                8.363146633358706
            ],
            "UnitPairs": [
                [
                    -0.9851006011170272,
                    -0.17197908500416995
                ],
                [
                    -0.3343097187751608,
                    -0.9424632682139252
                ],
                [
                    -0.3305155885195835,
                    -0.9438005328169473
                ],
                [
                    -0.18959043228014186,
                    -0.9818632633864193
                ],
                [
                    0.8081557315018015,
                    0.5889688562570928
                ],
                [
                    0.2509621587842696,
                    0.9679968981656599
                ]
            ]
        },
        {
            "Type": "R",
            "Centroid": {
                "x": 90700.37075,
                "y": 437143.5465
            },
            "Distances": [
                0.0
            ],
            "UnitPairs": [
                [
                    0.0,
                    0.0
                ]
            ]
        }
    ]
}