{
    "Pand ID": "0599100000632118",
    "Archetype ID": "TI.1946",
    "Construction Year": 1907,
    "Number of Floors": 3,
    "Wall Area": 162.24,
    "Roof Area (Flat)": 11.53,
    "Roof Area (Sloped)": 111.83,
    "Floor Area": 87.61,
    "Shared Wall Area": 263.97,
    "Absolute Height (70%)": 10.326796531677246,
    "Surfaces": [
        {
            "Type": "G",
            "Centroid": {
                "x": 90931.19424999999,
                "y": 436934.8685714286
            },
            "Distances": [
                9.036162948213136,
                7.267739870588406,
                5.6674960934530185,
                5.533453504280277,
                7.137510828487641,
                6.107318347525679,
                6.200497604276236,
                5.936128654091058,
                5.973033565073332,
                4.650580544184508,
                2.415145656219533,
                3.785652534506334,
                6.475187253595131,
                8.451841217691316
            ],
            "UnitPairs": [
                [
                    -0.891584187465836,
                    -0.4528549841404917
                ],
                [
                    -0.8283868310075797,
                    -0.5601564586909799
                ],
                [
                    -0.699338814641977,
                    -0.7147903345283528
                ],
                [
                    0.6962198195084021,
                    -0.7178286445410826
                ],
                [
                    0.8327132725720655,
                    -0.5537044389223559
                ],
                [
                    0.9423939726910812,
                    0.33450500778840647
                ],
                [
                    0.9267804564661473,
                    0.37560349507479274
                ],
                [
                    0.9227394349401724,
                    0.3854243573080083
                ],
                [
                    0.916535951182783,
                    0.3999523098939062
                ],
                [
                    0.8619353996617487,
                    0.507018112901247
                ],
                [
                    -0.3538088884147433,
                    0.9353177377120161
                ],
                [
                    -0.8113528571346965,
                    0.5845567048793168
                ],
                [
                    -0.9432159659309801,
                    0.3321801342839274
                ],
                [
                    -0.9683688783524181,
                    0.2495229757727326
                ]
            ]
        },
        {
            "Type": "F",
            "Centroid": {
                "x": 90931.50458333333,
                "y": 436934.6982083333
            },
            "Distances": [
                5.655965791038677,
                6.425297433800176,
                6.465948708130034,
                9.240329879355077,
                7.4360591845287765,
                5.772828468699595,
                5.196145777978585,
                6.784827530050649,
                3.196317247423645,
                3.3379592861832372,
                3.789313288200586,
                3.2391351900677154,
                3.794654797158851,
                2.741157105968361,
                5.877797208966355,
                5.983173644717811,
                5.722133280487784,
                5.763557165197047,
                4.2827379711636455,
                4.479809755602757,
                2.6941222497169974,
                4.137254628729208,
                6.824732939557935,
                8.795303511700277
            ],
            "UnitPairs": [
                [
                    -0.9999765808846222,
                    -0.00684380612676585
                ],
                [
                    -0.9921460288827111,
                    -0.12508500058866626
                ],
                [
                    -0.9811140823551462,
                    -0.1934299806245649
                ],
                [
                    -0.9054691166412607,
                    -0.4244121567637938
                ],
                [
                    -0.8513694117036993,
                    -0.5245666066528606
                ],
                [
                    -0.7403361032634653,
                    -0.6722369033344329
                ],
                [
                    0.6816911645700869,
                    -0.7316400454780195
                ],
                [
                    0.8302593753071362,
                    -0.5573772238929431
                ],
                [
                    0.9311236764978348,
                    -0.36470357698431655
                ],
                [
                    0.9371494372698846,
                    -0.3489282622900277
                ],
                [
                    0.9519314958466814,
                    -0.306310997541877
                ],
                [
                    0.9558621313996964,
                    -0.29381556418275284
                ],
                [
                    0.9645585336006924,
                    0.263868973655642
                ],
                [
                    0.9347025973416825,
                    0.3554308013140007
                ],
                [
                    0.9263958032382392,
                    0.37655121264255376
                ],
                [
                    0.9085757809261751,
                    0.41772006214017426
                ],
                [
                    0.903014035741874,
                    0.4296110464748009
                ],
                [
                    0.8960033740712684,
                    0.4440472425912615
                ],
                [
                    0.861403777560783,
                    0.507920793041605
                ],
                [
                    0.8255186868245151,
                    0.564374784787138
                ],
                [
                    -0.43236097896117176,
                    0.9017006065605907
                ],
                [
                    -0.8174100065897236,
                    0.5760563176695384
                ],
                [
                    -0.9403786771092904,
                    0.3401293042920312
                ],
                [
                    -0.9658374292632308,
                    0.2591487222314506
                ]
            ]
        },
        {
            "Type": "R",
            "Centroid": {
                "x": 90925.16075,
                "y": 436933.44749999995
            },
            "Distances": [
                0.0
            ],
            "UnitPairs": [
                [
                    0.0,
                    0.0
                ]
            ]
        }
    ]
}