{
    "Pand ID": "0599100000257395",
    "Archetype ID": "TI.1946",
    "Construction Year": 1922,
    "Number of Floors": 3,
    "Wall Area": 128.69,
    "Roof Area (Flat)": 14.23,
    "Roof Area (Sloped)": 47.84,
    "Floor Area": 49.46,
    "Shared Wall Area": 67.18,
    "Absolute Height (70%)": 6.234172821044922,
    "Surfaces": [
        {
            "Type": "G",
            "Centroid": {
                "x": 94592.08683333332,
                "y": 433414.8846666667
            },
            "Distances": [
                3.374953538769351,
                6.046550426123388,
                5.720082230370788,
                6.265383206352718,
                3.1160340267290656,
                4.036386014203027,
                6.997817901957896,
                2.4734790725266342,
                6.424669489981441,
                3.2826488372585354,
                2.784593576950223,
                2.661497208116023
            ],
            "UnitPairs": [
                [
                    -0.9970013793294363,
                    -0.07738378134468209
                ],
                [
                    -0.9122281209288088,
                    -0.4096826276359478
                ],
                [
                    -0.819364677738577,
                    -0.5732726444497049
                ],
                [
                    -0.3043442468760207,
                    -0.9525621131419556
                ],
                [
                    0.335736599057521,
                    -0.9419559098244935
                ],
                [
                    0.9994501646977932,
                    0.03315672308226026
                ],
                [
                    0.9258838622906624,
                    0.37780824971104804
                ],
                [
                    0.834519559758957,
                    0.5509783157073576
                ],
                [
                    0.7522825375242944,
                    0.6588406360691549
                ],
                [
                    0.022288910666574964,
                    0.9997515713722572
                ],
                [
                    -0.1597480282256297,
                    0.9871578229837534
                ],
                [
                    -0.9809641450546943,
                    0.19418894437406212
                ]
            ]
        },
        {
            "Type": "F",
            "Centroid": {
                "x": 94591.90492307692,
                "y": 433414.9131923077
            },
            "Distances": [
                3.196078995698461,
                5.893151052829772,
                5.588842485821209,
                6.239846012085579,
                3.208059385947455,
                4.217391887341585,
                7.1561009006754945,
                2.612515753473087,
                6.544249362300113,
                3.26329207664047,
                2.7329841721428854,
                2.4775212846600936,
                2.209598994376487
            ],
            "UnitPairs": [
                [
                    -0.9958837316616884,
                    -0.09063990849283828
                ],
                [
                    -0.9051054400444231,
                    -0.42518718513378495
                ],
                [
                    -0.8060565471921509,
                    -0.5918385275805116
                ],
                [
                    -0.27643680205923454,
                    -0.9610320985624068
                ],
                [
                    0.38280990946273097,
                    -0.9238271338389751
                ],
                [
                    0.9996882043941975,
                    0.024969861735807466
                ],
                [
                    0.9308249024894032,
                    0.3654654578829484
                ],
                [
                    0.8597371786547348,
                    0.5107367067666047
                ],
                [
                    0.7663334089884954,
                    0.6424430762861962
                ],
                [
                    0.07816552030796811,
                    0.9969403951265015
                ],
                [
                    -0.09620365884421406,
                    0.9953616709643717
                ],
                [
                    -0.9803843429963301,
                    0.1970952561774481
                ],
                [
                    -0.9879272585104113,
                    0.15491846853136304
                ]
            ]
        },
        {
            "Type": "R",
            "Centroid": {
                "x": 94593.133,
                "y": 433411.9495
            },
            "Distances": [
                0.0
            ],
            "UnitPairs": [
                [
                    0.0,
                    0.0
                ]
            ]
        }
    ]
}