{
    "Pand ID": "0599100000615977",
    "Archetype ID": "TI.1946",
    "Construction Year": 1907,
    "Number of Floors": 4,
    "Wall Area": 154.68,
    "Roof Area (Flat)": 8.8,
    "Roof Area (Sloped)": 82.44,
    "Floor Area": 67.4,
    "Shared Wall Area": 274.59,
    "Absolute Height (70%)": 11.500908851623535,
    "Surfaces": [
        {
            "Type": "G",
            "Centroid": {
                "x": 90713.96311363636,
                "y": 436578.4223863637
            },
            "Distances": [
                6.749897251126749,
                7.055935489262097,
                8.34646045236005,
                7.863408756035482,
                6.24487078920299,
                6.42652769887266,
                5.882650615535578,
                6.3246759881889565,
                5.650137037001876,
                5.660810236784736,
                5.814231684639002
            ],
            "UnitPairs": [
                [
                    0.06720641022613041,
                    -0.9977390933628476
                ],
                [
                    0.08625877668078578,
                    -0.9962727655845733
                ],
                [
                    0.15187711855550737,
                    -0.9883993832754432
                ],
                [
                    0.7119859258665396,
                    -0.7021937349250321
                ],
                [
                    0.7682523026634281,
                    -0.6401471701510055
                ],
                [
                    -0.10446755508022101,
                    0.9945282951910223
                ],
                [
                    -0.10936628374058537,
                    0.9940015170917867
                ],
                [
                    -0.13777205946919951,
                    0.990463961802556
                ],
                [
                    -0.5014681268458552,
                    0.8651761195026764
                ],
                [
                    -0.5141249246346384,
                    0.8577153151654849
                ],
                [
                    -0.8249350725098161,
                    0.5652274994577177
                ]
            ]
        },
        {
            "Type": "F",
            "Centroid": {
                "x": 90714.02391666667,
                "y": 436577.88658333337
            },
            "Distances": [
                6.211268205621072,
                6.516900545711799,
                7.807667474285757,
                5.455363176621375,
                7.451585875200072,
                5.867016282210537,
                6.965752368228335,
                6.421889705445114,
                6.86376000375357,
                6.155689188759462,
                6.567511151267331,
                6.180697861542154
            ],
            "UnitPairs": [
                [
                    0.06324526977856201,
                    -0.9979980139512488
                ],
                [
                    0.08406347917812347,
                    -0.9964604013549506
                ],
                [
                    0.1545702781662582,
                    -0.9879817959393814
                ],
                [
                    0.5181750951869823,
                    -0.8552745586815743
                ],
                [
                    0.7431751342692999,
                    -0.6690969435020668
                ],
                [
                    0.8073666588741966,
                    -0.5900500640948331
                ],
                [
                    -0.10510948824537518,
                    0.994460655572052
                ],
                [
                    -0.10965100600844574,
                    0.9939701488884543
                ],
                [
                    -0.1358099155813082,
                    0.9907349124916301
                ],
                [
                    -0.4826700269557726,
                    0.8758022865227709
                ],
                [
                    -0.7692665532361617,
                    0.6389279850438198
                ],
                [
                    -0.7858605574122939,
                    0.6184037389146662
                ]
            ]
        },
        {
            "Type": "R",
            "Centroid": {
                "x": 90711.12975,
                "y": 436583.31075
            },
            "Distances": [
                0.0
            ],
            "UnitPairs": [
                [
                    0.0,
                    0.0
                ]
            ]
        }
    ]
}