{
    "Pand ID": "0599100000310609",
    "Archetype ID": "TI.1946",
    "Construction Year": 1921,
    "Number of Floors": 3,
    "Wall Area": 75.07,
    "Roof Area (Flat)": 26.23,
    "Roof Area (Sloped)": 23.17,
    "Floor Area": 42.25,
    "Shared Wall Area": 102.37,
    "Absolute Height (70%)": 5.368646621704102,
    "Surfaces": [
        {
            "Type": "G",
            "Centroid": {
                "x": 93912.55252272727,
                "y": 433969.23575
            },
            "Distances": [
                5.569873817882305,
                5.386141575767494,
                2.8553129396555192,
                2.4133065174150143,
                2.1357716046060298,
                3.075768888612577,
                4.723743255842474,
                4.929034137543422,
                3.385335485194107,
                2.538019213661439,
                2.7916446898593765
            ],
            "UnitPairs": [
                [
                    -0.9708070423268995,
                    -0.23986180723178369
                ],
                [
                    -0.4330136322016251,
                    -0.9013873719592237
                ],
                [
                    -0.01480493667787538,
                    -0.9998904009190028
                ],
                [
                    0.20707161279680275,
                    -0.9783257878507194
                ],
                [
                    0.8211211671408669,
                    -0.5707539127095149
                ],
                [
                    0.9999864697597439,
                    -0.005201951311262836
                ],
                [
                    0.9604093675327547,
                    0.2785926179124888
                ],
                [
                    0.3282037063610358,
                    0.944606969660334
                ],
                [
                    0.03713879267603615,
                    0.9993101170700547
                ],
                [
                    -0.4937995427817687,
                    0.8695757652720757
                ],
                [
                    -0.9221348034098534,
                    0.38686871719004506
                ]
            ]
        },
        {
            "Type": "F",
            "Centroid": {
                "x": 93912.67785000001,
                "y": 433969.01505000005
            },
            "Distances": [
                5.643895538562552,
                5.245620482875313,
                2.639626157276972,
                2.1727999102819493,
                1.9100495936044306,
                2.957492561258643,
                4.671391318417588,
                5.099947122237355,
                3.6037000221772395,
                2.996608190929143
            ],
            "UnitPairs": [
                [
                    -0.9802803687991389,
                    -0.19761173686556222
                ],
                [
                    -0.4685051097447533,
                    -0.883460786986642
                ],
                [
                    -0.0634938396631024,
                    -0.997982230465471
                ],
                [
                    0.17231223097391515,
                    -0.9850423823657499
                ],
                [
                    0.8525433085294583,
                    -0.5226565861841264
                ],
                [
                    0.9976018329295003,
                    0.06921403712904876
                ],
                [
                    0.9443439222496073,
                    0.32895980987079215
                ],
                [
                    0.29263048502619515,
                    0.9562256005950341
                ],
                [
                    0.00011099702734232661,
                    0.99999999383983
                ],
                [
                    -0.9008852102116638,
                    0.4340574132783431
                ]
            ]
        },
        {
            "Type": "R",
            "Centroid": {
                "x": 93911.29925,
                "y": 433971.44275
            },
            "Distances": [
                0.0
            ],
            "UnitPairs": [
                [
                    0.0,
                    0.0
                ]
            ]
        }
    ]
}