{
    "Pand ID": "0599100000305361",
    "Archetype ID": "TI.1946",
    "Construction Year": 1941,
    "Number of Floors": 2,
    "Wall Area": 34.19,
    "Roof Area (Flat)": 0.0,
    "Roof Area (Sloped)": 48.47,
    "Floor Area": 45.75,
    "Shared Wall Area": 48.93,
    "Absolute Height (70%)": -1.032391905784607,
    "Surfaces": [
        {
            "Type": "G",
            "Centroid": {
                "x": 89252.60456250001,
                "y": 440105.0232499999
            },
            "Distances": [
                4.7775717681098575,
                3.126596232248379,
                4.848490074221054,
                4.853407977954884,
                3.126875757087346,
                4.7717901253287485
            ],
            "UnitPairs": [
                [
                    -0.29429175913216743,
                    -0.9557156274263252
                ],
                [
                    0.5053418742371458,
                    -0.8629192257346505
                ],
                [
                    0.9899989329687375,
                    -0.1410748479381107
                ],
                [
                    0.3063826504485002,
                    0.951908436512752
                ],
                [
                    -0.5583848338253512,
                    0.8295820498020886
                ],
                [
                    -0.9880987797396524,
                    0.15382067961431553
                ]
            ]
        },
        {
            "Type": "F",
            "Centroid": {
                "x": 89252.60456250001,
                "y": 440105.0232499999
            },
            "Distances": [
                4.7775717681098575,
                3.126596232248379,
                4.848490074221054,
                4.853407977954884,
                3.126875757087346,
                4.7717901253287485
            ],
            "UnitPairs": [
                [
                    -0.29429175913216743,
                    -0.9557156274263252
                ],
                [
                    0.5053418742371458,
                    -0.8629192257346505
                ],
                [
                    0.9899989329687375,
                    -0.1410748479381107
                ],
                [
                    0.3063826504485002,
                    0.951908436512752
                ],
                [
                    -0.5583848338253512,
                    0.8295820498020886
                ],
                [
                    -0.9880987797396524,
                    0.15382067961431553
                ]
            ]
        },
        {
            "Type": "R",
            "Centroid": {
                "x": 89252.6460625,
                "y": 440105.04925
            },
            "Distances": [
                4.814739894331308,
                4.81117680510645,
                4.816046744981449,
                4.8089038511918165
            ],
            "UnitPairs": [
                [
                    -0.30063929345665064,
                    -0.9537379174751761
                ],
                [
                    0.9890511599876635,
                    -0.14757304268414756
                ],
                [
                    0.3001424355998849,
                    0.9538943958070877
                ],
                [
                    -0.9891027450724169,
                    0.14722689866396477
                ]
            ]
        }
    ]
}