{
    "Pand ID": "0599100000191159",
    "Archetype ID": "TI.1946",
    "Construction Year": 1905,
    "Number of Floors": 4,
    "Wall Area": 152.94,
    "Roof Area (Flat)": 0.0,
    "Roof Area (Sloped)": 80.12,
    "Floor Area": 58.02,
    "Shared Wall Area": 235.37,
    "Absolute Height (70%)": 12.258649826049805,
    "Surfaces": [
        {
            "Type": "G",
            "Centroid": {
                "x": 91061.9745,
                "y": 436303.26425
            },
            "Distances": [
                6.081768144713614,
                4.948785382869334,
                5.31940631233704,
                3.1096365970548194,
                2.315068198871922,
                5.764732518943089,
                5.38932774244508,
                6.354780701609549
            ],
            "UnitPairs": [
                [
                    -0.3195000127872746,
                    -0.9475862714438887
                ],
                [
                    0.14566705650530784,
                    -0.9893336690162118
                ],
                [
                    0.6628324277145827,
                    -0.7487677695854654
                ],
                [
                    0.8775543105536043,
                    -0.4794772487082032
                ],
                [
                    0.7675259851358827,
                    0.6410178329353972
                ],
                [
                    0.07144737395044864,
                    0.9974443707573795
                ],
                [
                    -0.42790587438954486,
                    0.9038233027881716
                ],
                [
                    -0.773453126203808,
                    0.6338535016591421
                ]
            ]
        },
        {
            "Type": "F",
            "Centroid": {
                "x": 91061.91829807691,
                "y": 436303.07148076926
            },
            "Distances": [
                0.8835544809301067,
                0.7976009591338359,
                5.881152057318024,
                4.766993624211922,
                5.215086228162431,
                3.072792963711071,
                0.9383705504857914,
                0.23644738711553234,
                2.484295887957139,
                5.9611745600340775,
                5.541111140753989,
                6.436149964578604,
                0.8823507399808771
            ],
            "UnitPairs": [
                [
                    -0.4628159165537445,
                    -0.8864544135963887
                ],
                [
                    -0.43746571882019886,
                    -0.8992350887599564
                ],
                [
                    -0.3208424231391359,
                    -0.9471325881386446
                ],
                [
                    0.16301194932123372,
                    -0.9866240947688697
                ],
                [
                    0.6868682062720971,
                    -0.7267819942820213
                ],
                [
                    0.9063666039259336,
                    -0.42249210559224626
                ],
                [
                    0.9069731809591405,
                    -0.42118837711985635
                ],
                [
                    0.9096185231864401,
                    -0.41544451166927193
                ],
                [
                    0.7378657799852063,
                    0.6749474725686608
                ],
                [
                    0.07852092207280914,
                    0.9969124659652099
                ],
                [
                    -0.40604186051590974,
                    0.9138544782998979
                ],
                [
                    -0.7549424894781883,
                    0.6557910014482323
                ],
                [
                    -0.8589816300661124,
                    0.5120064054374363
                ]
            ]
        },
        {
            "Type": "R",
            "Centroid": {
                "x": 91064.703375,
                "y": 436301.77324999997
            },
            "Distances": [
                0.0
            ],
            "UnitPairs": [
                [
                    0.0,
                    0.0
                ]
            ]
        }
    ]
}