{
    "Pand ID": "0599100000055749",
    "Archetype ID": "TI.1946",
    "Construction Year": 1928,
    "Number of Floors": 3,
    "Wall Area": 80.56,
    "Roof Area (Flat)": 21.44,
    "Roof Area (Sloped)": 46.06,
    "Floor Area": 54.5,
    "Shared Wall Area": 199.28,
    "Absolute Height (70%)": 9.92646598815918,
    "Surfaces": [
        {
            "Type": "G",
            "Centroid": {
                "x": 93228.430875,
                "y": 434369.25724999997
            },
            "Distances": [
                6.135424562522773,
                6.149125999895351,
                6.124357971480836,
                6.148810215194264
            ],
            "UnitPairs": [
                [
                    -0.6990958745058663,
                    -0.7150279422853892
                ],
                [
                    0.9999388531170461,
                    -0.0110584821275991
                ],
                [
                    0.7002774854079911,
                    0.7138707470058294
                ],
                [
                    -0.9999088904720933,
                    0.013498546398304348
                ]
            ]
        },
        {
            "Type": "F",
            "Centroid": {
                "x": 93227.758725,
                "y": 434368.97974999994
            },
            "Distances": [
                5.474614384567425,
                3.525120290103715,
                2.4647418241593075,
                3.0225685533914994,
                6.82411657726523,
                6.7991454654678085,
                2.9928766530388575,
                2.4619543172265197,
                3.8243670666035645,
                5.487953303373264
            ],
            "UnitPairs": [
                [
                    -0.6607040689841982,
                    -0.7506464768635923
                ],
                [
                    -0.4110781705992117,
                    -0.9116000974422971
                ],
                [
                    0.1886201611257525,
                    -0.9820501182815953
                ],
                [
                    0.8611549925236394,
                    -0.5083424818482227
                ],
                [
                    0.9995286456169478,
                    0.030699944481219717
                ],
                [
                    0.7296358086764606,
                    0.6838359355116161
                ],
                [
                    0.2398695580301826,
                    0.9708051272682922
                ],
                [
                    -0.5540720193146615,
                    0.8324687365977014
                ],
                [
                    -0.9573087353377324,
                    0.2890674406536841
                ],
                [
                    -0.9978401231355015,
                    0.06568933445337288
                ]
            ]
        },
        {
            "Type": "R",
            "Centroid": {
                "x": 93228.47662500001,
                "y": 434371.88525
            },
            "Distances": [
                0.0
            ],
            "UnitPairs": [
                [
                    0.0,
                    0.0
                ]
            ]
        }
    ]
}