{
    "Pand ID": "0599100000167335",
    "Archetype ID": "TI.1946",
    "Construction Year": 1922,
    "Number of Floors": 3,
    "Wall Area": 66.05,
    "Roof Area (Flat)": 0.0,
    "Roof Area (Sloped)": 65.61,
    "Floor Area": 42.28,
    "Shared Wall Area": 148.87,
    "Absolute Height (70%)": 7.743088245391846,
    "Surfaces": [
        {
            "Type": "G",
            "Centroid": {
                "x": 94701.88727083335,
                "y": 433204.4885
            },
            "Distances": [
                3.7903760898970003,
                4.831016101133611,
                3.779248766095612,
                1.3623989514061685,
                0.8030925036647465,
                5.137575845611888,
                2.0265875429605016,
                3.7247340714026898,
                7.475357443134865,
                7.753258599012361,
                4.267745783148954,
                2.8132414701894257
            ],
            "UnitPairs": [
                [
                    -0.9261833786647666,
                    -0.37707340012936136
                ],
                [
                    -0.920010043498271,
                    -0.3918947816216869
                ],
                [
                    -0.9143572035649268,
                    -0.4049085134804244
                ],
                [
                    -0.8944394239968679,
                    -0.4471891286694603
                ],
                [
                    -0.8536791592634617,
                    -0.5207992828712701
                ],
                [
                    -0.7681800623388021,
                    -0.6402338571374949
                ],
                [
                    -0.1695378689872697,
                    -0.9855236734747955
                ],
                [
                    0.9889072873503322,
                    -0.14853409381487973
                ],
                [
                    0.9943894620689758,
                    0.10578089490155047
                ],
                [
                    0.7652803773897098,
                    0.643697090239084
                ],
                [
                    0.5155922537250374,
                    0.8568340725594057
                ],
                [
                    -0.5849420857694484,
                    0.8110750620600337
                ]
            ]
        },
        {
            "Type": "F",
            "Centroid": {
                "x": 94701.33002083334,
                "y": 433204.03558333335
            },
            "Distances": [
                0.6795600701175272,
                3.1105312336682402,
                4.146826363487083,
                4.145590495399085,
                3.0920839610493824,
                4.419543779883229,
                1.5590442228682913,
                4.241853434000958,
                8.086869638837335,
                8.471260859858017,
                2.943275593987916,
                0.13293314943610127
            ],
            "UnitPairs": [
                [
                    -0.9731786230799618,
                    -0.23005079347872148
                ],
                [
                    -0.9494626838565838,
                    -0.3138799324006757
                ],
                [
                    -0.947551932227347,
                    -0.3196018393755283
                ],
                [
                    -0.9377031662067203,
                    -0.34743743621822315
                ],
                [
                    -0.9373397908468123,
                    -0.3484165847017822
                ],
                [
                    -0.7668966531720708,
                    -0.6417706158383044
                ],
                [
                    0.13704977929991227,
                    -0.9905641614725648
                ],
                [
                    0.9997202243418691,
                    -0.023653182488686902
                ],
                [
                    0.9881038057407834,
                    0.15378839059103402
                ],
                [
                    0.7661984176902743,
                    0.6426040652913114
                ],
                [
                    -0.36976942816915415,
                    0.9291235493686815
                ],
                [
                    -0.9653975240270987,
                    0.2607827076367362
                ]
            ]
        },
        {
            "Type": "R",
            "Centroid": {
                "x": 94704.08768750001,
                "y": 433208.14525
            },
            "Distances": [
                0.0
            ],
            "UnitPairs": [
                [
                    0.0,
                    0.0
                ]
            ]
        }
    ]
}