{
    "Pand ID": "0599100000184042",
    "Archetype ID": "TI.1946",
    "Construction Year": 1938,
    "Number of Floors": 3,
    "Wall Area": 97.13,
    "Roof Area (Flat)": 8.74,
    "Roof Area (Sloped)": 61.95,
    "Floor Area": 49.88,
    "Shared Wall Area": 138.24,
    "Absolute Height (70%)": 7.471982479095459,
    "Surfaces": [
        {
            "Type": "G",
            "Centroid": {
                "x": 88843.80418382354,
                "y": 439063.54067647055
            },
            "Distances": [
                6.428640623796711,
                4.549670967983283,
                5.622692889414023,
                5.052290171342319,
                4.06377659461616,
                2.8500183650810964,
                2.3392921954125563,
                2.6600317621582,
                3.803825687127921,
                4.367049957205577,
                3.8069964352863095,
                4.214502689167035,
                4.337291860361419,
                4.044702269211079,
                4.977212068619122,
                3.3473539382522244,
                3.697861087572942
            ],
            "UnitPairs": [
                [
                    -0.9995983909485728,
                    -0.028338257056918503
                ],
                [
                    -0.9174419101763993,
                    -0.3978697543818576
                ],
                [
                    -0.9059820487669973,
                    -0.4233161080232528
                ],
                [
                    -0.5055249672748348,
                    -0.862811976888231
                ],
                [
                    -0.3893075287732276,
                    -0.9211078373569962
                ],
                [
                    -0.058265878414553794,
                    -0.9983011005766649
                ],
                [
                    0.4056531194893434,
                    -0.9140271038916541
                ],
                [
                    0.8826741130963339,
                    -0.4699855424048706
                ],
                [
                    0.9960869629973833,
                    -0.08837851631844362
                ],
                [
                    0.9999750905679252,
                    0.007058203997475591
                ],
                [
                    0.9471879571648478,
                    0.32067892634515666
                ],
                [
                    0.8914316714348212,
                    0.45315513366056137
                ],
                [
                    0.6722953562611738,
                    0.7402830228700789
                ],
                [
                    0.553054595265169,
                    0.833145014181853
                ],
                [
                    0.2645941459419796,
                    0.9643598591465918
                ],
                [
                    -0.6357435941326635,
                    0.7719003060753916
                ],
                [
                    -0.8548343890357268,
                    0.5189009224523654
                ]
            ]
        },
        {
            "Type": "F",
            "Centroid": {
                "x": 88843.72167045454,
                "y": 439063.8591818182
            },
            "Distances": [
                6.363273624232992,
                4.144707933417581,
                4.612161151753836,
                5.691965512797739,
                5.29048618995758,
                4.329653076480101,
                3.1647847461730056,
                2.664429401413068,
                2.8927274230947657,
                3.9264193077960416,
                3.904318208289413,
                4.4587449557780205,
                3.7972193820236986,
                4.156164669780955,
                4.166081387352526,
                3.832807330797066,
                3.425164606324521,
                4.694750863596504,
                3.122209377777679,
                3.052199644771531,
                3.4696484546206654,
                2.550677243135358
            ],
            "UnitPairs": [
                [
                    -0.9968996823241807,
                    -0.07868305651121839
                ],
                [
                    -0.9898273944630797,
                    -0.1422734310067442
                ],
                [
                    -0.887121095712519,
                    -0.46153673910298804
                ],
                [
                    -0.8804595606345362,
                    -0.4741212525158931
                ],
                [
                    -0.46716792479832525,
                    -0.8841686095081787
                ],
                [
                    -0.34634309679182845,
                    -0.9381079145304372
                ],
                [
                    -0.026398463480327792,
                    -0.999651499836757
                ],
                [
                    0.3871202385446073,
                    -0.9220292408102718
                ],
                [
                    0.8401948023381254,
                    -0.5422846984048124
                ],
                [
                    0.9860013009231827,
                    -0.16673762196274514
                ],
                [
                    0.9882530930171182,
                    -0.15282612388626238
                ],
                [
                    0.9979163620245722,
                    -0.06452080597483902
                ],
                [
                    0.9713567151079583,
                    0.23762603395814308
                ],
                [
                    0.9237975033523361,
                    0.3828814082715307
                ],
                [
                    0.7197301892774471,
                    0.6942538834192071
                ],
                [
                    0.6051581374371894,
                    0.7961052874422779
                ],
                [
                    0.5370412102438242,
                    0.8435560079211389
                ],
                [
                    0.29808920347914375,
                    0.9545380174561774
                ],
                [
                    -0.16896543143081366,
                    0.9856219777284794
                ],
                [
                    -0.6701873050960262,
                    0.7421920075614704
                ],
                [
                    -0.8872787819297576,
                    0.4612335234317272
                ],
                [
                    -0.9685841127809576,
                    0.2486861806943145
                ]
            ]
        },
        {
            "Type": "R",
            "Centroid": {
                "x": 88841.676125,
                "y": 439066.12450000003
            },
            "Distances": [
                0.0
            ],
            "UnitPairs": [
                [
                    0.0,
                    0.0
                ]
            ]
        }
    ]
}