{
    "Pand ID": "0599100000213979",
    "Archetype ID": "TI.1946",
    "Construction Year": 1941,
    "Number of Floors": 2,
    "Wall Area": 58.79,
    "Roof Area (Flat)": 0.0,
    "Roof Area (Sloped)": 48.88,
    "Floor Area": 45.24,
    "Shared Wall Area": 115.21,
    "Absolute Height (70%)": 5.643494129180908,
    "Surfaces": [
        {
            "Type": "G",
            "Centroid": {
                "x": 94264.90775,
                "y": 432668.9895000001
            },
            "Distances": [
                4.822913771786717,
                4.813318735602125,
                2.6462660958895206,
                5.378109635346502,
                5.368515926174882,
                2.6587726961685827
            ],
            "UnitPairs": [
                [
                    -0.9885103125606075,
                    -0.15115343847008547
                ],
                [
                    -0.28826264708678584,
                    -0.9575513804984666
                ],
                [
                    0.4612159003554584,
                    -0.8872879426991578
                ],
                [
                    0.976830216599544,
                    0.21401571890421464
                ],
                [
                    0.348979126776364,
                    0.9371304973558412
                ],
                [
                    -0.8246285976849969,
                    0.5656745317583916
                ]
            ]
        },
        {
            "Type": "F",
            "Centroid": {
                "x": 94264.66365,
                "y": 432669.4591
            },
            "Distances": [
                4.679507401417185,
                5.205721997906923,
                5.539667112737707,
                5.028976011135461,
                2.205956917113671
            ],
            "UnitPairs": [
                [
                    -0.9666402063250475,
                    -0.256138071195731
                ],
                [
                    -0.21964292377898162,
                    -0.9755803329474311
                ],
                [
                    0.992406202052627,
                    0.12300378094790668
                ],
                [
                    0.4210797576502349,
                    0.9070236147406634
                ],
                [
                    -0.8832448108541215,
                    0.4689121496605384
                ]
            ]
        },
        {
            "Type": "R",
            "Centroid": {
                "x": 94266.12825,
                "y": 432666.6415
            },
            "Distances": [
                0.0
            ],
            "UnitPairs": [
                [
                    0.0,
                    0.0
                ]
            ]
        }
    ]
}