{
    "Pand ID": "0599100000233748",
    "Archetype ID": "TI.1946",
    "Construction Year": 1938,
    "Number of Floors": 2,
    "Wall Area": 69.32,
    "Roof Area (Flat)": 41.47,
    "Roof Area (Sloped)": 5.91,
    "Floor Area": 47.33,
    "Shared Wall Area": 102.61,
    "Absolute Height (70%)": 4.131232261657715,
    "Surfaces": [
        {
            "Type": "G",
            "Centroid": {
                "x": 97584.4089,
                "y": 436373.22364999994
            },
            "Distances": [
                5.76215728438229,
                3.2861265906506723,
                4.974237104314893,
                6.1090822690304005,
                6.228599470986396,
                5.2075991368493995,
                3.603672983265575,
                2.494244168079915,
                2.4137007208928303,
                5.365372453992099
            ],
            "UnitPairs": [
                [
                    -0.9629032541402536,
                    -0.2698468513177617
                ],
                [
                    -0.8038034832584287,
                    -0.5948949153435562
                ],
                [
                    0.8159241135657385,
                    -0.5781590100499724
                ],
                [
                    0.8668405116826388,
                    -0.4985855265706988
                ],
                [
                    0.9571333054509243,
                    0.2896477785113975
                ],
                [
                    0.9260697440927043,
                    0.3773523937595642
                ],
                [
                    -0.5778548746430083,
                    0.8161395369980021
                ],
                [
                    -0.9162695574237638,
                    0.4005622275483051
                ],
                [
                    -0.9617596663525185,
                    0.27389476843761074
                ],
                [
                    -0.9802488168518695,
                    0.1977681902139727
                ]
            ]
        },
        {
            "Type": "F",
            "Centroid": {
                "x": 97584.20922727273,
                "y": 436373.31474999996
            },
            "Distances": [
                5.596266562462644,
                3.18561580770204,
                5.189988017309364,
                6.327621302425152,
                6.394970728597793,
                5.3605129742451245,
                3.4157227615399677,
                2.1947302343869897,
                2.2748015861172393,
                2.1969584929817754,
                5.15186762975186
            ],
            "UnitPairs": [
                [
                    -0.9557670659602081,
                    -0.294124660009689
                ],
                [
                    -0.7664851696259551,
                    -0.6422620063054258
                ],
                [
                    0.8204783350299671,
                    -0.5716776204701851
                ],
                [
                    0.8684579029966661,
                    -0.49576291785755133
                ],
                [
                    0.9634559701275732,
                    0.2678667460240946
                ],
                [
                    0.9369015150961905,
                    0.3495934081335956
                ],
                [
                    -0.5511944042809173,
                    0.8343768505234339
                ],
                [
                    -0.9097825516104467,
                    0.4150851825651992
                ],
                [
                    -0.9168831626717356,
                    0.3991556914401643
                ],
                [
                    -0.9657566492562724,
                    0.2594495989923617
                ],
                [
                    -0.9821151544174159,
                    0.18828123502796365
                ]
            ]
        },
        {
            "Type": "R",
            "Centroid": {
                "x": 97588.4675,
                "y": 436370.34774999996
            },
            "Distances": [
                0.0
            ],
            "UnitPairs": [
                [
                    0.0,
                    0.0
                ]
            ]
        }
    ]
}