{
    "Pand ID": "0599100000070173",
    "Archetype ID": "TI.1946",
    "Construction Year": 1936,
    "Number of Floors": 3,
    "Wall Area": 73.48,
    "Roof Area (Flat)": 19.64,
    "Roof Area (Sloped)": 42.4,
    "Floor Area": 47.44,
    "Shared Wall Area": 126.74,
    "Absolute Height (70%)": 8.423066139221191,
    "Surfaces": [
        {
            "Type": "G",
            "Centroid": {
                "x": 89607.0965965909,
                "y": 439353.4284318182
            },
            "Distances": [
                2.7473895784698876,
                4.3215216118198105,
                5.784927118728442,
                5.529685388545699,
                3.9486069863149083,
                2.3276664759441914,
                2.150960492746341,
                4.860190423239004,
                4.3827210772792,
                4.886253067646366,
                5.585526681831732
            ],
            "UnitPairs": [
                [
                    -0.9994611293677035,
                    -0.03282454695855894
                ],
                [
                    -0.6983440931206925,
                    -0.7157622004572732
                ],
                [
                    -0.5489972519483823,
                    -0.8358241545642986
                ],
                [
                    0.299310140235173,
                    -0.954155878225566
                ],
                [
                    0.4599320508191863,
                    -0.8879541140336349
                ],
                [
                    0.8730163578400283,
                    -0.48769092563193295
                ],
                [
                    0.9712362993838554,
                    -0.23811772457999414
                ],
                [
                    0.5174881414268613,
                    0.8556903782809369
                ],
                [
                    0.17662335691553038,
                    0.9842785123083247
                ],
                [
                    0.06837364018317213,
                    0.9976597843594288
                ],
                [
                    -0.40746544069198515,
                    0.9132206275822322
                ]
            ]
        },
        {
            "Type": "F",
            "Centroid": {
                "x": 89606.8955625,
                "y": 439352.88612499996
            },
            "Distances": [
                1.7475611666675204,
                3.8002299971257516,
                3.3903691953832182,
                5.222897378957141,
                5.084758846891987,
                3.265059805150566,
                3.5851566605927703,
                1.9145130010593772,
                2.3104865356051687,
                2.290323128130785,
                5.429356433453743,
                4.95306155642386,
                5.443491713196415,
                6.012484181376276,
                1.6540479984756513,
                2.5847254750349493
            ],
            "UnitPairs": [
                [
                    -0.9893072889102617,
                    -0.14584611105212225
                ],
                [
                    -0.7412380308914399,
                    -0.6712422674118346
                ],
                [
                    -0.639716465969682,
                    -0.7686109829863613
                ],
                [
                    -0.5695832761305141,
                    -0.8219336296517077
                ],
                [
                    0.3650369773465745,
                    -0.9309930210101881
                ],
                [
                    0.44934092713438695,
                    -0.893360359094811
                ],
                [
                    0.5626323173462034,
                    -0.826707248956752
                ],
                [
                    0.9564442753764211,
                    -0.2919149672416143
                ],
                [
                    0.9665172099407755,
                    -0.25660179829513885
                ],
                [
                    0.9999134933718229,
                    0.013153165891056983
                ],
                [
                    0.5002664741755579,
                    0.8658715001753757
                ],
                [
                    0.1968731841687936,
                    0.9804289619116932
                ],
                [
                    0.09830546792192188,
                    0.9951562867091037
                ],
                [
                    -0.3450944630228963,
                    0.9385679578969968
                ],
                [
                    -0.9745031592117103,
                    0.22437377896357671
                ],
                [
                    -0.9845823181560347,
                    0.17492186476964128
                ]
            ]
        },
        {
            "Type": "R",
            "Centroid": {
                "x": 89609.1856875,
                "y": 439352.91625
            },
            "Distances": [
                0.0
            ],
            "UnitPairs": [
                [
                    0.0,
                    0.0
                ]
            ]
        }
    ]
}