{
    "Pand ID": "0599100000624109",
    "Archetype ID": "TI.1946",
    "Construction Year": 1919,
    "Number of Floors": 3,
    "Wall Area": 206.02,
    "Roof Area (Flat)": 5.04,
    "Roof Area (Sloped)": 139.95,
    "Floor Area": 99.72,
    "Shared Wall Area": 160.88,
    "Absolute Height (70%)": 9.122069358825684,
    "Surfaces": [
        {
            "Type": "G",
            "Centroid": {
                "x": 94099.7035,
                "y": 434616.27297727275
            },
            "Distances": [
                4.623538642043936,
                4.459469753637626,
                3.505371816896405,
                3.3874040385109048,
                3.7009668186292903,
                3.749405884084065,
                4.7662279284014195,
                5.0556848049854075,
                6.197429902211421,
                5.194471968257382,
                7.491378907648015,
                6.650240360083786,
                6.669239723041544,
                4.312100366903079,
                5.193187594580953,
                5.742592076390522,
                4.657488821213377,
                8.52051420402102,
                6.62488336306414,
                7.461519887330831,
                5.009962505024037,
                5.1722525541148645
            ],
            "UnitPairs": [
                [
                    -0.9986939349913815,
                    -0.05109231068791444
                ],
                [
                    -0.9984370891588689,
                    -0.0558871988201675
                ],
                [
                    -0.5133549574782373,
                    -0.8581763732663101
                ],
                [
                    -0.38362710359745655,
                    -0.9234880862173731
                ],
                [
                    -0.3446396745798918,
                    -0.9387350503232881
                ],
                [
                    -0.3391203938202528,
                    -0.9407429821663282
                ],
                [
                    -0.0005245238037046206,
                    -0.9999998624373801
                ],
                [
                    0.054295315189407806,
                    -0.9985249214458711
                ],
                [
                    0.21000640919269334,
                    -0.9777000092553907
                ],
                [
                    0.7141245583122575,
                    -0.7000186534766935
                ],
                [
                    0.9997491906796953,
                    0.022395440055833035
                ],
                [
                    0.9875582902852192,
                    0.15725337290161595
                ],
                [
                    0.9872939455525086,
                    0.15890457852233225
                ],
                [
                    0.8435564320154073,
                    0.5370405440983349
                ],
                [
                    0.8215570730489229,
                    0.5701262805057199
                ],
                [
                    0.40687201335375595,
                    0.913485174893091
                ],
                [
                    0.3236722744510413,
                    0.9461692548121028
                ],
                [
                    -0.10897229648075706,
                    0.9940447870190307
                ],
                [
                    -0.7158616597612167,
                    0.6982421385765226
                ],
                [
                    -0.9544302109413686,
                    0.2984342011941908
                ],
                [
                    -0.9981112623087797,
                    0.061432141850781434
                ],
                [
                    -0.9983077867885166,
                    0.05815120667203397
                ]
            ]
        },
        {
            "Type": "F",
            "Centroid": {
                "x": 94100.35646874999,
                "y": 434616.211375
            },
            "Distances": [
                5.273360857678829,
                5.108915178182082,
                2.177913677199198,
                1.177891781038748,
                1.2829587085444951,
                3.8336929794341037,
                3.635426125029802,
                3.9198215661292077,
                3.964106029155671,
                0.43323166189299006,
                2.4411688384762376,
                4.750066912471758,
                5.0009666551125305,
                6.0325863792465055,
                4.7032251884190925,
                3.7192026175580333,
                6.8403780906457445,
                4.832930075057797,
                6.017304986272366,
                6.03660043902667,
                3.8156701472783556,
                4.710876641925598,
                4.982447953599508,
                2.0321598234095726,
                3.4124513894341817,
                5.567989480961611,
                4.549351470026621,
                8.676716129803516,
                1.304770855474091,
                8.104259650657902,
                5.665522641187173,
                5.827746078912341
            ],