{
    "Pand ID": "0599100000062196",
    "Archetype ID": "TI.1946",
    "Construction Year": 1931,
    "Number of Floors": 3,
    "Wall Area": 103.59,
    "Roof Area (Flat)": 26.27,
    "Roof Area (Sloped)": 43.29,
    "Floor Area": 57.78,
    "Shared Wall Area": 163.9,
    "Absolute Height (70%)": 3.572416305541992,
    "Surfaces": [
        {
            "Type": "G",
            "Centroid": {
                "x": 92285.29664583334,
                "y": 441198.0738333333
            },
            "Distances": [
                3.0807995535102406,
                4.557998890840171,
                5.445332455913513,
                5.3961868223980085,
                5.116482472227395,
                6.163629278963394,
                3.622282966409759,
                3.6136655751142923,
                6.1853697724668635,
                5.263370835853868,
                5.875026969205893,
                6.152087387453014,
                3.769221036540324,
                2.801342396493421,
                1.964338113035231
            ],
            "UnitPairs": [
                [
                    -0.9800486142970066,
                    -0.19875792717403015
                ],
                [
                    -0.9031009949587953,
                    -0.42942821624159017
                ],
                [
                    -0.8679604728645595,
                    -0.4966332827597545
                ],
                [
                    -0.8554806357292488,
                    -0.5178348017392035
                ],
                [
                    -0.7195047287513819,
                    -0.6944875415040936
                ],
                [
                    -0.07906597092094887,
                    -0.9968693857483676
                ],
                [
                    0.597597340334058,
                    -0.8017963699254693
                ],
                [
                    0.9003784658611065,
                    -0.4351075938358237
                ],
                [
                    0.9607617467120189,
                    0.2773749557095423
                ],
                [
                    0.8155736695235943,
                    0.5786532550498776
                ],
                [
                    0.7121102062327312,
                    0.7020676991424524
                ],
                [
                    0.353159266088539,
                    0.9355632168783703
                ],
                [
                    0.13893233153055815,
                    0.9903018768312434
                ],
                [
                    -0.0872200890693194,
                    0.9961890664240097
                ],
                [
                    -0.836074666799182,
                    0.5486156683295117
                ]
            ]
        },
        {
            "Type": "F",
            "Centroid": {
                "x": 92285.39554326925,
                "y": 441198.439
            },
            "Distances": [
                3.2678539410843603,
                2.7605314001159913,
                4.81270991106182,
                4.560914356218212,
                5.718800768200529,
                5.675900057020936,
                4.1416405421060185,
                5.444702647393519,
                6.535843997879741,
                3.8674323219303868,
                3.702225702099941,
                2.5140959063305215,
                3.0495864024912533,
                5.9977903491409705,
                4.408909056936515,
                4.977226196478789,
                5.551502491978042,
                3.7871391469932627,
                5.775639278283477,
                2.9866063187784317,
                3.130569424057093,
                3.394184018191809,
                2.32349315843134,
                2.449664795643097,
                1.881366748348567,
                1.630050186650992
            ],
            "UnitPairs": [
                [
                    -0.9542136293325114,
                    -0.29912597613058706
                ],
                [
                    -0.8872316283519844,
                    -0.46132422183523614
                ],
                [
                    -0.8758539050019234,
                    -0.48257635364041795
                ],
                [
                    -0.8439603265083243,
                    -0.5364055995978816
                ],
                [
                    -0.8437487097078638,
                    -0.5367384045010334
                ],
                [
                    -0.8307459119919387,
                    -0.5566518029331103
                ],
                [
                    -0.7623140485376276,
                    -0.6472073017219224
                ],
                [
                    -0.6942951735035429,
                    -0.7196903584526371
                ],
                [
                    -0.08969473099944171,
                    -0.995969304361805
                ],
                [
                    0.5341448948036451,
                    -0.8453929449405186
                ],
                [
                    0.8521277427686192,
                    -0.5233338418295324
                ],
                [
                    0.8833271734640822,
                    -0.46875697820934376
                ],
                [
                    0.9967808186305097,
                    -0.08017480658093797
                ],
                [
                    0.9743203564269041,
                    0.22516625646874938
                ],
                [
                    0.9657194502695529,
                    0.25958802624750027
                ],
                [
                    0.8425916494857396,
                    0.538552979953598
                ],
                [
                    0.7357952620323013,
                    0.6772040551937187
                ],
                [
                    0.46414170763932333,
                    0.8857609582893416
                ],
                [
                    0.35905449264409023,
                    0.9333165975766717
                ],
                [
                    0.25673595677393307,
                    0.9664815820797483
                ],
                [
                    0.2043619367884377,
                    0.9788953972677973
                ],
                [
                    0.12514619963968604,
                    0.9921383112831315
                ],
                [
                    -0.08789815821288378,
                    0.9961294663761247
                ],
                [
                    -0.14011336157191281,
                    0.9901354684632899
                ],
                [
                    -0.9255137366339651,
                    0.3787140389552988
                ],
                [
                    -0.944284281464468,
                    0.32913097055599827
                ]
            ]
        },
        {
            "Type": "R",
            "Centroid": {
                "x": 92285.0523125,
                "y": 441200.8645
            },
            "Distances": [
                0.0
            ],
            "UnitPairs": [
                [
                    0.0,
                    0.0
                ]
            ]
        }
    ]
}