{
    "Pand ID": "0599100000095623",
    "Archetype ID": "TI.1946",
    "Construction Year": 1912,
    "Number of Floors": 3,
    "Wall Area": 105.88,
    "Roof Area (Flat)": 7.4,
    "Roof Area (Sloped)": 72.69,
    "Floor Area": 57.31,
    "Shared Wall Area": 220.69,
    "Absolute Height (70%)": 13.298646926879883,
    "Surfaces": [
        {
            "Type": "G",
            "Centroid": {
                "x": 90109.51887500001,
                "y": 435745.15674999997
            },
            "Distances": [
                6.437956993464979,
                6.545658580309504,
                6.432954472883206,
                6.5924791429389495
            ],
            "UnitPairs": [
                [
                    -0.773226662597443,
                    -0.634129740864139
                ],
                [
                    0.9982188835291648,
                    -0.05965786256469346
                ],
                [
                    0.7805122857869359,
                    0.6251404416094455
                ],
                [
                    -0.9976519997107983,
                    0.06848713363140044
                ]
            ]
        },
        {
            "Type": "F",
            "Centroid": {
                "x": 90108.93797500001,
                "y": 435744.98225
            },
            "Distances": [
                3.8685492642547272,
                3.914180221961323,
                5.8827674108351795,
                4.727120985332645,
                7.118177997915857,
                6.64652614602876,
                6.667553345130593,
                6.999121345562155,
                4.630258870743578,
                6.0286890125493935
            ],
            "UnitPairs": [
                [
                    -0.9673135184240784,
                    -0.2535834321757441
                ],
                [
                    -0.8620195823048252,
                    -0.5068749744493356
                ],
                [
                    -0.7474543344860369,
                    -0.6643131925967116
                ],
                [
                    -0.6693503318037884,
                    -0.7429469249644676
                ],
                [
                    0.9995394891900248,
                    -0.03034484387411275
                ],
                [
                    0.941228524877923,
                    0.33777043084931074
                ],
                [
                    0.9301612869028423,
                    0.36715116824987537
                ],
                [
                    0.8003718929014039,
                    0.5995038223843311
                ],
                [
                    -0.9721054752357194,
                    0.23454412168446268
                ],
                [
                    -0.9945943450594945,
                    0.10383683727692712
                ]
            ]
        },
        {
            "Type": "R",
            "Centroid": {
                "x": 90105.195875,
                "y": 435744.00125000003
            },
            "Distances": [
                0.0
            ],
            "UnitPairs": [
                [
                    0.0,
                    0.0
                ]
            ]
        }
    ]
}