{
    "Pand ID": "0599100000132551",
    "Archetype ID": "TI.1946",
    "Construction Year": 1930,
    "Number of Floors": 3,
    "Wall Area": 80.68,
    "Roof Area (Flat)": 14.07,
    "Roof Area (Sloped)": 83.6,
    "Floor Area": 73.8,
    "Shared Wall Area": 191.25,
    "Absolute Height (70%)": 7.255659103393555,
    "Surfaces": [
        {
            "Type": "G",
            "Centroid": {
                "x": 92326.60408333334,
                "y": 440401.63258333335
            },
            "Distances": [
                4.8744981401285195,
                5.108898327252012,
                2.657863669358534,
                6.198393000212536,
                8.396618046476332,
                8.585946159349255,
                6.38016777087248,
                3.231844847401385,
                5.44857721038237,
                4.5184371691013006,
                5.173830507274612,
                5.324386924149162
            ],
            "UnitPairs": [
                [
                    -0.985605737292746,
                    -0.1690601390500514
                ],
                [
                    -0.9658311865431539,
                    -0.25917198749217346
                ],
                [
                    -0.09794833961589423,
                    -0.9951915005497634
                ],
                [
                    0.7575619465409021,
                    -0.652763278036655
                ],
                [
                    0.829699127446134,
                    -0.5582108543508658
                ],
                [
                    0.9936781000393362,
                    0.11226679608065213
                ],
                [
                    0.9674771711875155,
                    0.25295834287685126
                ],
                [
                    0.4043098379928668,
                    0.9146220831043725
                ],
                [
                    -0.6246278986099985,
                    0.7809225238639602
                ],
                [
                    -0.888212712302534,
                    0.45943245173167313
                ],
                [
                    -0.953709891810386,
                    0.30072818667863804
                ],
                [
                    -0.9998021197876018,
                    0.01989274410980117
                ]
            ]
        },
        {
            "Type": "F",
            "Centroid": {
                "x": 92326.60408333334,
                "y": 440401.63258333335
            },
            "Distances": [
                4.8744981401285195,
                5.108898327252012,
                2.657863669358534,
                6.198393000212536,
                8.396618046476332,
                8.585946159349255,
                6.38016777087248,
                3.231844847401385,
                5.44857721038237,
                4.5184371691013006,
                5.173830507274612,
                5.324386924149162
            ],
            "UnitPairs": [
                [
                    -0.985605737292746,
                    -0.1690601390500514
                ],
                [
                    -0.9658311865431539,
                    -0.25917198749217346
                ],
                [
                    -0.09794833961589423,
                    -0.9951915005497634
                ],
                [
                    0.7575619465409021,
                    -0.652763278036655
                ],
                [
                    0.829699127446134,
                    -0.5582108543508658
                ],
                [
                    0.9936781000393362,
                    0.11226679608065213
                ],
                [
                    0.9674771711875155,
                    0.25295834287685126
                ],
                [
                    0.4043098379928668,
                    0.9146220831043725
                ],
                [
                    -0.6246278986099985,
                    0.7809225238639602
                ],
                [
                    -0.888212712302534,
                    0.45943245173167313
                ],
                [
                    -0.953709891810386,
                    0.30072818667863804
                ],
                [
                    -0.9998021197876018,
                    0.01989274410980117
                ]
            ]
        },
        {
            "Type": "R",
            "Centroid": {
                "x": 92327.91075000001,
                "y": 440404.58849999995
            },
            "Distances": [
                0.0
            ],
            "UnitPairs": [
                [
                    0.0,
                    0.0
                ]
            ]
        }
    ]
}