{
    "Pand ID": "0599100000091771",
    "Archetype ID": "TI.1946",
    "Construction Year": 1903,
    "Number of Floors": 4,
    "Wall Area": 161.74,
    "Roof Area (Flat)": 81.66,
    "Roof Area (Sloped)": 10.18,
    "Floor Area": 90.69,
    "Shared Wall Area": 302.1,
    "Absolute Height (70%)": 10.278830528259277,
    "Surfaces": [
        {
            "Type": "G",
            "Centroid": {
                "x": 95090.04078571429,
                "y": 437592.69492857147
            },
            "Distances": [
                3.80326541767105,
                5.831083088072189,
                4.838662933065389,
                5.776845664948952,
                3.806716861694962,
                9.802897194566127,
                9.829295083404128
            ],
            "UnitPairs": [
                [
                    0.19870143225202774,
                    -0.980060070006422
                ],
                [
                    0.595037702826771,
                    -0.8036977866179794
                ],
                [
                    0.9607435669789841,
                    -0.27743791829614484
                ],
                [
                    0.970895642884316,
                    0.23950292404947962
                ],
                [
                    0.7993014443337618,
                    0.6009302797213352
                ],
                [
                    -0.7851031752679279,
                    0.6193650007743554
                ],
                [
                    -0.9999990468163291,
                    0.0013807122919124865
                ]
            ]
        },
        {
            "Type": "F",
            "Centroid": {
                "x": 95090.93328571429,
                "y": 437592.19785714283
            },
            "Distances": [
                3.233251861838343,
                3.0329865341220215,
                3.091618051035789,
                2.118882900199035,
                4.918612278350884,
                3.8501655106275336,
                1.085611296811319,
                1.0805864290322593,
                5.07735115438953,
                3.0840680744731497,
                3.518189494099907,
                2.999255507981997,
                10.812692034383762,
                10.733938933614786
            ],
            "UnitPairs": [
                [
                    -0.0423059260833857,
                    -0.99910470353123
                ],
                [
                    -0.020371245827735942,
                    -0.9997924846404007
                ],
                [
                    0.03823702791313341,
                    -0.9992686974464727
                ],
                [
                    0.1388534900599358,
                    -0.9903129345303813
                ],
                [
                    0.5239718318640992,
                    -0.8517355924305265
                ],
                [
                    0.975598133470441,
                    -0.2195638448583729
                ],
                [
                    0.9996342971981854,
                    -0.02704203884861209
                ],
                [
                    0.999655609853572,
                    -0.026242364380572678
                ],
                [
                    0.928872977720878,
                    0.3703984223237854
                ],
                [
                    0.644672632935881,
                    0.7644587603942536
                ],
                [
                    0.6111706857537621,
                    0.7914988268312697
                ],
                [
                    0.5812156653792718,
                    0.8137495624070898
                ],
                [
                    -0.7943244556460881,
                    0.6074937523650311
                ],
                [
                    -0.9988677763673108,
                    0.047572737308504864
                ]
            ]
        },
        {
            "Type": "R",
            "Centroid": {
                "x": 95082.3445,
                "y": 437598.76649999997
            },
            "Distances": [
                0.0
            ],
            "UnitPairs": [
                [
                    0.0,
                    0.0
                ]
            ]
        }
    ]
}