{
    "Pand ID": "0599100000199260",
    "Archetype ID": "TI.1946",
    "Construction Year": 1931,
    "Number of Floors": 4,
    "Wall Area": 78.94,
    "Roof Area (Flat)": 0.0,
    "Roof Area (Sloped)": 95.44,
    "Floor Area": 66.21,
    "Shared Wall Area": 184.33,
    "Absolute Height (70%)": 8.46712589263916,
    "Surfaces": [
        {
            "Type": "G",
            "Centroid": {
                "x": 89879.58655113635,
                "y": 438628.0618409091
            },
            "Distances": [
                3.0012103398695826,
                5.4447714831943665,
                6.016911897072708,
                5.25893765239645,
                5.970449614161777,
                4.041043896936385,
                2.886461100688685,
                6.096687696374907,
                6.717360449834337,
                6.759850492852737,
                5.85091927932723
            ],
            "UnitPairs": [
                [
                    -0.8624399303083513,
                    -0.5061594280557521
                ],
                [
                    0.04952207167322307,
                    -0.9987730294802679
                ],
                [
                    0.11046137537139271,
                    -0.9938804176313467
                ],
                [
                    0.6704084734750506,
                    -0.7419922362753214
                ],
                [
                    0.9050635568254752,
                    -0.4252763314674585
                ],
                [
                    0.9887634149863914,
                    -0.1494888262862792
                ],
                [
                    0.7537383279194935,
                    0.6571746594514478
                ],
                [
                    -0.13734730694043606,
                    0.990522951413146
                ],
                [
                    -0.1853947909546909,
                    0.9826641193647331
                ],
                [
                    -0.8855763367382637,
                    0.4644938662773032
                ],
                [
                    -0.919063036019265,
                    0.3941105629427501
                ]
            ]
        },
        {
            "Type": "F",
            "Centroid": {
                "x": 89879.84777083334,
                "y": 438627.4373333333
            },
            "Distances": [
                2.9867046244747115,
                4.81359069164485,
                5.370755798469075,
                4.625901931555986,
                4.20747727429387,
                2.2690479678385285,
                5.487265121501556,
                3.734472476869933,
                6.753370048653021,
                7.380815628907373,
                7.294047597022217,
                6.3546017851432754
            ],
            "UnitPairs": [
                [
                    -0.9540894368972924,
                    -0.29952186297665717
                ],
                [
                    0.0017485214652527763,
                    -0.9999984713351744
                ],
                [
                    0.0751135746608233,
                    -0.9971749850962331
                ],
                [
                    0.7056822031589738,
                    -0.7085284949419445
                ],
                [
                    0.7138283752615712,
                    -0.700320677026907
                ],
                [
                    0.7864164583359036,
                    -0.617696652134698
                ],
                [
                    0.9371547670449651,
                    -0.3489139472776878
                ],
                [
                    0.9999850553963554,
                    0.005467081849400797
                ],
                [
                    -0.16267186981096804,
                    0.9866802231585488
                ],
                [
                    -0.20412152383938692,
                    0.9789455569670289
                ],
                [
                    -0.8565317473243841,
                    0.5160943381063557
                ],
                [
                    -0.8873228447659199,
                    0.4611487494903518
                ]
            ]
        },
        {
            "Type": "R",
            "Centroid": {
                "x": 89881.76218749999,
                "y": 438629.95875
            },
            "Distances": [
                0.0
            ],
            "UnitPairs": [
                [
                    0.0,
                    0.0
                ]
            ]
        }
    ]
}