{
    "Pand ID": "0599100000141094",
    "Archetype ID": "TI.1946",
    "Construction Year": 1934,
    "Number of Floors": 3,
    "Wall Area": 67.29,
    "Roof Area (Flat)": 0.0,
    "Roof Area (Sloped)": 49.2,
    "Floor Area": 42.76,
    "Shared Wall Area": 113.39,
    "Absolute Height (70%)": 3.430880069732666,
    "Surfaces": [
        {
            "Type": "G",
            "Centroid": {
                "x": 92053.55675,
                "y": 442200.45639285713
            },
            "Distances": [
                4.899786892487193,
                4.430528751769396,
                2.9872785546572165,
                2.3648695869253733,
                4.782355085444024,
                5.166286413478638,
                3.117396261153364
            ],
            "UnitPairs": [
                [
                    -0.9788180803038121,
                    -0.20473193612712176
                ],
                [
                    -0.14738647159098547,
                    -0.989078979653273
                ],
                [
                    0.1824403014404498,
                    -0.9832169325282787
                ],
                [
                    0.9023753410290107,
                    -0.4309509762174537
                ],
                [
                    0.9292492758493139,
                    0.3694533574533134
                ],
                [
                    0.05710097667613053,
                    0.9983684081853912
                ],
                [
                    -0.631616847859065,
                    0.7752806959421721
                ]
            ]
        },
        {
            "Type": "F",
            "Centroid": {
                "x": 92053.08945,
                "y": 442200.65674999997
            },
            "Distances": [
                4.492889486717008,
                2.062650222402325,
                4.586261084983923,
                3.2967647079693347,
                2.8729674449681672,
                5.155074193463874,
                5.015765897665873,
                1.3933724341151437,
                2.677307442217202,
                1.1514057234606803
            ],
            "UnitPairs": [
                [
                    -0.9634557032385911,
                    -0.26786770596141674
                ],
                [
                    -0.9471794969303007,
                    -0.32070391421818095
                ],
                [
                    -0.040490499027590145,
                    -0.9991799234815002
                ],
                [
                    0.3070586134203297,
                    -0.9516906051466436
                ],
                [
                    0.9054401241304809,
                    -0.4244740058172931
                ],
                [
                    0.952711797287821,
                    0.30387535488849693
                ],
                [
                    0.1519807773239346,
                    0.9883834495397081
                ],
                [
                    -0.31269457421016505,
                    0.9498537272967473
                ],
                [
                    -0.5608993484699715,
                    0.827884002071523
                ],
                [
                    -0.7657596119533274,
                    0.6431269055956913
                ]
            ]
        },
        {
            "Type": "R",
            "Centroid": {
                "x": 92051.58775,
                "y": 442202.87325
            },
            "Distances": [
                0.0
            ],
            "UnitPairs": [
                [
                    0.0,
                    0.0
                ]
            ]
        }
    ]
}