{
    "Pand ID": "0599100000091934",
    "Archetype ID": "TI.1946",
    "Construction Year": 1927,
    "Number of Floors": 2,
    "Wall Area": 88.76,
    "Roof Area (Flat)": 0.0,
    "Roof Area (Sloped)": 58.7,
    "Floor Area": 59.71,
    "Shared Wall Area": 102.39,
    "Absolute Height (70%)": 1.4873474836349487,
    "Surfaces": [
        {
            "Type": "G",
            "Centroid": {
                "x": 91975.11251923077,
                "y": 442188.39040384616
            },
            "Distances": [
                3.9946003940163024,
                6.481225014789288,
                3.9449312463628674,
                6.794610998121382,
                4.31918767292812,
                2.203681622281853,
                4.6728485876497325,
                8.41911329149953,
                0.13008192684235673,
                8.761214571544802,
                5.263105327840677,
                0.013185073091840267,
                3.318305869860059
            ],
            "UnitPairs": [
                [
                    -0.7396908174329372,
                    -0.6729468735386124
                ],
                [
                    -0.697054834611289,
                    -0.7170178223343047
                ],
                [
                    -0.6260614131220508,
                    -0.7797737537257976
                ],
                [
                    -0.3467114204797318,
                    -0.9379718497422652
                ],
                [
                    -0.15622595771847245,
                    -0.9877213423506379
                ],
                [
                    0.701657968012144,
                    -0.712513926828851
                ],
                [
                    0.9234689907653572,
                    0.3836730679821204
                ],
                [
                    0.814721281415247,
                    0.5798527689069853
                ],
                [
                    0.547583903266163,
                    0.8367507806293302
                ],
                [
                    0.2988433564610726,
                    0.9543021787144156
                ],
                [
                    0.009923945273942927,
                    0.9999507564426359
                ],
                [
                    -0.66508776219466,
                    0.7467652031119951
                ],
                [
                    -0.747601133849211,
                    0.6641479840121282
                ]
            ]
        },
        {
            "Type": "F",
            "Centroid": {
                "x": 91974.75291666668,
                "y": 442188.241
            },
            "Distances": [
                3.6304464725961116,
                6.125365710728884,
                3.6081392605572713,
                6.536034380548865,
                4.128796506268637,
                2.377126680864569,
                0.38528507661907424,
                0.5023051100844145,
                8.799149462119702,
                9.016199111788568,
                5.427896163052274,
                3.1681435558163304
            ],
            "UnitPairs": [
                [
                    -0.7148340255860621,
                    -0.699294155462796
                ],
                [
                    -0.6788438214214714,
                    -0.7342826881507513
                ],
                [
                    -0.5848351502802316,
                    -0.8111521725278795
                ],
                [
                    -0.3054094502041144,
                    -0.952221123335342
                ],
                [
                    -0.07633378545134231,
                    -0.9970823201715436
                ],
                [
                    0.8017382281999739,
                    -0.5976753411700758
                ],
                [
                    0.9105811634565144,
                    0.4133303095082438
                ],
                [
                    0.8577124235498457,
                    0.5141297486902018
                ],
                [
                    0.8204012631442315,
                    0.5717882190386137
                ],
                [
                    0.33027590633284487,
                    0.9438844345024544
                ],
                [
                    0.07587347306588041,
                    0.9971174535053137
                ],
                [
                    -0.6695298458885841,
                    0.7427851543107258
                ]
            ]
        },
        {
            "Type": "R",
            "Centroid": {
                "x": 91979.42775,
                "y": 442190.18325
            },
            "Distances": [
                0.0
            ],
            "UnitPairs": [
                [
                    0.0,
                    0.0
                ]
            ]
        }
    ]
}