{
    "Pand ID": "0599100000158976",
    "Archetype ID": "TI.1946",
    "Construction Year": 1919,
    "Number of Floors": 3,
    "Wall Area": 115.3,
    "Roof Area (Flat)": 0.0,
    "Roof Area (Sloped)": 75.24,
    "Floor Area": 51.54,
    "Shared Wall Area": 97.9,
    "Absolute Height (70%)": 6.492908000946045,
    "Surfaces": [
        {
            "Type": "G",
            "Centroid": {
                "x": 94481.8120625,
                "y": 433686.89387499995
            },
            "Distances": [
                3.8817839512954095,
                3.977158535833406,
                6.978684762849977,
                6.116863117195737,
                6.047733409656764,
                6.229378562055081,
                4.226494175961176,
                4.373754039098261,
                2.534073799159491,
                2.81276299120668,
                3.9131295684903624,
                8.357016432012024,
                8.230560059592737,
                8.228730226760028,
                2.1600006989681244,
                1.952745028040099
            ],
            "UnitPairs": [
                [
                    -0.713605531572644,
                    -0.700547746630395
                ],
                [
                    0.26826627361893496,
                    -0.9633448014281338
                ],
                [
                    0.705138241261126,
                    -0.7090698560164338
                ],
                [
                    0.9714027249188856,
                    -0.2374378782337897
                ],
                [
                    0.9725854467386932,
                    -0.2325457993430467
                ],
                [
                    0.9996081371452936,
                    -0.027992358830862533
                ],
                [
                    0.9982120699427252,
                    0.05977176106373463
                ],
                [
                    0.9963837611901203,
                    0.08496705500739339
                ],
                [
                    0.9482507971127255,
                    0.31752232327047597
                ],
                [
                    -0.6634268531826171,
                    0.7482411446026008
                ],
                [
                    -0.7771433188655923,
                    0.6293236543644075
                ],
                [
                    -0.8929098752786852,
                    0.45023544355126344
                ],
                [
                    -0.941377311374112,
                    0.3373555359410129
                ],
                [
                    -0.9748846151158912,
                    0.2227105457995664
                ],
                [
                    -0.998639723141147,
                    0.05214118683510185
                ],
                [
                    -0.9996504776456564,
                    0.026437143242249227
                ]
            ]
        },
        {
            "Type": "F",
            "Centroid": {
                "x": 94481.86666666665,
                "y": 433687.2511111111
            },
            "Distances": [
                2.225152588043644,
                2.029805227673431,
                4.176634734666057,
                7.199354788692511,
                6.159170898053927,
                6.088360857320878,
                6.27796794230929,
                6.195184351678767,
                4.165647080068612,
                4.3033573890620636,
                2.390570279748175,
                2.596599386406475,
                3.7437700897142685,
                2.5199859647004375,
                8.252087691147205,
                2.3359693053608366,
                8.169152324845143,
                8.21031770505034
            ],
            "UnitPairs": [
                [
                    -0.9939393273697775,
                    -0.1099300391508805
                ],
                [
                    -0.9886006003411079,
                    -0.15056179131904926
                ],
                [
                    -0.6763020580235568,
                    -0.7366244133295485
                ],
                [
                    0.6759402024445343,
                    -0.7369564727439756
                ],
                [
                    0.9558645848269841,
                    -0.2938075823962638
                ],
                [
                    0.9571267981475716,
                    -0.28966928084934657
                ],
                [
                    0.9960760218601977,
                    -0.08850174391029245
                ],
                [
                    0.9963114869476201,
                    -0.08581037802167116
                ],
                [
                    0.9996846236108605,
                    -0.025112811790246038
                ],
                [
                    0.9999944100116049,
                    0.0033436425559901506
                ],
                [
                    0.9823318532972928,
                    0.1871473483582014
                ],
                [
                    -0.7396854041916178,
                    0.6729528236257599
                ],
                [
                    -0.8268848226459755,
                    0.5623713097925014
                ],
                [
                    -0.8645550797416439,
                    0.5025380722820112
                ],
                [
                    -0.9108806096094477,
                    0.4126699832039164
                ],
                [
                    -0.9369415349899423,
                    0.3494861370794139
                ],
                [
                    -0.9551378596436538,
                    0.29616155907770975
                ],
                [
                    -0.9837215753164253,
                    0.1796993663232306
                ]
            ]
        },
        {
            "Type": "R",
            "Centroid": {
                "x": 94482.879,
                "y": 433683.0625
            },
            "Distances": [
                0.0
            ],
            "UnitPairs": [
                [
                    0.0,
                    0.0
                ]
            ]
        }
    ]
}