{
    "Pand ID": "0599100000089607",
    "Archetype ID": "TI.1946",
    "Construction Year": 1933,
    "Number of Floors": 3,
    "Wall Area": 61.24,
    "Roof Area (Flat)": 0.0,
    "Roof Area (Sloped)": 46.39,
    "Floor Area": 41.02,
    "Shared Wall Area": 100.12,
    "Absolute Height (70%)": 6.156901836395264,
    "Surfaces": [
        {
            "Type": "G",
            "Centroid": {
                "x": 95399.60350000001,
                "y": 433312.255
            },
            "Distances": [
                3.229138829178504,
                3.2129209962546295,
                3.3963586866088358,
                2.13784238850787,
                5.346521072441566,
                5.922072806713679,
                3.3307383682789418,
                4.251528557839726
            ],
            "UnitPairs": [
                [
                    -0.9173111336185689,
                    -0.39817117442052
                ],
                [
                    -0.9160278150119789,
                    -0.4011147493229084
                ],
                [
                    -0.8853967667962217,
                    -0.46483606287248935
                ],
                [
                    0.009296756442372408,
                    -0.9999567842260241
                ],
                [
                    0.8330416993864089,
                    -0.5532102015359116
                ],
                [
                    0.9177318782420874,
                    0.3972004527417492
                ],
                [
                    0.3122055487429305,
                    0.9500145763798182
                ],
                [
                    -0.47891598804955676,
                    0.8778607386086456
                ]
            ]
        },
        {
            "Type": "F",
            "Centroid": {
                "x": 95399.22412500001,
                "y": 433312.325
            },
            "Distances": [
                2.9169599971501814,
                2.90155400174526,
                3.108417302264776,
                3.1021680523426083,
                5.703295154997021,
                6.246132253234987,
                3.404211160425171,
                4.019564108822985
            ],
            "UnitPairs": [
                [
                    -0.8854252380988078,
                    -0.46478182810612306
                ],
                [
                    -0.8835782475387639,
                    -0.46828354709121156
                ],
                [
                    -0.8479395601359211,
                    -0.5300929186062577
                ],
                [
                    -0.8470688743039888,
                    -0.531483134431727
                ],
                [
                    0.8474486886342052,
                    -0.5308773117511859
                ],
                [
                    0.9308560504757968,
                    0.3653861153527882
                ],
                [
                    0.41691009549903374,
                    0.9089477280190466
                ],
                [
                    -0.41217155769653263,
                    0.9111062545203021
                ]
            ]
        },
        {
            "Type": "R",
            "Centroid": {
                "x": 95399.62337500001,
                "y": 433310.11725
            },
            "Distances": [
                0.0
            ],
            "UnitPairs": [
                [
                    0.0,
                    0.0
                ]
            ]
        }
    ]
}