{
    "Pand ID": "0599100000263083",
    "Archetype ID": "TI.1946",
    "Construction Year": 1920,
    "Number of Floors": 3,
    "Wall Area": 207.26,
    "Roof Area (Flat)": 0.0,
    "Roof Area (Sloped)": 85.41,
    "Floor Area": 63.6,
    "Shared Wall Area": 89.86,
    "Absolute Height (70%)": 8.290114402770996,
    "Surfaces": [
        {
            "Type": "G",
            "Centroid": {
                "x": 92743.0203125,
                "y": 439989.1670625
            },
            "Distances": [
                7.008146015201128,
                6.69958516032075,
                6.560757335901709,
                6.917417568742144,
                7.148258542844012,
                3.9504051463481233,
                4.473607668341625,
                2.9968667922209913,
                3.1869418053139746,
                3.0517597702490935,
                3.6599001277650576,
                4.163353284327302,
                3.9535934060533107,
                3.91451696514026,
                4.375155733850132,
                3.6821339356777303
            ],
            "UnitPairs": [
                [
                    -0.6390688051140061,
                    -0.7691495708444207
                ],
                [
                    -0.5593909787423131,
                    -0.8289039346641546
                ],
                [
                    0.09622555258168926,
                    -0.9953595546486449
                ],
                [
                    0.23582680730059635,
                    -0.9717951002955342
                ],
                [
                    0.29941733181288077,
                    -0.9541222465753827
                ],
                [
                    0.9701061936761481,
                    0.24268080474395964
                ],
                [
                    0.9031441287516649,
                    0.42933749277392025
                ],
                [
                    0.6074052089085209,
                    0.7943921652375457
                ],
                [
                    0.5871812584988172,
                    0.8094554772609457
                ],
                [
                    0.478514893025221,
                    0.8780794366986744
                ],
                [
                    0.2541906793966762,
                    0.967154123450785
                ],
                [
                    -0.2929579636167411,
                    0.9561253220961843
                ],
                [
                    -0.4382563713676226,
                    0.8988500169414719
                ],
                [
                    -0.47737371344654017,
                    0.8787003685615823
                ],
                [
                    -0.5781937041540915,
                    0.815899528420363
                ],
                [
                    -0.7551836920031264,
                    0.6555132274275839
                ]
            ]
        },
        {
            "Type": "F",
            "Centroid": {
                "x": 92742.68174999999,
                "y": 439989.29750000004
            },
            "Distances": [
                6.900675008890543,
                6.544291602475755,
                6.62775582896315,
                4.484521471469758,
                6.730991611840342,
                7.130258766583297,
                7.379549229353584,
                4.252316583716675,
                4.730701991044338,
                3.1183916251944925,
                3.2988442033864627,
                3.1200363504388937,
                2.785690099089219,
                2.3735163951627167,
                3.6377230966537804,
                1.6333217925698067,
                3.9497856052939357,
                3.6962447264826253,
                3.6458768599661338,
                1.5120995595770124,
                3.1164171861324585,
                4.07792463491976,
                2.580393396003907,
                3.3432327286569405
            ],
            "UnitPairs": [
                [
                    -0.5999594234849255,
                    -0.8000304307785022
                ],
                [
                    -0.5180278028424488,
                    -0.8553637796179033
                ],
                [
                    -0.5143709406271778,
                    -0.8575678022397485
                ],
                [
                    -0.09613623275772722,
                    -0.995368185522901
                ],
                [
                    0.14409095359793536,
                    -0.9895644481746692
                ],
                [
                    0.27626977708604405,
                    -0.9610801268722746
                ],
                [
                    0.33591143889318414,
                    -0.9418935742538593
                ],
                [
                    0.980847713921906,
                    0.194776184617553
                ],
                [
                    0.9256290098803625,
                    0.37843220802133104
                ],
                [
                    0.6923040013852069,
                    0.7216059656530227
                ],
                [
                    0.6698937154250715,
                    0.7424570088792976
                ],
                [
                    0.5765557826769027,
                    0.8170577883245616
                ],
                [
                    0.5201134901869107,
                    0.8540971591836554
                ],
                [
                    0.41704999469615733,
                    0.9088835469541382
                ],
                [
                    0.3488102217499851,
                    0.9371933787659441
                ],
                [
                    -0.061301453548644046,
                    0.9981192973752303
                ],
                [
                    -0.2230817284878327,
                    0.974799744775757
                ],
                [
                    -0.37717334839954664,
                    0.926142680831131
                ],
                [
                    -0.4196864180444192,
                    0.9076691635772614
                ],
                [
                    -0.4312712055651086,
                    0.9022223380355963
                ],
                [
                    -0.4986896513440851,
                    0.8667806133286063
                ],
                [
                    -0.5373137554418461,
                    0.8433824329525605
                ],
                [
                    -0.6697137741363072,
                    0.7426193242382689
                ],
                [
                    -0.7304681421230006,
                    0.682946771969362
                ]
            ]
        },
        {
            "Type": "R",
            "Centroid": {
                "x": 92743.355625,
                "y": 439989.98175000004
            },
            "Distances": [
                0.0
            ],
            "UnitPairs": [
                [
                    0.0,
                    0.0
                ]
            ]
        }
    ]
}