{
    "Pand ID": "0599100000100340",
    "Archetype ID": "TI.1946",
    "Construction Year": 1890,
    "Number of Floors": 4,
    "Wall Area": 181.38,
    "Roof Area (Flat)": 70.13,
    "Roof Area (Sloped)": 59.51,
    "Floor Area": 114.75,
    "Shared Wall Area": 194.61,
    "Absolute Height (70%)": 8.641714096069336,
    "Surfaces": [
        {
            "Type": "G",
            "Centroid": {
                "x": 94993.10142307692,
                "y": 437276.6348846154
            },
            "Distances": [
                7.811447994414597,
                6.697005949855857,
                5.289457511859088,
                6.051335288118068,
                6.203838142020266,
                8.189214750585787,
                7.130330276070274,
                6.759126536660392,
                5.517128043299513,
                4.572454684973848,
                6.478846199480042,
                7.777176791456158,
                7.592180982887993
            ],
            "UnitPairs": [
                [
                    -0.9101927174067548,
                    -0.4141850035668933
                ],
                [
                    -0.838870850494065,
                    -0.5443305027199598
                ],
                [
                    0.06467145682143433,
                    -0.9979066101958606
                ],
                [
                    0.3247344312482231,
                    -0.9458052384935776
                ],
                [
                    0.3576942003128245,
                    -0.9338387757330324
                ],
                [
                    0.5935949991712599,
                    -0.8047639262286002
                ],
                [
                    0.8890299155355711,
                    0.45784911191659555
                ],
                [
                    0.8655078272848985,
                    0.5008953991689027
                ],
                [
                    0.739710387552963,
                    0.6729253617944898
                ],
                [
                    0.4485723893153786,
                    0.8937465029547765
                ],
                [
                    -0.6000949794479602,
                    0.7999287566035816
                ],
                [
                    -0.7092449130100938,
                    0.7049621644948787
                ],
                [
                    -0.7345613980346065,
                    0.678542226038619
                ]
            ]
        },
        {
            "Type": "F",
            "Centroid": {
                "x": 94993.91957142857,
                "y": 437277.6045
            },
            "Distances": [
                8.97420423083037,
                7.919674263099282,
                6.266111075089902,
                6.79055919255223,
                6.90657439415032,
                5.219933292324507,
                8.573148280164403,
                1.1063550215539968,
                1.1565103937386512,
                1.4397374778223444,
                2.776566508557177,
                0.819772009745372,
                5.978936133684377,
                3.218277468206182,
                5.58187792307936,
                2.7951033979228592,
                4.1720908946990525,
                4.262716488623526,
                4.062357303628624,
                2.491106553754272,
                2.54848038853768,
                2.4907095385132303,
                3.3519847646432623,
                6.316365829396486,
                6.37566285670872,
                7.777379369817426,
                7.641077317814695,
                6.770936736572964
            ],
            "UnitPairs": [
                [
                    -0.8834289063016982,
                    -0.46856522225895625
                ],
                [
                    -0.8126687051461493,
                    -0.5827259867863119
                ],
                [
                    -0.07597558084444646,
                    -0.9971096785787154
                ],
                [
                    0.16890046002168338,
                    -0.9856331135896682
                ],
                [
                    0.20283985829703152,
                    -0.979211923888818
                ],
                [
                    0.292901936825993,
                    -0.9561424869775331
                ],
                [
                    0.47158038556133886,
                    -0.8818230774672542
                ],
                [
                    0.4970633844638875,
                    -0.8677142339649072
                ],
                [
                    0.5550564654773877,
                    -0.8318126712979007
                ],
                [
                    0.7389740058979738,
                    -0.6737339375503517
                ],
                [
                    0.8279753300860158,
                    -0.5607645252411686
                ],
                [
                    0.9550564817019425,
                    0.29642388021059857
                ],
                [
                    0.9233964785672597,
                    0.3838475522516516
                ],
                [
                    0.913820700821901,
                    0.4061178729745462
                ],
                [
                    0.9014759263419876,
                    0.43282924372765674
                ],
                [
                    0.8063846844110045,
                    0.591391360054714
                ],
                [
                    0.7760925284587921,
                    0.6306190508305619
                ],
                [
                    0.7654575621305877,
                    0.6434863794806364
                ],
                [
                    0.753239644551646,
                    0.6577461804341473
                ],
                [
                    0.46683212714333205,
                    0.8843459532710215
                ],
                [
                    0.460638652236993,
                    0.8875877602047509
                ],
                [
                    0.4355901620240157,
                    0.9001451053846217
                ],
                [
                    0.36782045802450136,
                    0.9298968279646114
                ],
                [
                    -0.7450599847580244,
                    0.6669974655966636
                ],
                [
                    -0.790360397315028,
                    0.6126421813391818
                ],
                [
                    -0.8144223301173383,
                    0.5802725809533353
                ],
                [
                    -0.8369332179985967,
                    0.5473050233740903
                ],
                [
                    -0.9018060079617509,
                    0.4321410927047904
                ]
            ]
        },
        {
            "Type": "R",
            "Centroid": {
                "x": 94996.2185,
                "y": 437276.04750000004
            },
            "Distances": [
                0.0
            ],
            "UnitPairs": [
                [
                    0.0,
                    0.0
                ]
            ]
        }
    ]
}