{
    "Pand ID": "0599100000030415",
    "Archetype ID": "TI.1946",
    "Construction Year": 1900,
    "Number of Floors": 2,
    "Wall Area": 153.45,
    "Roof Area (Flat)": 85.59,
    "Roof Area (Sloped)": 0.0,
    "Floor Area": 86.17,
    "Shared Wall Area": 146.85,
    "Absolute Height (70%)": 6.565305233001709,
    "Surfaces": [
        {
            "Type": "G",
            "Centroid": {
                "x": 88741.97012499999,
                "y": 439636.31124999997
            },
            "Distances": [
                4.692210519831308,
                4.599493076692243,
                4.8679424362347685,
                4.68804773466208,
                9.575214047855908,
                9.143028987301541,
                3.714705784107399,
                3.8937663723817377,
                3.3172276169181827,
                2.7571845354822813,
                5.556083518333438,
                5.0718947704548505
            ],
            "UnitPairs": [
                [
                    -0.9839711966214931,
                    -0.1783274634465119
                ],
                [
                    -0.978586101762494,
                    -0.20583790087660178
                ],
                [
                    -0.9749499017638543,
                    -0.22242456935026475
                ],
                [
                    -0.7574581576328938,
                    -0.6528837104993372
                ],
                [
                    0.039476924286785564,
                    -0.9992204824005838
                ],
                [
                    0.8211720656720273,
                    -0.570680680030379
                ],
                [
                    0.8964370783410258,
                    0.4431710330960334
                ],
                [
                    0.6505269596969744,
                    0.7594831628860583
                ],
                [
                    0.44404550127512943,
                    0.8960042370420572
                ],
                [
                    0.3231557367803848,
                    0.9463457982079947
                ],
                [
                    0.18106279300418054,
                    0.9834715374577574
                ],
                [
                    0.05836083227246255,
                    0.9982955540602519
                ]
            ]
        },
        {
            "Type": "F",
            "Centroid": {
                "x": 88741.71776785713,
                "y": 439636.4042142857
            },
            "Distances": [
                4.4625638284974904,
                4.6861100448123505,
                4.374010965184366,
                4.644903681373079,
                4.563656263905524,
                9.68125769919581,
                9.403554073316169,
                3.9046099944909147,
                3.995290610996295,
                2.660441436612941,
                3.3566565946847353,
                2.763866739200372,
                5.5167175859623185,
                5.000443544072214
            ],
            "UnitPairs": [
                [
                    -0.9780572390394042,
                    -0.20833635583502416
                ],
                [
                    -0.9742927104737092,
                    -0.2252858502387417
                ],
                [
                    -0.9713379529591002,
                    -0.2377027158894592
                ],
                [
                    -0.9674350999265111,
                    -0.25311919609184425
                ],
                [
                    -0.7228070359331267,
                    -0.6910499177379068
                ],
                [
                    0.06511107982492152,
                    -0.9978780222472248
                ],
                [
                    0.825257884663382,
                    -0.5647560746029388
                ],
                [
                    0.9174686198921685,
                    0.3978081591837446
                ],
                [
                    0.6971600852239965,
                    0.7169154870488362
                ],
                [
                    0.5778579154975622,
                    0.8161373839598407
                ],
                [
                    0.5140106216379837,
                    0.857783819411006
                ],
                [
                    0.4136802714283725,
                    0.9104222278871205
                ],
                [
                    0.22809888729068298,
                    0.9736379705089322
                ],
                [
                    0.10966170061316817,
                    0.9939689690421063
                ]
            ]
        },
        {
            "Type": "R",
            "Centroid": {
                "x": 88742.34812499999,
                "y": 439626.7435
            },
            "Distances": [
                0.0
            ],
            "UnitPairs": [
                [
                    0.0,
                    0.0
                ]
            ]
        }
    ]
}