{
    "Pand ID": "0599100000286040",
    "Archetype ID": "TI.1946",
    "Construction Year": 1916,
    "Number of Floors": 4,
    "Wall Area": 120.53,
    "Roof Area (Flat)": 7.46,
    "Roof Area (Sloped)": 60.78,
    "Floor Area": 54.32,
    "Shared Wall Area": 206.36,
    "Absolute Height (70%)": 11.32948112487793,
    "Surfaces": [
        {
            "Type": "G",
            "Centroid": {
                "x": 91731.156125,
                "y": 434418.94325
            },
            "Distances": [
                6.215101794258433,
                6.206216263757465,
                6.2357281300873835,
                6.220177313564875
            ],
            "UnitPairs": [
                [
                    0.38044429170813265,
                    -0.9248038391500639
                ],
                [
                    0.9175477872487373,
                    -0.3976255249791515
                ],
                [
                    -0.374374884744132,
                    0.9272774372715094
                ],
                [
                    -0.9203113852578954,
                    0.39118659762917973
                ]
            ]
        },
        {
            "Type": "F",
            "Centroid": {
                "x": 91731.87529166666,
                "y": 434418.7890238095
            },
            "Distances": [
                3.4362790998748953,
                2.5666284638204204,
                5.830491436011323,
                3.8832453786838275,
                5.309739349254202,
                5.140034389792598,
                3.3409785285753486,
                3.6636593149331493,
                5.486923928290635,
                4.394769413182256,
                1.0737840541930925,
                2.2334406416569985,
                2.602387256560799,
                2.5718404665671595,
                3.4677077587121246,
                6.675824269079679,
                6.451356601860608,
                1.3281867176269313,
                2.283019086072698,
                6.506355201215862,
                6.943765055592137
            ],
            "UnitPairs": [
                [
                    -0.1535575694886367,
                    -0.9881397031051543
                ],
                [
                    0.22883457486075146,
                    -0.9734653241632695
                ],
                [
                    0.2821946231129314,
                    -0.9593571778467864
                ],
                [
                    0.4141724708322028,
                    -0.9101984203484139
                ],
                [
                    0.5002756554745191,
                    -0.8658661955172636
                ],
                [
                    0.7012274743713991,
                    -0.7129376053952471
                ],
                [
                    0.8309940664378388,
                    -0.5562812791610956
                ],
                [
                    0.8819961288903426,
                    -0.4712566483588854
                ],
                [
                    0.9067618575287176,
                    -0.4216431355199201
                ],
                [
                    0.9432425102701238,
                    -0.33210475278037727
                ],
                [
                    0.6019211505458368,
                    0.79855552626325
                ],
                [
                    -0.2855086697933838,
                    0.9583761263057488
                ],
                [
                    -0.29882818735022526,
                    0.9543069288467829
                ],
                [
                    -0.35175846963091434,
                    0.9360907963669536
                ],
                [
                    -0.45640139734329643,
                    0.889773996306414
                ],
                [
                    -0.4574216671345043,
                    0.8892499189968425
                ],
                [
                    -0.5810664171890151,
                    0.8138561413512351
                ],
                [
                    -0.7172686294939218,
                    0.6967967516743394
                ],
                [
                    -0.8001101163822207,
                    0.599853150081609
                ],
                [
                    -0.8331341433134183,
                    0.5530709712554227
                ],
                [
                    -0.9279787860145763,
                    0.3726330268600908
                ]
            ]
        },
        {
            "Type": "R",
            "Centroid": {
                "x": 91726.454625,
                "y": 434422.38749999995
            },
            "Distances": [
                0.0
            ],
            "UnitPairs": [
                [
                    0.0,
                    0.0
                ]
            ]
        }
    ]
}