{
    "Pand ID": "0599100000256545",
    "Archetype ID": "TI.1946",
    "Construction Year": 1936,
    "Number of Floors": 2,
    "Wall Area": 74.74,
    "Roof Area (Flat)": 0.0,
    "Roof Area (Sloped)": 52.24,
    "Floor Area": 45.3,
    "Shared Wall Area": 110.77,
    "Absolute Height (70%)": 6.538467884063721,
    "Surfaces": [
        {
            "Type": "G",
            "Centroid": {
                "x": 94869.07902083335,
                "y": 433146.3350833333
            },
            "Distances": [
                4.8556791977979135,
                2.9805514263575,
                4.804968276548895,
                4.845171253156648,
                2.9809085537516364,
                4.812405892317893
            ],
            "UnitPairs": [
                [
                    -0.6238742738015177,
                    -0.781524721610666
                ],
                [
                    0.2380991182995167,
                    -0.9712408608913613
                ],
                [
                    0.9077409913270246,
                    -0.41953103897641547
                ],
                [
                    0.6193107549510413,
                    0.7851459665577932
                ],
                [
                    -0.22252723335304586,
                    0.9749264743642153
                ],
                [
                    -0.9100091370796294,
                    0.4145881937918494
                ]
            ]
        },
        {
            "Type": "F",
            "Centroid": {
                "x": 94869.2116875,
                "y": 433145.75385
            },
            "Distances": [
                4.508377641648476,
                2.3844651307386715,
                4.465704665545164,
                5.239957744129336,
                5.195765676021654
            ],
            "UnitPairs": [
                [
                    -0.7013609442975693,
                    -0.7128063031525618
                ],
                [
                    0.24198298921067765,
                    -0.9702804918850347
                ],
                [
                    0.9469950022939584,
                    -0.3212482928052161
                ],
                [
                    0.5473326580191258,
                    0.8369151459172661
                ],
                [
                    -0.8683994393406205,
                    0.4958653181589694
                ]
            ]
        },
        {
            "Type": "R",
            "Centroid": {
                "x": 94868.4156875,
                "y": 433149.24125
            },
            "Distances": [
                0.0
            ],
            "UnitPairs": [
                [
                    0.0,
                    0.0
                ]
            ]
        }
    ]
}