{
    "Pand ID": "0599100000060189",
    "Archetype ID": "TI.1946",
    "Construction Year": 1941,
    "Number of Floors": 3,
    "Wall Area": 53.82,
    "Roof Area (Flat)": 9.97,
    "Roof Area (Sloped)": 33.64,
    "Floor Area": 38.81,
    "Shared Wall Area": 114.94,
    "Absolute Height (70%)": 5.933921813964844,
    "Surfaces": [
        {
            "Type": "G",
            "Centroid": {
                "x": 95245.52518750001,
                "y": 433851.78325
            },
            "Distances": [
                4.613858107971804,
                2.873511813166687,
                2.5640662804399375,
                5.12614035025028,
                5.126418329673489,
                2.5612704642082202,
                2.89954408324168,
                4.61146605113421
            ],
            "UnitPairs": [
                [
                    -0.7783886968258618,
                    -0.6277826348775002
                ],
                [
                    -0.4821191246370066,
                    -0.8761056726555573
                ],
                [
                    0.6230825670078858,
                    -0.7821560679882651
                ],
                [
                    0.9601034430802955,
                    -0.27964509397692233
                ],
                [
                    0.8117997268979074,
                    0.5839359583109118
                ],
                [
                    0.3246923788849855,
                    0.9458196757807531
                ],
                [
                    -0.7540409585911222,
                    0.656827399525158
                ],
                [
                    -0.9431653517075098,
                    0.3323238169894676
                ]
            ]
        },
        {
            "Type": "F",
            "Centroid": {
                "x": 95245.29695535715,
                "y": 433852.06974999997
            },
            "Distances": [
                4.6305743571694515,
                3.0333802253441733,
                5.429496163705839,
                5.157392241723486,
                2.3844901265273273,
                2.5401274473976363,
                4.305384355556078
            ],
            "UnitPairs": [
                [
                    -0.7262906494378557,
                    -0.6873877308616568
                ],
                [
                    -0.38146977008198923,
                    -0.9243813144550219
                ],
                [
                    0.9484963222329412,
                    -0.31678814168239405
                ],
                [
                    0.851177676063494,
                    0.5248776655289779
                ],
                [
                    0.44447956863628396,
                    0.8957889891402455
                ],
                [
                    -0.7708837047314954,
                    0.6369759130292485
                ],
                [
                    -0.9572067246033904,
                    0.2894050558888857
                ]
            ]
        },
        {
            "Type": "R",
            "Centroid": {
                "x": 95247.1228125,
                "y": 433849.77775
            },
            "Distances": [
                0.0
            ],
            "UnitPairs": [
                [
                    0.0,
                    0.0
                ]
            ]
        }
    ]
}