{
    "Pand ID": "0599100000143704",
    "Archetype ID": "TI.1946",
    "Construction Year": 1922,
    "Number of Floors": 3,
    "Wall Area": 54.1,
    "Roof Area (Flat)": 8.54,
    "Roof Area (Sloped)": 59.5,
    "Floor Area": 45.66,
    "Shared Wall Area": 116.92,
    "Absolute Height (70%)": 5.765002727508545,
    "Surfaces": [
        {
            "Type": "G",
            "Centroid": {
                "x": 94635.51304166667,
                "y": 433449.4895833333
            },
            "Distances": [
                3.5015150312271444,
                7.068549498569129,
                7.089433922868734,
                3.551018165759217,
                2.6160923175285538,
                5.708275528927241,
                1.3115574128907548,
                2.838618621923619,
                5.208231707042542,
                1.4482714457720691,
                2.641967703677423,
                2.3221913890525183
            ],
            "UnitPairs": [
                [
                    -0.9962592293804198,
                    -0.08641497482689034
                ],
                [
                    -0.8914723831168669,
                    -0.45307503808964583
                ],
                [
                    -0.42068474001080475,
                    -0.9072068945516462
                ],
                [
                    -0.04996219630289211,
                    -0.9987511096066884
                ],
                [
                    0.9520242526017588,
                    -0.30602258488232964
                ],
                [
                    0.9299802201960756,
                    0.36760956195950434
                ],
                [
                    0.7689967083528083,
                    0.6392527376105213
                ],
                [
                    0.7311948555870583,
                    0.6821686618154053
                ],
                [
                    0.7157099651088142,
                    0.6983976273183778
                ],
                [
                    0.3173323168604242,
                    0.9483143996987472
                ],
                [
                    -0.2772239288339306,
                    0.9608053357896593
                ],
                [
                    -0.5978907135793752,
                    0.8015776285647859
                ]
            ]
        },
        {
            "Type": "F",
            "Centroid": {
                "x": 94635.91816346154,
                "y": 433449.6947692308
            },
            "Distances": [
                7.522669025443307,
                7.451316840054433,
                3.7967253548356026,
                2.315323211555438,
                5.256258917216372,
                2.1725157246830067,
                4.776919376322192,
                2.405743487539244,
                0.8747268348008784,
                1.1694995465300035,
                2.5957579960075967,
                2.4412866636250343,
                1.0025943447452266
            ],
            "UnitPairs": [
                [
                    -0.8915105049628882,
                    -0.45300002156822905
                ],
                [
                    -0.45462279141437645,
                    -0.8906840727927048
                ],
                [
                    -0.15343181481471843,
                    -0.9881592372703207
                ],
                [
                    0.9007215614871427,
                    -0.43439690223592
                ],
                [
                    0.9328805174338204,
                    0.36018598000534063
                ],
                [
                    0.7983654703892217,
                    0.6021732107045253
                ],
                [
                    0.6955238882451804,
                    0.7185029720747894
                ],
                [
                    0.6943639449109146,
                    0.719624007387019
                ],
                [
                    0.689885704253491,
                    0.7239183069011756
                ],
                [
                    0.046568242474786824,
                    0.9989151109042298
                ],
                [
                    -0.4382297823171834,
                    0.898862980598397
                ],
                [
                    -0.7346693398463797,
                    0.678425354102929
                ],
                [
                    -0.764554942441951,
                    0.6445585621086615
                ]
            ]
        },
        {
            "Type": "R",
            "Centroid": {
                "x": 94632.02462499999,
                "y": 433449.18700000003
            },
            "Distances": [
                0.0
            ],
            "UnitPairs": [
                [
                    0.0,
                    0.0
                ]
            ]
        }
    ]
}