{
    "Pand ID": "0599100000035644",
    "Archetype ID": "TI.1946",
    "Construction Year": 1922,
    "Number of Floors": 2,
    "Wall Area": 57.57,
    "Roof Area (Flat)": 18.86,
    "Roof Area (Sloped)": 48.85,
    "Floor Area": 61.49,
    "Shared Wall Area": 136.79,
    "Absolute Height (70%)": 1.3812445402145386,
    "Surfaces": [
        {
            "Type": "G",
            "Centroid": {
                "x": 94480.67799999999,
                "y": 441329.405125
            },
            "Distances": [
                3.3843862488151686,
                6.671621956569685,
                6.659585218415347,
                3.371901582404264,
                3.440313580369089,
                6.607230757373242,
                6.6111573896751095,
                3.45574022913087
            ],
            "UnitPairs": [
                [
                    -0.998962515336898,
                    -0.04554001484165365
                ],
                [
                    -0.8810263888233311,
                    -0.4730671222954737
                ],
                [
                    -0.3120126752402393,
                    -0.9500779391657449
                ],
                [
                    0.13260321782204582,
                    -0.9911692018133126
                ],
                [
                    0.9984918292346701,
                    0.05490051868245285
                ],
                [
                    0.8867746889972434,
                    0.46220195905452666
                ],
                [
                    0.3013277226035313,
                    0.9535206361639843
                ],
                [
                    -0.11484514855767508,
                    0.9933834062700895
                ]
            ]
        },
        {
            "Type": "F",
            "Centroid": {
                "x": 94481.16098214286,
                "y": 441329.4271428571
            },
            "Distances": [
                7.11063257470126,
                6.846137913186318,
                3.3643339456657575,
                2.9568545373489483,
                6.172120361352267,
                6.460591406875977,
                3.522512603382272
            ],
            "UnitPairs": [
                [
                    -0.8945557341120718,
                    -0.44695641685427495
                ],
                [
                    -0.3740586554541546,
                    -0.9274050475816001
                ],
                [
                    -0.010658021303801158,
                    -0.9999432016779192
                ],
                [
                    0.9984065228242088,
                    0.05643062273334077
                ],
                [
                    0.8710366198939036,
                    0.4912180847686733
                ],
                [
                    0.23359206024483656,
                    0.9723346900067756
                ],
                [
                    -0.24978111987974203,
                    0.9683023247682626
                ]
            ]
        },
        {
            "Type": "R",
            "Centroid": {
                "x": 94477.297125,
                "y": 441329.251
            },
            "Distances": [
                0.0
            ],
            "UnitPairs": [
                [
                    0.0,
                    0.0
                ]
            ]
        }
    ]
}