{
    "Pand ID": "0599100000287996",
    "Archetype ID": "TI.1946",
    "Construction Year": 1941,
    "Number of Floors": 2,
    "Wall Area": 63.73,
    "Roof Area (Flat)": 0.0,
    "Roof Area (Sloped)": 42.03,
    "Floor Area": 35.71,
    "Shared Wall Area": 102.52,
    "Absolute Height (70%)": 6.610981464385986,
    "Surfaces": [
        {
            "Type": "G",
            "Centroid": {
                "x": 96233.07470833334,
                "y": 434142.3010833333
            },
            "Distances": [
                2.548667113537498,
                4.335004120183872,
                4.332413267680205,
                2.5487739645195213,
                4.3339683958131765,
                4.325153568254683
            ],
            "UnitPairs": [
                [
                    -0.9718151578888733,
                    -0.2357441386279295
                ],
                [
                    -0.3794306274544962,
                    -0.9252201894411337
                ],
                [
                    0.763123567025735,
                    -0.6462525987954854
                ],
                [
                    0.9707281622828108,
                    0.2401808380180173
                ],
                [
                    0.3798289503561038,
                    0.9250567379741528
                ],
                [
                    -0.7640961832197499,
                    0.6451023351290944
                ]
            ]
        },
        {
            "Type": "F",
            "Centroid": {
                "x": 96233.570075,
                "y": 434142.42125
            },
            "Distances": [
                4.652485039194201,
                4.0530231482119286,
                2.0390471892567126,
                4.05569496389941,
                4.644396628185053
            ],
            "UnitPairs": [
                [
                    -0.46001222614679116,
                    -0.8879125811674669
                ],
                [
                    0.6935070186427644,
                    -0.7204498699376829
                ],
                [
                    0.970453263869024,
                    0.24128916810739492
                ],
                [
                    0.2837491503297425,
                    0.958898545043817
                ],
                [
                    -0.8182333043943554,
                    0.5748863014369835
                ]
            ]
        },
        {
            "Type": "R",
            "Centroid": {
                "x": 96230.59787499999,
                "y": 434141.70025
            },
            "Distances": [
                0.0
            ],
            "UnitPairs": [
                [
                    0.0,
                    0.0
                ]
            ]
        }
    ]
}