{
    "Pand ID": "0599100000128951",
    "Archetype ID": "TI.1946",
    "Construction Year": 1922,
    "Number of Floors": 3,
    "Wall Area": 59.42,
    "Roof Area (Flat)": 4.36,
    "Roof Area (Sloped)": 82.86,
    "Floor Area": 56.75,
    "Shared Wall Area": 133.83,
    "Absolute Height (70%)": 6.487453460693359,
    "Surfaces": [
        {
            "Type": "G",
            "Centroid": {
                "x": 94612.43979166665,
                "y": 433493.82766666665
            },
            "Distances": [
                3.269133953429006,
                3.7928996126900776,
                2.518527573569137,
                4.60917582713166,
                6.404800346008992,
                6.827446824331923,
                5.166819957419713,
                2.820490584810908,
                5.855671137635191,
                6.963736435210526,
                7.174979568284369,
                6.11197598752109
            ],
            "UnitPairs": [
                [
                    -0.9724797796429895,
                    -0.23298729189705264
                ],
                [
                    -0.11051351458310908,
                    -0.9938746214158449
                ],
                [
                    0.6515050105358264,
                    -0.7586443311899936
                ],
                [
                    0.6595177635553532,
                    -0.7516889779389779
                ],
                [
                    0.6621335723582358,
                    -0.749385836773101
                ],
                [
                    0.8849330487377548,
                    -0.46571826166868574
                ],
                [
                    0.9343916322090565,
                    -0.35624749494936125
                ],
                [
                    0.24103371839061213,
                    0.9705167420497159
                ],
                [
                    -0.3192062229456494,
                    0.9476852785776365
                ],
                [
                    -0.3903316404846369,
                    0.9206743237630624
                ],
                [
                    -0.9097122304716085,
                    0.4152392776826045
                ],
                [
                    -0.9421121219076273,
                    0.3352980014177061
                ]
            ]
        },
        {
            "Type": "F",
            "Centroid": {
                "x": 94612.37798863636,
                "y": 433493.57881818176
            },
            "Distances": [
                3.1592623393603088,
                3.538907944196375,
                6.262796963113142,
                4.467844526196927,
                2.379203702075892,
                6.770825065983338,
                5.14222022986561,
                6.073341395900889,
                7.170375835382559,
                7.226484954793264,
                6.142491216703833
            ],
            "UnitPairs": [
                [
                    -0.9867378208922593,
                    -0.1623221267135067
                ],
                [
                    -0.10098133153157282,
                    -0.9948883207084656
                ],
                [
                    0.6870151449859722,
                    -0.7266430970978143
                ],
                [
                    0.6942131368814871,
                    -0.7197694912825672
                ],
                [
                    0.7156328658004508,
                    -0.6984766290909338
                ],
                [
                    0.9014612405661365,
                    -0.432859829225307
                ],
                [
                    0.9508803872754794,
                    -0.30955853904364256
                ],
                [
                    -0.29758966581222546,
                    0.9546938728208996
                ],
                [
                    -0.370463654535893,
                    0.928846962996548
                ],
                [
                    -0.8946761360206099,
                    0.44671535862921824
                ],
                [
                    -0.9273702534363645,
                    0.37414490914801046
                ]
            ]
        },
        {
            "Type": "R",
            "Centroid": {
                "x": 94613.11962499999,
                "y": 433496.565
            },
            "Distances": [
                0.0
            ],
            "UnitPairs": [
                [
                    0.0,
                    0.0
                ]
            ]
        }
    ]
}