{
    "Pand ID": "0599100000295419",
    "Archetype ID": "TI.1946",
    "Construction Year": 1894,
    "Number of Floors": 3,
    "Wall Area": 116.57,
    "Roof Area (Flat)": 0.0,
    "Roof Area (Sloped)": 72.86,
    "Floor Area": 49.68,
    "Shared Wall Area": 135.44,
    "Absolute Height (70%)": 8.77753734588623,
    "Surfaces": [
        {
            "Type": "G",
            "Centroid": {
                "x": 94651.11675,
                "y": 437357.01775
            },
            "Distances": [
                5.517563649382581,
                4.648136252836368,
                6.199438250765954,
                5.671683226795042,
                6.052306430192207,
                2.6529475352867866,
                5.331212866217455,
                5.252595370390784
            ],
            "UnitPairs": [
                [
                    -0.9948684507904083,
                    -0.10117690261068964
                ],
                [
                    -0.9793710322530902,
                    -0.20207023824283626
                ],
                [
                    0.6845378288056753,
                    -0.7289773391087079
                ],
                [
                    0.8836442021881332,
                    -0.46815907973604165
                ],
                [
                    0.9997428368481865,
                    -0.02267730519132229
                ],
                [
                    0.8548039378222843,
                    0.5189510842878319
                ],
                [
                    -0.6991373433266778,
                    0.7149873951099524
                ],
                [
                    -0.724451386728802,
                    0.6893258940927112
                ]
            ]
        },
        {
            "Type": "F",
            "Centroid": {
                "x": 94650.66994444444,
                "y": 437357.00049999997
            },
            "Distances": [
                3.5771073629960437,
                5.071383142219721,
                4.207702233551922,
                6.50148563172847,
                6.062579711071757,
                6.49866357011615,
                3.0515648222367058,
                5.042078614343747,
                4.951180978984988
            ],
            "UnitPairs": [
                [
                    -0.9992555665001959,
                    -0.038578657550160655
                ],
                [
                    -0.994293726785758,
                    -0.10667701193082048
                ],
                [
                    -0.9756974749054801,
                    -0.219121969375665
                ],
                [
                    0.7214590358649711,
                    -0.6924571174944961
                ],
                [
                    0.9003684595847979,
                    -0.4351282994530443
                ],
                [
                    0.9998295011663993,
                    -0.018465335018596544
                ],
                [
                    0.8895618194903642,
                    0.456814808543892
                ],
                [
                    -0.6506135059261937,
                    0.7594090241144272
                ],
                [
                    -0.6783117924182159,
                    0.7347741913447879
                ]
            ]
        },
        {
            "Type": "R",
            "Centroid": {
                "x": 94648.6825,
                "y": 437357.5025
            },
            "Distances": [
                0.0
            ],
            "UnitPairs": [
                [
                    0.0,
                    0.0
                ]
            ]
        }
    ]
}