{
    "Pand ID": "0599100000768215",
    "Archetype ID": "TI.1946",
    "Construction Year": 1937,
    "Number of Floors": 4,
    "Wall Area": 99.03,
    "Roof Area (Flat)": 4.67,
    "Roof Area (Sloped)": 61.98,
    "Floor Area": 54.49,
    "Shared Wall Area": 180.46,
    "Absolute Height (70%)": 7.949665069580078,
    "Surfaces": [
        {
            "Type": "G",
            "Centroid": {
                "x": 96850.9236904762,
                "y": 432164.1497261905
            },
            "Distances": [
                3.2384346198292175,
                3.417593378573809,
                3.56978096919077,
                3.6912843778734707,
                3.7417968024292594,
                3.817021492306087,
                3.86002563232316,
                3.8708410217377147,
                3.8487150516485977,
                3.8249777312161015,
                3.754732135046849,
                3.838743963277109,
                2.8053478311264124,
                6.356390813004838,
                8.431400385070699,
                6.116371121121119,
                5.9457118382026914,
                8.910673480830077,
                7.272783034865995,
                3.3026246598326536,
                4.224304290556471
            ],
            "UnitPairs": [
                [
                    -0.9891169198178763,
                    -0.14713163810002508
                ],
                [
                    -0.9674031138191012,
                    -0.25324141717560195
                ],
                [
                    -0.9348446039138997,
                    -0.35505713136488887
                ],
                [
                    -0.8921530120880982,
                    -0.4517333317590521
                ],
                [
                    -0.8670140703761059,
                    -0.49828365593290025
                ],
                [
                    -0.8103675817470157,
                    -0.5859218228172541
                ],
                [
                    -0.7448630527545362,
                    -0.6672173803500572
                ],
                [
                    -0.6717378630618542,
                    -0.740788933049822
                ],
                [
                    -0.5914156921609467,
                    -0.8063668390167025
                ],
                [
                    -0.5488111627613469,
                    -0.8359463545159691
                ],
                [
                    -0.4586719942342293,
                    -0.8886056502775542
                ],
                [
                    -0.4301382149986891,
                    -0.9027630453212745
                ],
                [
                    0.8725511669681679,
                    -0.48852273337326707
                ],
                [
                    0.9953462129574332,
                    0.09636345962706037
                ],
                [
                    0.8513187840665817,
                    0.524648766219265
                ],
                [
                    0.8354315692441134,
                    0.5495944806039432
                ],
                [
                    0.8336780622225409,
                    0.5522507479115526
                ],
                [
                    0.6884787706568319,
                    0.7252564941831664
                ],
                [
                    0.6288939876080171,
                    0.7774910625534465
                ],
                [
                    0.007814852262485275,
                    0.9999694635758212
                ],
                [
                    -0.9592562934582611,
                    0.28253736648577776
                ]
            ]
        },
        {
            "Type": "F",
            "Centroid": {
                "x": 96851.52532608695,
                "y": 432164.6539891304
            },
            "Distances": [
                3.929192129926827,
                4.140928641179011,
                4.3189594220855705,
                4.459385731027708,
                4.516780198203986,
                4.600368549782045,
                4.644686507208396,
                4.64976505370066,
                4.614939286673767,
                4.58228481674139,
                4.489036060239874,
                4.5644336057791675,
                2.6311603760292805,
                5.726197407571909,
                7.655499271677532,
                5.3373749828043735,
                5.16641372658169,
                5.833455319815304,
                8.131229067142176,
                6.263989832400743,
                5.949035074348221,
                6.504102752901839,
                4.704591139936461
            ],
            "UnitPairs": [
                [
                    -0.9683481899434171,
                    -0.2496032512474704
                ],
                [
                    -0.9437076621162723,
                    -0.33078066518924487
                ],
                [
                    -0.9119849718472293,
                    -0.4102236111254552
                ],
                [
                    -0.8733996836944335,
                    -0.4870040990817875
                ],
                [
                    -0.8514530081586045,
                    -0.5244309057422756
                ],
                [
                    -0.8031587136924134,
                    -0.5957651220237283
                ],
                [
                    -0.748559904218419,
                    -0.6630671683898333
                ],
                [
                    -0.6885995421217027,
                    -0.7251418279135341
                ],
                [
                    -0.6235891543077534,
                    -0.781752241205448
                ],
                [
                    -0.5894059830360182,
                    -0.8078369805606481
                ],
                [
                    -0.5176670571968229,
                    -0.8555821514578137
                ],
                [
                    -0.4935609281524327,
                    -0.86971122230388
                ],
                [
                    0.7016576906001997,
                    -0.7125142000140029
                ],
                [
                    0.9998212610472907,
                    0.018906241239473938
                ],
                [
                    0.8590130675563844,
                    0.5119536597851123
                ],
                [
                    0.8446425307504606,
                    0.5353307344506358
                ],
                [
                    0.8429781553577765,
                    0.5379477944834427
                ],
                [
                    0.7268717562026242,
                    0.6867732158689016
                ],
                [
                    0.6804843237547011,
                    0.7327626390067297
                ],
                [
                    0.648496249472189,
                    0.7612178495151728
                ],
                [
                    0.6313921276482772,
                    0.7754637200693412
                ],
                [
                    0.6107181980289431,
                    0.7918480173595692
                ],
                [
                    -0.9892094655050928,
                    0.14650813409203114
                ]
            ]
        },
        {
            "Type": "R",
            "Centroid": {
                "x": 96850.94949999999,
                "y": 432167.45225
            },
            "Distances": [
                0.0
            ],
            "UnitPairs": [
                [
                    0.0,
                    0.0
                ]
            ]
        }
    ]
}