{
    "Pand ID": "0599100000153335",
    "Archetype ID": "TI.1946",
    "Construction Year": 1913,
    "Number of Floors": 4,
    "Wall Area": 195.15,
    "Roof Area (Flat)": 12.37,
    "Roof Area (Sloped)": 147.95,
    "Floor Area": 105.18,
    "Shared Wall Area": 342.07,
    "Absolute Height (70%)": 12.388340950012207,
    "Surfaces": [
        {
            "Type": "G",
            "Centroid": {
                "x": 95003.978275,
                "y": 437982.59955000004
            },
            "Distances": [
                7.487886439103383,
                7.0629286223925005,
                6.524121268466881,
                7.09119173521506,
                7.980017896328463,
                8.930729271777473,
                8.971996858314325,
                8.437963648020505,
                8.997039275524804,
                9.66436462604048,
                7.66283510359881,
                4.33724254847765,
                5.862628627546507,
                7.760292534717042,
                6.9259595237472595,
                6.929069859992289,
                7.260040786695872,
                7.734386092298848,
                7.636664751373388,
                7.216664161841808
            ],
            "UnitPairs": [
                [
                    -0.9991003550646997,
                    -0.04240849572421661
                ],
                [
                    -0.9976244100294831,
                    -0.06888785461404547
                ],
                [
                    0.6589163234571042,
                    -0.7522162446276821
                ],
                [
                    0.6894257245541444,
                    -0.7243563835039993
                ],
                [
                    0.7257941116489836,
                    -0.6879119910974534
                ],
                [
                    0.7594956462780842,
                    -0.6505123851892715
                ],
                [
                    0.9554004682986523,
                    -0.29531330003018114
                ],
                [
                    0.9566111370841412,
                    -0.29136769279826846
                ],
                [
                    0.9649674447488401,
                    -0.2623696449189464
                ],
                [
                    0.9997398043085364,
                    0.02281060457614888
                ],
                [
                    0.9913889438171393,
                    0.13095022748028004
                ],
                [
                    -0.21537877800466487,
                    0.9765305842549004
                ],
                [
                    -0.5149823043211098,
                    0.8572008085834496
                ],
                [
                    -0.6608191607530076,
                    0.7505451597217123
                ],
                [
                    -0.8760013654693477,
                    0.48230862287112214
                ],
                [
                    -0.8760411025797209,
                    0.48223644262011844
                ],
                [
                    -0.879767784734703,
                    0.4754036652603695
                ],
                [
                    -0.9551048928563866,
                    0.29626785792891935
                ],
                [
                    -0.9975755448246862,
                    0.06959189872198006
                ],
                [
                    -0.9988202081100663,
                    0.0485612177664838
                ]
            ]
        },
        {
            "Type": "F",
            "Centroid": {
                "x": 95004.09203676472,
                "y": 437983.02538235293
            },
            "Distances": [
                7.32229980192921,
                6.398234364076675,
                7.631205804876703,
                7.217809781125073,
                6.779375403379511,
                7.330863870999016,
                8.19953866929845,
                9.12999074356418,
                5.475273641374149,
                3.280966900329226,
                8.999846288296716,
                8.464681324099129,
                9.009775947516749,
                6.933863139421766,
                9.550296899033969,
                7.639377417712225,
                7.326349386311433,
                7.505348205329509,
                3.951114486215818,
                3.848969095119435,
                5.565215056460929,
                7.524806406026448,
                4.252821559003722,
                4.776332808247052,
                4.647605864485771,
                6.833642240539249,
                6.8367822093178265,
                7.170510157491221,
                3.6313907772999077,
                2.6215588157857037,
                7.729437657880885,
                1.06529472910402,
                1.1188778153878758,
                7.732633097766743
            ],