{
    "Pand ID": "0599100000620159",
    "Archetype ID": "TI.1946",
    "Construction Year": 1915,
    "Number of Floors": 3,
    "Wall Area": 113.9,
    "Roof Area (Flat)": 8.74,
    "Roof Area (Sloped)": 68.52,
    "Floor Area": 55.67,
    "Shared Wall Area": 183.05,
    "Absolute Height (70%)": 8.777957916259766,
    "Surfaces": [
        {
            "Type": "G",
            "Centroid": {
                "x": 92164.198625,
                "y": 439362.156
            },
            "Distances": [
                5.850629047378981,
                5.302941754380969,
                5.325636511235922,
                5.79702244691633,
                4.7920650298206855,
                6.599184514006436,
                6.674969456835233,
                5.1873766250373885
            ],
            "UnitPairs": [
                [
                    -0.307317381675516,
                    -0.9516070759090147
                ],
                [
                    0.040920683283937394,
                    -0.9991623980512756
                ],
                [
                    0.26137720760143646,
                    -0.9652367353900676
                ],
                [
                    0.5300997241503888,
                    -0.8479353055839117
                ],
                [
                    0.37749905077479157,
                    0.9260099711472503
                ],
                [
                    0.23366523495872307,
                    0.9723171077234447
                ],
                [
                    -0.4822493976659377,
                    0.8760339710598215
                ],
                [
                    -0.5814114181426959,
                    0.8136097116267106
                ]
            ]
        },
        {
            "Type": "F",
            "Centroid": {
                "x": 92164.06773611112,
                "y": 439363.70783333335
            },
            "Distances": [
                7.31191948587515,
                6.863418682556379,
                7.217430599377,
                3.4771023873896336,
                5.1442724473237265,
                2.822219636921313,
                2.9188401637056955,
                5.290480351108129,
                3.9300951516779694
            ],
            "UnitPairs": [
                [
                    -0.22799910670882031,
                    -0.9736613411961985
                ],
                [
                    0.22188488846913176,
                    -0.975072867158676
                ],
                [
                    0.4439098990670433,
                    -0.8960714265672616
                ],
                [
                    0.5579038730445874,
                    0.8299055780279158
                ],
                [
                    0.3251944577236507,
                    0.9456471671114025
                ],
                [
                    0.09421268473216371,
                    0.9955520930797936
                ],
                [
                    -0.33064883891288316,
                    0.9437538584427415
                ],
                [
                    -0.583710912084121,
                    0.8119615576577031
                ],
                [
                    -0.7341071907336835,
                    0.6790336019028067
                ]
            ]
        },
        {
            "Type": "R",
            "Centroid": {
                "x": 92164.41562500001,
                "y": 439356.8575
            },
            "Distances": [
                0.0
            ],
            "UnitPairs": [
                [
                    0.0,
                    0.0
                ]
            ]
        }
    ]
}