{
    "Pand ID": "0599100000324532",
    "Archetype ID": "TI.1946",
    "Construction Year": 1923,
    "Number of Floors": 3,
    "Wall Area": 88.68,
    "Roof Area (Flat)": 3.3,
    "Roof Area (Sloped)": 56.89,
    "Floor Area": 44.91,
    "Shared Wall Area": 165.84,
    "Absolute Height (70%)": 7.975337982177734,
    "Surfaces": [
        {
            "Type": "G",
            "Centroid": {
                "x": 93646.72975,
                "y": 433937.27715
            },
            "Distances": [
                3.303644140886574,
                5.106892559046028,
                2.7358488645800927,
                2.489542008063443,
                4.749870651894205,
                3.711536233156712,
                4.420893214096636,
                7.057970218845368,
                6.810711035589424,
                3.7728027526088384
            ],
            "UnitPairs": [
                [
                    0.12092706809890351,
                    -0.9926613945354191
                ],
                [
                    0.3390515817544158,
                    -0.9407677847959234
                ],
                [
                    0.5857414204200034,
                    -0.8104979879088885
                ],
                [
                    0.5870557698047266,
                    -0.8095464922652557
                ],
                [
                    0.6253854510356405,
                    -0.780315985760223
                ],
                [
                    0.9999902376941658,
                    -0.004418655492985051
                ],
                [
                    -0.06480590824687503,
                    0.997897887690067
                ],
                [
                    -0.3287772444555946,
                    0.9444074986615609
                ],
                [
                    -0.8384587116030595,
                    0.5449651263493265
                ],
                [
                    -0.943463052114687,
                    0.3314777055767696
                ]
            ]
        },
        {
            "Type": "F",
            "Centroid": {
                "x": 93647.01731666666,
                "y": 433937.3366166667
            },
            "Distances": [
                0.8539987639935476,
                1.6094720321374762,
                3.3407423858822263,
                5.073671493341767,
                2.3839444531429956,
                2.629291062043517,
                4.623838559284542,
                3.424773747601835,
                1.9948704107004933,
                1.9236940909384272,
                1.123861211279968,
                4.389831100269591,
                7.102324222041687,
                7.022455526533747,
                4.027247267740367
            ],
            "UnitPairs": [
                [
                    -0.9883698926271323,
                    -0.15206891644327258
                ],
                [
                    -0.33431252977164966,
                    -0.9424622710950714
                ],
                [
                    0.03350552673759136,
                    -0.999438532215982
                ],
                [
                    0.28459338276499546,
                    -0.9586483226326413
                ],
                [
                    0.49243317384816643,
                    -0.8703502566747605
                ],
                [
                    0.5001094600404044,
                    -0.8659621977766092
                ],
                [
                    0.5802394047565954,
                    -0.8144459670031597
                ],
                [
                    0.999754607362461,
                    -0.022152314947459655
                ],
                [
                    0.9684505434353611,
                    0.2492058284225188
                ],
                [
                    0.91591139237125,
                    0.40138051936355607
                ],
                [
                    0.5017820062462071,
                    0.8649941145508052
                ],
                [
                    -0.13077192574280974,
                    0.9914124789599518
                ],
                [
                    -0.3672131242014531,
                    0.9301368294042593
                ],
                [
                    -0.8541266860293837,
                    0.5200649999879463
                ],
                [
                    -0.9552596130576099,
                    0.295768611689992
                ]
            ]
        },
        {
            "Type": "R",
            "Centroid": {
                "x": 93643.17025,
                "y": 433938.52775
            },
            "Distances": [
                0.0
            ],
            "UnitPairs": [
                [
                    0.0,
                    0.0
                ]
            ]
        }
    ]
}