{
    "Pand ID": "0599100000219642",
    "Archetype ID": "TI.1946",
    "Construction Year": 1900,
    "Number of Floors": 3,
    "Wall Area": 150.97,
    "Roof Area (Flat)": 0.0,
    "Roof Area (Sloped)": 93.87,
    "Floor Area": 86.17,
    "Shared Wall Area": 138.59,
    "Absolute Height (70%)": 7.713587284088135,
    "Surfaces": [
        {
            "Type": "G",
            "Centroid": {
                "x": 88562.27837083332,
                "y": 439728.25201666664
            },
            "Distances": [
                8.152837183575157,
                8.989141409207173,
                5.085114329245408,
                3.9272613114814185,
                4.55936677716885,
                6.488309816564445,
                6.665592207422761,
                6.5284393496847235,
                3.7879635173936665,
                4.835352370045039,
                3.1071865209271956,
                2.9131185252735667,
                2.056424731321577,
                2.2122315299873447,
                3.5779434049209904
            ],
            "UnitPairs": [
                [
                    -0.9662812044368194,
                    -0.2574890948217601
                ],
                [
                    -0.5616702534185289,
                    -0.827361182570687
                ],
                [
                    -0.16517491622385283,
                    -0.9862642886419659
                ],
                [
                    0.49145358905445546,
                    -0.8709037660990417
                ],
                [
                    0.8700915852052233,
                    -0.49289008242716903
                ],
                [
                    0.9928728511450406,
                    -0.11917844376865276
                ],
                [
                    0.994670309908269,
                    -0.10310661757127042
                ],
                [
                    0.41297261447349726,
                    0.9107434433993605
                ],
                [
                    0.2806433224085882,
                    0.9598121303606604
                ],
                [
                    0.09225111895346803,
                    0.9957357737130031
                ],
                [
                    0.017078687203731853,
                    0.999854148585381
                ],
                [
                    -0.7445400228320771,
                    0.6675778264750934
                ],
                [
                    -0.8422060418500633,
                    0.5391558059329878
                ],
                [
                    -0.8972538843333696,
                    0.44151496809132096
                ],
                [
                    -0.999158714586026,
                    0.041010523854252724
                ]
            ]
        },
        {
            "Type": "F",
            "Centroid": {
                "x": 88562.81939204545,
                "y": 439727.7761136364
            },
            "Distances": [
                8.574036688420746,
                8.927943520094857,
                2.5930195889623096,
                4.744771615113019,
                1.8011838146788415,
                3.255568229662638,
                3.856879125514179,
                3.276919860265707,
                2.5306279399885296,
                2.6058817994066623,
                5.908533031886905,
                6.104469461550053,
                6.092712789413536,
                6.773598341910016,
                4.144645345886235,
                5.291488400979242,
                3.615713339361619,
                3.6336392285563575,
                2.770811211651791,
                2.9138632038345382,
                4.162782466279038,
                4.478800381976924
            ],
            "UnitPairs": [
                [
                    -0.9819125869646904,
                    -0.189334813387051
                ],
                [
                    -0.6261189413752122,
                    -0.7797275621979666
                ],
                [
                    -0.4920728523966184,
                    -0.8705540235587083
                ],
                [
                    -0.2910476325263597,
                    -0.9567085635661473
                ],
                [
                    -0.0449451881558464,
                    -0.9989894544296428
                ],
                [
                    0.4266675912029956,
                    -0.9044085175500248
                ],
                [
                    0.8882947437682636,
                    -0.45927382702879427
                ],
                [
                    0.9130664105690983,
                    -0.40781089967099055
                ],
                [
                    0.9412863174822006,
                    -0.3376093430591011
                ],
                [
                    0.9494081639091724,
                    -0.31404480301799953
                ],
                [
                    0.9987327518866539,
                    -0.050327828374681256
                ],
                [
                    0.9992752839480863,
                    -0.038064509591896445
                ],
                [
                    0.9993980784921193,
                    -0.034691219440370145
                ],
                [
                    0.31815371177266877,
                    0.948039142485833
                ],
                [
                    0.1259566044817186,
                    0.9920357522727877
                ],
                [
                    -0.017944770595464513,
                    0.99983897964036
                ],
                [
                    -0.13495388037224126,
                    0.9908518810460395
                ],
                [
                    -0.7457962596169692,
                    0.6661741057271277
                ],
                [
                    -0.8203209716727755,
                    0.5719034039362184
                ],
                [
                    -0.8668747874426384,
                    0.49852593001395673
                ],
                [
                    -0.9887508124191277,
                    0.14957215964381512
                ],
                [
                    -0.99936459849153,
                    0.03564266098179523
                ]
            ]
        },
        {
            "Type": "R",
            "Centroid": {
                "x": 88562.33143749999,
                "y": 439731.35875
            },
            "Distances": [
                0.0
            ],
            "UnitPairs": [
                [
                    0.0,
                    0.0
                ]
            ]
        }
    ]
}