{
    "Pand ID": "0599100000310107",
    "Archetype ID": "TI.1946",
    "Construction Year": 1921,
    "Number of Floors": 2,
    "Wall Area": 46.85,
    "Roof Area (Flat)": 4.61,
    "Roof Area (Sloped)": 51.74,
    "Floor Area": 39.09,
    "Shared Wall Area": 87.28,
    "Absolute Height (70%)": 5.149521827697754,
    "Surfaces": [
        {
            "Type": "G",
            "Centroid": {
                "x": 94146.4645,
                "y": 434210.0392
            },
            "Distances": [
                3.086128114639782,
                3.4889894725877864,
                6.561803314617213,
                6.292443336261516,
                2.9717958779164086,
                2.4995987558488606,
                5.0702206204402795,
                1.6800847419227247,
                2.2223412744645827,
                4.736784894858495
            ],
            "UnitPairs": [
                [
                    -0.9897515224687606,
                    -0.14280029331472135
                ],
                [
                    -0.12252831467793499,
                    -0.9924650180747858
                ],
                [
                    0.30426087224542925,
                    -0.9525887473723647
                ],
                [
                    0.8463326112635744,
                    -0.5326547766722642
                ],
                [
                    0.9810566135002903,
                    -0.1937212458852719
                ],
                [
                    0.10301653391547566,
                    0.9946796437748395
                ],
                [
                    -0.339926036560342,
                    0.9404521729829631
                ],
                [
                    -0.5794350580665878,
                    0.8150184129719831
                ],
                [
                    -0.5991429018124249,
                    0.8006421068166395
                ],
                [
                    -0.6300687209231068,
                    0.7765393788561659
                ]
            ]
        },
        {
            "Type": "F",
            "Centroid": {
                "x": 94146.32063636364,
                "y": 434210.6534090909
            },
            "Distances": [
                3.0959065281940314,
                7.190836760881087,
                6.755913965108776,
                3.2826193053770982,
                1.9146323774484086,
                4.444290980852148,
                1.0575651514902231,
                1.6315528171549478,
                4.178261366871588,
                1.663705790958836,
                1.121810490645809
            ],
            "UnitPairs": [
                [
                    -0.9401564088358394,
                    -0.3407431979143499
                ],
                [
                    0.2976515400839336,
                    -0.9546745836596167
                ],
                [
                    0.8095667980103213,
                    -0.5870277672813405
                ],
                [
                    0.9319885590605764,
                    -0.36248769052229973
                ],
                [
                    0.2096296088452824,
                    0.9777808686486834
                ],
                [
                    -0.3554304545851012,
                    0.9347027291890339
                ],
                [
                    -0.6360235704561178,
                    0.7716696299740271
                ],
                [
                    -0.6433358164060127,
                    0.7655841085923931
                ],
                [
                    -0.6798608593885623,
                    0.7333411292648502
                ],
                [
                    -0.7138499908422689,
                    0.7002986438473894
                ],
                [
                    -0.7395512615995731,
                    0.673100238795441
                ]
            ]
        },
        {
            "Type": "R",
            "Centroid": {
                "x": 94146.037,
                "y": 434206.5765
            },
            "Distances": [
                0.0
            ],
            "UnitPairs": [
                [
                    0.0,
                    0.0
                ]
            ]
        }
    ]
}