{
    "Pand ID": "0599100000055104",
    "Archetype ID": "TI.1946",
    "Construction Year": 1941,
    "Number of Floors": 2,
    "Wall Area": 56.86,
    "Roof Area (Flat)": 0.0,
    "Roof Area (Sloped)": 40.67,
    "Floor Area": 37.32,
    "Shared Wall Area": 104.79,
    "Absolute Height (70%)": 5.51342248916626,
    "Surfaces": [
        {
            "Type": "G",
            "Centroid": {
                "x": 94386.48208333332,
                "y": 432660.37166666664
            },
            "Distances": [
                4.839846628642132,
                4.84803582791541,
                2.4648080497694713,
                4.31128040404711,
                4.3241055401383255,
                2.469411412094689
            ],
            "UnitPairs": [
                [
                    -0.9526817040106509,
                    -0.3039696873758345
                ],
                [
                    -0.2272741729702299,
                    -0.9738308119487172
                ],
                [
                    0.8792435852696135,
                    -0.4763724569727302
                ],
                [
                    0.9716757608123658,
                    0.2363180396197255
                ],
                [
                    0.15937785520745504,
                    0.9872176554688796
                ],
                [
                    -0.5397372534974657,
                    0.8418335329428333
                ]
            ]
        },
        {
            "Type": "F",
            "Centroid": {
                "x": 94386.04865,
                "y": 432660.60649999994
            },
            "Distances": [
                4.512328308071626,
                5.000869380364955,
                4.688612455736803,
                4.187288712323863,
                2.0516472309200102
            ],
            "UnitPairs": [
                [
                    -0.9257748361368078,
                    -0.3780753268541426
                ],
                [
                    -0.13365676028639617,
                    -0.9910276839875589
                ],
                [
                    0.9859206841346823,
                    0.16721364954871346
                ],
                [
                    0.2680971094012289,
                    0.9633918932245099
                ],
                [
                    -0.4383794574623197,
                    0.8987899928654315
                ]
            ]
        },
        {
            "Type": "R",
            "Centroid": {
                "x": 94388.64925,
                "y": 432659.1975
            },
            "Distances": [
                0.0
            ],
            "UnitPairs": [
                [
                    0.0,
                    0.0
                ]
            ]
        }
    ]
}