{
    "Pand ID": "0599100000137164",
    "Archetype ID": "TI.1946",
    "Construction Year": 1939,
    "Number of Floors": 3,
    "Wall Area": 68.9,
    "Roof Area (Flat)": 0.0,
    "Roof Area (Sloped)": 76.5,
    "Floor Area": 67.45,
    "Shared Wall Area": 139.54,
    "Absolute Height (70%)": 2.760695219039917,
    "Surfaces": [
        {
            "Type": "G",
            "Centroid": {
                "x": 91996.45882142858,
                "y": 442284.07925
            },
            "Distances": [
                3.7652477443826777,
                7.889480102686764,
                7.5362379970639735,
                6.871801167865987,
                7.238592503638681,
                3.6291409655767093,
                3.6060914146546215,
                4.889182491348048,
                4.232985421249584,
                5.6983841072413846,
                5.979885188017918,
                4.944897038286621,
                5.315175283175369,
                3.8653823140340333
            ],
            "UnitPairs": [
                [
                    -0.9994219993069581,
                    -0.033995107019727584
                ],
                [
                    -0.8662258272564602,
                    -0.49965269557349656
                ],
                [
                    -0.4812840876298506,
                    -0.8765646735947681
                ],
                [
                    -0.466845787618392,
                    -0.8843387419891561
                ],
                [
                    -0.31084377625064574,
                    -0.9504610180150675
                ],
                [
                    0.13279411739696964,
                    -0.9911436436686459
                ],
                [
                    0.9991229165157495,
                    0.041873591833787464
                ],
                [
                    0.9557688999528714,
                    0.2941187003284188
                ],
                [
                    0.8143020181751333,
                    0.5804414037574378
                ],
                [
                    0.774593022928117,
                    0.632459997810993
                ],
                [
                    0.3197266354305516,
                    0.9475098303428092
                ],
                [
                    0.2311329361514362,
                    0.9729221787101043
                ],
                [
                    0.11155390741292587,
                    0.9937583839852162
                ],
                [
                    -0.15110314611122375,
                    0.988518001472553
                ]
            ]
        },
        {
            "Type": "F",
            "Centroid": {
                "x": 91996.85003571429,
                "y": 442284.18925
            },
            "Distances": [
                8.283927670666445,
                7.8263194467064885,
                7.157780846935702,
                7.472381830739155,
                3.7081097720530463,
                3.2119759733036712,
                4.482929982115201,
                3.8530246295552524,
                5.328251704317763,
                1.85601106722945,
                5.760356580852266,
                4.7607221476736035,
                5.175932056477408,
                3.83701749078255
            ],
            "UnitPairs": [
                [
                    -0.872205311482059,
                    -0.48913995402388066
                ],
                [
                    -0.513432366472671,
                    -0.8581300630197458
                ],
                [
                    -0.502849387436263,
                    -0.8643740472474721
                ],
                [
                    -0.35347306576605203,
                    -0.9354447026831401
                ],
                [
                    0.02446375412113806,
                    -0.9997007175821675
                ],
                [
                    0.9999185275391329,
                    0.012764728119797305
                ],
                [
                    0.9551151373747427,
                    0.2962348297510376
                ],
                [
                    0.7930689729504579,
                    0.6091318446307875
                ],
                [
                    0.7549782759809519,
                    0.6557498019800155
                ],
                [
                    0.7126650853872473,
                    0.7015044376694902
                ],
                [
                    0.2639965537490589,
                    0.9645236231470022
                ],
                [
                    0.15789921410931607,
                    0.9874552335086693
                ],
                [
                    0.03897158685750753,
                    0.9992403191514081
                ],
                [
                    -0.254178073629153,
                    0.9671574364529142
                ]
            ]
        },
        {
            "Type": "R",
            "Centroid": {
                "x": 91992.69575,
                "y": 442283.95125
            },
            "Distances": [
                0.0
            ],
            "UnitPairs": [
                [
                    0.0,
                    0.0
                ]
            ]
        }
    ]
}