{
    "Pand ID": "0599100000229640",
    "Archetype ID": "TI.1946",
    "Construction Year": 1915,
    "Number of Floors": 3,
    "Wall Area": 74.36,
    "Roof Area (Flat)": 14.24,
    "Roof Area (Sloped)": 34.86,
    "Floor Area": 34.07,
    "Shared Wall Area": 122.9,
    "Absolute Height (70%)": 9.75825023651123,
    "Surfaces": [
        {
            "Type": "G",
            "Centroid": {
                "x": 84141.414375,
                "y": 431041.604
            },
            "Distances": [
                4.506950222977253,
                4.5266683457618315,
                4.496051357866214,
                4.498392747691977
            ],
            "UnitPairs": [
                [
                    -0.5809915509266703,
                    -0.8139095881925844
                ],
                [
                    0.998858245101144,
                    -0.04777244177832011
                ],
                [
                    0.5761722440010412,
                    0.8173282971014797
                ],
                [
                    -0.9989123342559116,
                    0.04662776502692038
                ]
            ]
        },
        {
            "Type": "F",
            "Centroid": {
                "x": 84141.25216071428,
                "y": 431041.8560357143
            },
            "Distances": [
                4.261293769713514,
                4.008647209354681,
                4.155633029708018,
                4.626227360620504,
                3.190700418956164,
                2.460500737213522,
                2.924403532423097,
                4.707066073513795,
                4.150269873209014,
                4.392312491171112,
                4.355133000129024,
                2.7776316001093293,
                1.8678659764686019,
                2.753756710458134
            ],
            "UnitPairs": [
                [
                    -0.9999981096275705,
                    -0.0019444128382505106
                ],
                [
                    -0.9946711461627474,
                    -0.10309854989904661
                ],
                [
                    -0.9939004923583235,
                    -0.11028060250960835
                ],
                [
                    -0.5309479026467014,
                    -0.8474044634500509
                ],
                [
                    -0.23765493926639367,
                    -0.9713496434560969
                ],
                [
                    0.4197171210290664,
                    -0.9076549665567153
                ],
                [
                    0.9539430023186459,
                    -0.2999879136353462
                ],
                [
                    0.9950389929867316,
                    -0.09948568960383644
                ],
                [
                    0.9964928575881233,
                    -0.08367786311717267
                ],
                [
                    0.6267118496799778,
                    0.779251087564657
                ],
                [
                    0.6235663263641409,
                    0.7817704500841215
                ],
                [
                    0.37071665143629967,
                    0.9287460171370088
                ],
                [
                    -0.48573384049989127,
                    0.8741067647565864
                ],
                [
                    -0.9584309696892912,
                    0.2853245105847812
                ]
            ]
        },
        {
            "Type": "R",
            "Centroid": {
                "x": 84142.284875,
                "y": 431039.62275
            },
            "Distances": [
                0.0
            ],
            "UnitPairs": [
                [
                    0.0,
                    0.0
                ]
            ]
        }
    ]
}