{
    "Pand ID": "0599100000066605",
    "Archetype ID": "TI.1946",
    "Construction Year": 1903,
    "Number of Floors": 4,
    "Wall Area": 158.39,
    "Roof Area (Flat)": 25.83,
    "Roof Area (Sloped)": 72.77,
    "Floor Area": 67.75,
    "Shared Wall Area": 250.26,
    "Absolute Height (70%)": 10.140313148498535,
    "Surfaces": [
        {
            "Type": "G",
            "Centroid": {
                "x": 94537.69437019232,
                "y": 438485.01378846157
            },
            "Distances": [
                4.886774427756381,
                2.167190187265503,
                4.375151909454135,
                7.56468719676834,
                7.8793545079302,
                8.208021742351473,
                8.435654449996767,
                5.487104560802741,
                4.182889634247006,
                4.157394274509227,
                4.690269444440092,
                5.7470263213514645,
                6.042935634028453
            ],
            "UnitPairs": [
                [
                    -0.9999044900786872,
                    -0.0138206628090113
                ],
                [
                    -0.7831835444301452,
                    -0.621790588328446
                ],
                [
                    0.6776204275955499,
                    -0.7354118275532588
                ],
                [
                    0.8062054846485459,
                    -0.5916356281721067
                ],
                [
                    0.812210226261108,
                    -0.5833648501211568
                ],
                [
                    0.9999598643035064,
                    -0.008959340495435732
                ],
                [
                    0.9984634099944368,
                    0.055414970019671134
                ],
                [
                    -0.46022591046478023,
                    0.8878018423819946
                ],
                [
                    -0.8762621089260767,
                    0.4818347397816231
                ],
                [
                    -0.9073730907466625,
                    0.42032615215906916
                ],
                [
                    -0.9098214383755252,
                    0.4149999400870928
                ],
                [
                    -0.9133954498886734,
                    0.40707339893767075
                ],
                [
                    -0.9979102968362268,
                    0.06461454533024016
                ]
            ]
        },
        {
            "Type": "F",
            "Centroid": {
                "x": 94538.97309953703,
                "y": 438484.7689907407
            },
            "Distances": [
                3.173772768644848,
                3.417551553939752,
                3.1051880234487803,
                3.295439316762235,
                2.998432620466424,
                6.4133618469230464,
                6.720261091826355,
                6.376300686044865,
                3.595198561716601,
                3.6380102765460913,
                2.819545004337278,
                3.011638257576981,
                6.931079098958137,
                7.179381593746009,
                2.955779441318568,
                2.8420607537687825,
                3.0265718221545614,
                6.375484811944968,
                2.9211534179164698,
                2.775473231939346,
                2.763929830104553,
                5.4362003405724355,
                7.020944628469301,
                5.963232676790932,
                5.429739598327589,
                7.336591629311195,
                6.167584820089078
            ],
            "UnitPairs": [
                [
                    -0.9376969474426825,
                    -0.3474542196558781
                ],
                [
                    0.493324807644251,
                    -0.8698451782718363
                ],
                [
                    0.5030171928947108,
                    -0.864276404660179
                ],
                [
                    0.5404326378895659,
                    -0.8413872853233078
                ],
                [
                    0.6866797502517246,
                    -0.7269600543318933
                ],
                [
                    0.7515501351728027,
                    -0.659675976765671
                ],
                [
                    0.762018453299051,
                    -0.647555307932629
                ],
                [
                    0.7687785134867301,
                    -0.639515126639811
                ],
                [
                    0.9512584365687997,
                    -0.3083948554316084
                ],
                [
                    0.954082781278025,
                    -0.29954306279529896
                ],
                [
                    0.9572335106608116,
                    -0.2893164462452451
                ],
                [
                    0.9987796360980676,
                    -0.04938864764104844
                ],
                [
                    0.9996946888119335,
                    0.024708888303836787
                ],
                [
                    0.9950666181587975,
                    0.09920899871490453
                ],
                [
                    0.6224967050147628,
                    0.7826224199738743
                ],
                [
                    0.3275661724461762,
                    0.9448282397711035
                ],
                [
                    -0.5759113410983578,
                    0.8175121572149805
                ],
                [
                    -0.5966663162465523,
                    0.8024894435796456
                ],
                [
                    -0.8116783673519673,
                    0.5841046378628104
                ],
                [
                    -0.887069278387194,
                    0.46163632368090685
                ],
                [
                    -0.8947539152773868,
                    0.4465595493277316
                ],
                [
                    -0.9094655692008318,
                    0.4157792424330574
                ],
                [
                    -0.9297946903840292,
                    0.3680785700549098
                ],
                [
                    -0.9300386782848082,
                    0.36746164003096554
                ],
                [
                    -0.930254010447912,
                    0.36691617032447077
                ],
                [
                    -0.9962442243388054,
                    0.08658779054561853
                ],
                [
                    -0.9995869074962199,
                    0.028740465586754683
                ]
            ]
        },
        {
            "Type": "R",
            "Centroid": {
                "x": 94540.6590625,
                "y": 438481.79625
            },
            "Distances": [
                0.0
            ],
            "UnitPairs": [
                [
                    0.0,
                    0.0
                ]
            ]
        }
    ]
}