{
    "Pand ID": "0599100000057206",
    "Archetype ID": "TI.1946",
    "Construction Year": 1931,
    "Number of Floors": 3,
    "Wall Area": 86.89,
    "Roof Area (Flat)": 6.21,
    "Roof Area (Sloped)": 66.2,
    "Floor Area": 58.81,
    "Shared Wall Area": 176.48,
    "Absolute Height (70%)": 4.377166748046875,
    "Surfaces": [
        {
            "Type": "G",
            "Centroid": {
                "x": 92347.06656250001,
                "y": 441078.4855
            },
            "Distances": [
                5.908385275409825,
                6.933817135071158,
                7.180422450140211,
                6.106648799666939,
                3.125916275686766,
                5.2318795439606305,
                4.280984298338745,
                3.5837389780066182,
                4.947441264201734,
                3.6486104975013656,
                5.414753324236034,
                2.529964142544786
            ],
            "UnitPairs": [
                [
                    -0.8931797359216203,
                    -0.4496998547242201
                ],
                [
                    -0.8618989920831902,
                    -0.5070800010313766
                ],
                [
                    -0.24751329219898932,
                    -0.9688844978555585
                ],
                [
                    -0.1659257038097348,
                    -0.9861382564403656
                ],
                [
                    0.5895071516562947,
                    -0.8077631572101331
                ],
                [
                    0.963850554589755,
                    0.26644344318639507
                ],
                [
                    0.6687130343157613,
                    0.743520596712833
                ],
                [
                    0.49494397077424074,
                    0.8689248907668761
                ],
                [
                    0.45958099926222834,
                    0.8881358596054613
                ],
                [
                    0.3872021968242617,
                    0.9219948257850831
                ],
                [
                    0.21843100307058583,
                    0.9758523950360412
                ],
                [
                    -0.927779947760512,
                    0.3731278179572003
                ]
            ]
        },
        {
            "Type": "F",
            "Centroid": {
                "x": 92346.01481250001,
                "y": 441077.67972222227
            },
            "Distances": [
                4.61322815025758,
                4.511231055157323,
                4.6692362889245205,
                5.62103235572563,
                4.234280664278879,
                4.119137567462256,
                6.193858658182828,
                5.216364301114101,
                3.3665791687635234,
                1.6990438714595477,
                6.479348155600481,
                5.588708116404092,
                4.831988004626312,
                6.172247498939156,
                4.84363571769275,
                6.486785307999118,
                1.0095733804160978,
                1.234344571667054
            ],
            "UnitPairs": [
                [
                    -0.9159529644721964,
                    -0.4012856424974551
                ],
                [
                    -0.897205208628797,
                    -0.441613873886857
                ],
                [
                    -0.8899742362289362,
                    -0.45601081001301
                ],
                [
                    -0.8760846208245233,
                    -0.48215737799472813
                ],
                [
                    -0.804977343320602,
                    -0.5933055509099047
                ],
                [
                    -0.7315851803104646,
                    -0.6817500450679155
                ],
                [
                    -0.11713215300070584,
                    -0.9931163369582736
                ],
                [
                    0.007380619483744224,
                    -0.999972762857087
                ],
                [
                    0.8597748203432177,
                    -0.5106733381563869
                ],
                [
                    0.9508288909559184,
                    -0.30971667718019036
                ],
                [
                    0.9406038776792899,
                    0.3395060313082574
                ],
                [
                    0.7004302100710951,
                    0.7137208984048047
                ],
                [
                    0.5847489681858695,
                    0.8112143022688647
                ],
                [
                    0.5387826720434167,
                    0.8424447948119544
                ],
                [
                    0.5088120047890942,
                    0.8608776590099797
                ],
                [
                    0.3444695475331876,
                    0.9387974919130755
                ],
                [
                    -0.34717634875689596,
                    0.93779986290457
                ],
                [
                    -0.45084655677179997,
                    0.892601468880156
                ]
            ]
        },
        {
            "Type": "R",
            "Centroid": {
                "x": 92344.7193125,
                "y": 441079.4295
            },
            "Distances": [
                0.0
            ],
            "UnitPairs": [
                [
                    0.0,
                    0.0
                ]
            ]
        }
    ]
}