{
    "Pand ID": "0599100000670097",
    "Archetype ID": "TI.1946",
    "Construction Year": 1931,
    "Number of Floors": 3,
    "Wall Area": 223.91,
    "Roof Area (Flat)": 45.53,
    "Roof Area (Sloped)": 50.58,
    "Floor Area": 72.56,
    "Shared Wall Area": 124.53,
    "Absolute Height (70%)": 7.850218296051025,
    "Surfaces": [
        {
            "Type": "G",
            "Centroid": {
                "x": 91773.69987499999,
                "y": 440145.64275
            },
            "Distances": [
                4.050323762135289,
                6.520296299122024,
                5.555150095031427,
                5.355451085433033,
                5.372709705383889,
                7.4816429899048735,
                3.7977393378458624,
                5.752732314139034,
                2.9685924826686585,
                1.1846074573785708,
                1.1581013893897145,
                5.7756409884892514,
                5.799880458086496,
                6.010153914684224,
                6.508123986837601,
                7.00431965488706
            ],
            "UnitPairs": [
                [
                    -0.9974819884200127,
                    -0.07092025646920412
                ],
                [
                    -0.3372737831400857,
                    -0.9414066046116176
                ],
                [
                    -0.03746523431945672,
                    -0.9992979316587163
                ],
                [
                    0.10248903243662104,
                    -0.9947341344450814
                ],
                [
                    0.4682692976117367,
                    -0.8835857994072849
                ],
                [
                    0.8806722011317271,
                    -0.4737261594569155
                ],
                [
                    0.93526034412339,
                    -0.3539605750789175
                ],
                [
                    0.9911594506118073,
                    -0.1326760847436355
                ],
                [
                    0.8997108951814393,
                    0.4364863171873925
                ],
                [
                    0.7267175254016425,
                    0.6869364150153296
                ],
                [
                    0.7174458191760719,
                    0.6966143097487844
                ],
                [
                    -0.11585294192175437,
                    0.9932663770852583
                ],
                [
                    -0.4533067567498804,
                    0.8913545783160058
                ],
                [
                    -0.5693905761109151,
                    0.8220671334119131
                ],
                [
                    -0.7075963840426176,
                    0.7066168390930212
                ],
                [
                    -0.7848192645175686,
                    0.6197247147259036
                ]
            ]
        },
        {
            "Type": "F",
            "Centroid": {
                "x": 91773.51769117647,
                "y": 440145.3923235294
            },
            "Distances": [
                3.858116910294498,
                6.2237061003097045,
                5.300887004525579,
                5.129189424510751,
                5.244134177344753,
                7.529708562400121,
                3.890969700610913,
                5.906364043212363,
                3.2450895717540766,
                1.490115186763255,
                1.4642097765898585,
                6.006945463308193,
                5.946918033191671,
                6.563301082039151,
                7.023353977501086,
                3.353029004520345,
                2.9589946483181913
            ],
            "UnitPairs": [
                [
                    -0.9999544508841481,
                    -0.009544430678761349
                ],
                [
                    -0.32407397521223963,
                    -0.9460317429083109
                ],
                [
                    -0.004893742584741791,
                    -0.9999880255700636
                ],
                [
                    0.14252911386608988,
                    -0.9897906100284782
                ],
                [
                    0.5144908067354463,
                    -0.8574958949083719
                ],
                [
                    0.8992458031286851,
                    -0.4374436941543975
                ],
                [
                    0.9596730663149429,
                    -0.28111849065772115
                ],
                [
                    0.9962235277860992,
                    -0.08682558773437232
                ],
                [
                    0.8791926264111386,
                    0.47646650004411
                ],
                [
                    0.6999853654154846,
                    0.7141571873223362
                ],
                [
                    0.6918809310768408,
                    0.7220116184745533
                ],
                [
                    -0.08106302603470343,
                    0.9967089774904694
                ],
                [
                    -0.4114637469048467,
                    0.9114261270026355
                ],
                [
                    -0.6738897273159979,
                    0.7388319399010643
                ],
                [
                    -0.7567525705669071,
                    0.6537014203291731
                ],
                [
                    -0.9549398982713975,
                    0.2967992430741917
                ],
                [
                    -0.997954213320363,
                    0.06393268425566992
                ]
            ]
        },
        {
            "Type": "R",
            "Centroid": {
                "x": 91770.27775,
                "y": 440150.5835
            },
            "Distances": [
                0.0
            ],
            "UnitPairs": [
                [
                    0.0,
                    0.0
                ]
            ]
        }
    ]
}