{
    "Pand ID": "0599100000282010",
    "Archetype ID": "TI.1946",
    "Construction Year": 1918,
    "Number of Floors": 2,
    "Wall Area": 59.01,
    "Roof Area (Flat)": 7.08,
    "Roof Area (Sloped)": 49.99,
    "Floor Area": 50.69,
    "Shared Wall Area": 127.84,
    "Absolute Height (70%)": 6.068556308746338,
    "Surfaces": [
        {
            "Type": "G",
            "Centroid": {
                "x": 97476.40065384615,
                "y": 436023.90951923083
            },
            "Distances": [
                6.7545476874168,
                5.447081942869092,
                2.7448029914259138,
                2.4380485576408564,
                3.955456571943752,
                6.63657910025278,
                3.4134430283443242,
                3.1944184615814124,
                7.035540135622784,
                3.9765133645237225,
                2.7283314145400595,
                6.729836139274639,
                6.509691071470076
            ],
            "UnitPairs": [
                [
                    -0.99490804671812,
                    -0.10078679762516006
                ],
                [
                    -0.9823890850681098,
                    -0.18684668993333042
                ],
                [
                    -0.7447360894501072,
                    -0.6673590915470936
                ],
                [
                    0.1348808877559965,
                    -0.990861819891227
                ],
                [
                    0.6587978167506838,
                    -0.7523200360515014
                ],
                [
                    0.9809038746476675,
                    -0.1944931584945678
                ],
                [
                    0.9854701326249868,
                    -0.16984880836818012
                ],
                [
                    0.9860468162595559,
                    -0.16646824365143498
                ],
                [
                    0.9933631276529797,
                    0.11502041827210527
                ],
                [
                    0.9216229942889848,
                    0.3880864032632502
                ],
                [
                    -0.3445893124064981,
                    0.9387535383556308
                ],
                [
                    -0.8440255793168345,
                    0.5363029194950201
                ],
                [
                    -0.9026778354979471,
                    0.43031700559092617
                ]
            ]
        },
        {
            "Type": "F",
            "Centroid": {
                "x": 97476.7690882353,
                "y": 436024.12951470586
            },
            "Distances": [
                7.145590264280243,
                5.829091765720653,
                5.85198693166572,
                2.636061989575502,
                3.901143865564979,
                2.8812152952656507,
                3.100341146515625,
                6.324503811358998,
                3.12456322428001,
                6.646581840768658,
                3.276939361330691,
                3.552081385055585,
                0.8869868632199012,
                1.3913760608133716,
                2.6821233887160263,
                6.933421631468589,
                6.757045054785404
            ],
            "UnitPairs": [
                [
                    -0.9920227683272003,
                    -0.12605882404829125
                ],
                [
                    -0.9789841135911301,
                    -0.20393652281087127
                ],
                [
                    -0.9773754285656087,
                    -0.21151187114720726
                ],
                [
                    -0.015017945503809606,
                    -0.9998872242972429
                ],
                [
                    0.5735271094324851,
                    -0.8191865811559771
                ],
                [
                    0.9653606133712119,
                    -0.2609193096563717
                ],
                [
                    0.966155536807887,
                    -0.2579602269642816
                ],
                [
                    0.9710503697796163,
                    -0.238874819415673
                ],
                [
                    0.9999515261593575,
                    -0.009846082041700992
                ],
                [
                    0.9960626263700308,
                    0.08865237926212871
                ],
                [
                    0.9845808569948569,
                    0.17493008900493143
                ],
                [
                    0.9280225893923316,
                    0.3725239234969371
                ],
                [
                    0.8527880130626665,
                    0.5222572208946751
                ],
                [
                    0.7017597845749619,
                    0.7124136472256151
                ],
                [
                    -0.48789263044709624,
                    0.8729036494112127
                ],
                [
                    -0.8723814238927816,
                    0.4888257882383078
                ],
                [
                    -0.9241596266822844,
                    0.3820065240417509
                ]
            ]
        },
        {
            "Type": "R",
            "Centroid": {
                "x": 97474.35650000001,
                "y": 436022.07775
            },
            "Distances": [
                0.0
            ],
            "UnitPairs": [
                [
                    0.0,
                    0.0
                ]
            ]
        }
    ]
}