{
    "Pand ID": "0599100000155030",
    "Archetype ID": "TI.1946",
    "Construction Year": 1937,
    "Number of Floors": 3,
    "Wall Area": 81.68,
    "Roof Area (Flat)": 16.13,
    "Roof Area (Sloped)": 69.35,
    "Floor Area": 55.64,
    "Shared Wall Area": 149.81,
    "Absolute Height (70%)": 3.544801712036133,
    "Surfaces": [
        {
            "Type": "G",
            "Centroid": {
                "x": 94087.56676785715,
                "y": 441863.56842857145
            },
            "Distances": [
                6.5915500256036355,
                6.454681625195572,
                6.525415642808407,
                7.065798005484406,
                3.277261643946714,
                4.891338017030125,
                4.751264045016337,
                4.985838705458977,
                4.471735092758789,
                3.7636846151644874,
                4.308371936097281,
                3.2519228197391206,
                2.211487675709561,
                2.3043031539944296
            ],
            "UnitPairs": [
                [
                    -0.8548282020548632,
                    -0.5189111147119995
                ],
                [
                    -0.8193499175067672,
                    -0.5732937403126375
                ],
                [
                    -0.8173644636763324,
                    -0.5761209365394574
                ],
                [
                    -0.22511864277925714,
                    -0.9743313587651921
                ],
                [
                    0.5935922590902947,
                    -0.8047659473089555
                ],
                [
                    0.9858973405770526,
                    0.1673512289859122
                ],
                [
                    0.9793935042907138,
                    0.2019612927101521
                ],
                [
                    0.9152636923184281,
                    0.4028552761521661
                ],
                [
                    0.6602263062583759,
                    0.7510667244156283
                ],
                [
                    0.5004024873036919,
                    0.8657929028932256
                ],
                [
                    0.16325358007485896,
                    0.9865841416689919
                ],
                [
                    -0.0380214611467192,
                    0.9992769228258344
                ],
                [
                    -0.6243050197861247,
                    0.7811806719766219
                ],
                [
                    -0.9424293211479574,
                    0.33440540462229373
                ]
            ]
        },
        {
            "Type": "F",
            "Centroid": {
                "x": 94087.38994318183,
                "y": 441862.8472727273
            },
            "Distances": [
                3.6572220975843903,
                6.088830147259953,
                6.149593616892608,
                5.9166503283039455,
                5.985304915021777,
                6.323354533956548,
                4.2774610160672015,
                2.256363086965016,
                2.8593280390391005,
                2.5921418518598003,
                2.6226975908146515,
                3.698919758540366,
                5.230925245637465,
                5.114244867218496,
                5.469984885971364,
                5.1415905584868575,
                4.481358977923821,
                5.04903873103088,
                3.971083401322523,
                2.7286339936225112,
                2.4908933808514564,
                2.4239552985250463
            ],
            "UnitPairs": [
                [
                    -0.9763744411851797,
                    -0.2160855168685033
                ],
                [
                    -0.8963656482152944,
                    -0.4433154911567777
                ],
                [
                    -0.8943384757514814,
                    -0.4473909820174261
                ],
                [
                    -0.8639716559490903,
                    -0.5035404429800916
                ],
                [
                    -0.8615798618524569,
                    -0.5076220460640978
                ],
                [
                    -0.22358673299667903,
                    -0.9746840374336043
                ],
                [
                    -0.023569631947360236,
                    -0.9997221976378567
                ],
                [
                    0.18533445286274136,
                    -0.9826755011610232
                ],
                [
                    0.7421959947251899,
                    -0.6701828895263485
                ],
                [
                    0.975325411442672,
                    -0.22077214904553233
                ],
                [
                    0.9807390021578435,
                    -0.19532283442147147
                ],
                [
                    0.9722248799474696,
                    0.23404867615760674
                ],
                [
                    0.9556974308402986,
                    0.29435084624517843
                ],
                [
                    0.9444565021005692,
                    0.32863644904355527
                ],
                [
                    0.8665804233462153,
                    0.499037443357805
                ],
                [
                    0.6086019068579707,
                    0.7934757204658767
                ],
                [
                    0.4597225592334411,
                    0.8880625926880691
                ],
                [
                    0.17432661246434367,
                    0.9846878856707371
                ],
                [
                    0.013392269263193281,
                    0.9999103195406986
                ],
                [
                    -0.4411797934916514,
                    0.8974187371649112
                ],
                [
                    -0.8008444669503414,
                    0.5988723902093195
                ],
                [
                    -0.9978806883480957,
                    0.06507020686866423
                ]
            ]
        },
        {
            "Type": "R",
            "Centroid": {
                "x": 94089.51212500001,
                "y": 441860.931
            },
            "Distances": [
                0.0
            ],
            "UnitPairs": [
                [
                    0.0,
                    0.0
                ]
            ]
        }
    ]
}