{
    "Pand ID": "0599100000213520",
    "Archetype ID": "TI.1946",
    "Construction Year": 1934,
    "Number of Floors": 4,
    "Wall Area": 77.87,
    "Roof Area (Flat)": 0.0,
    "Roof Area (Sloped)": 79.39,
    "Floor Area": 57.99,
    "Shared Wall Area": 175.93,
    "Absolute Height (70%)": 4.742336750030518,
    "Surfaces": [
        {
            "Type": "G",
            "Centroid": {
                "x": 92323.62141250001,
                "y": 441738.304
            },
            "Distances": [
                3.554118605232633,
                7.6819499777302545,
                7.66681651404456,
                3.5648709177437965,
                3.772033862504757,
                2.7859945190025255,
                2.9044832001393304,
                3.9518222960875913,
                4.716417947994951,
                4.257180224062813
            ],
            "UnitPairs": [
                [
                    -0.9999947651650876,
                    -0.003235682682457643
                ],
                [
                    -0.8671105668902317,
                    -0.49811571425453044
                ],
                [
                    -0.3157894799714746,
                    -0.9488292809243113
                ],
                [
                    0.18174571111590246,
                    -0.98334556311145
                ],
                [
                    0.9965180952776851,
                    0.0833767700509828
                ],
                [
                    0.857467587856608,
                    0.5145379828305878
                ],
                [
                    0.8496864433129941,
                    0.5272882969022865
                ],
                [
                    0.7993527449658593,
                    0.600862038337875
                ],
                [
                    0.06146613874881255,
                    0.9981091692732372
                ],
                [
                    -0.01787568202434604,
                    0.9998402172308156
                ]
            ]
        },
        {
            "Type": "F",
            "Centroid": {
                "x": 92324.0163125,
                "y": 441738.3052777778
            },
            "Distances": [
                8.027391775425158,
                7.801717648793308,
                3.5158924020632085,
                3.3785506005522996,
                2.45505529343408,
                2.576608051170878,
                3.6430591150860505,
                4.707393398171671,
                4.281209777699445
            ],
            "UnitPairs": [
                [
                    -0.8789903616761182,
                    -0.4768395370357692
                ],
                [
                    -0.36094615657196577,
                    -0.9325866565933302
                ],
                [
                    0.0719589711700241,
                    -0.9974075929469114
                ],
                [
                    0.9956932417858344,
                    0.09270905167250791
                ],
                [
                    0.8122016662267871,
                    0.5833767679454083
                ],
                [
                    0.8045461159922763,
                    0.5938901811292578
                ],
                [
                    0.7587030329989145,
                    0.6514366490444394
                ],
                [
                    -0.022305337819589703,
                    0.9997512050029017
                ],
                [
                    -0.11001563213367016,
                    0.9939298570252476
                ]
            ]
        },
        {
            "Type": "R",
            "Centroid": {
                "x": 92320.0673125,
                "y": 441738.2925
            },
            "Distances": [
                0.0
            ],
            "UnitPairs": [
                [
                    0.0,
                    0.0
                ]
            ]
        }
    ]
}