{
    "Pand ID": "0599100000193199",
    "Archetype ID": "TI.1946",
    "Construction Year": 1941,
    "Number of Floors": 2,
    "Wall Area": 56.81,
    "Roof Area (Flat)": 0.0,
    "Roof Area (Sloped)": 43.4,
    "Floor Area": 38.3,
    "Shared Wall Area": 97.23,
    "Absolute Height (70%)": 5.72153902053833,
    "Surfaces": [
        {
            "Type": "G",
            "Centroid": {
                "x": 93963.58747916667,
                "y": 433063.12625
            },
            "Distances": [
                4.57266643886039,
                4.575331320702493,
                2.553248589747331,
                4.492339890805241,
                4.508822909365588,
                2.553833137584955
            ],
            "UnitPairs": [
                [
                    -0.9945327802652588,
                    -0.10442484846938647
                ],
                [
                    -0.27684698175438427,
                    -0.9609140173259456
                ],
                [
                    0.6651656795791232,
                    -0.7466958006511373
                ],
                [
                    0.9955465174156615,
                    0.09427158459232617
                ],
                [
                    0.2691020156974542,
                    0.9631116784400277
                ],
                [
                    -0.6146316466654641,
                    0.7888142613551685
                ]
            ]
        },
        {
            "Type": "F",
            "Centroid": {
                "x": 93963.90141250001,
                "y": 433062.72335
            },
            "Distances": [
                4.862172325209795,
                4.295013075637862,
                2.043863087385319,
                4.239720217188284,
                4.829880073058413
            ],
            "UnitPairs": [
                [
                    -0.9998822902259121,
                    -0.01534293624391926
                ],
                [
                    -0.36800819279610747,
                    -0.9298225476051563
                ],
                [
                    0.6773447832880074,
                    -0.7356657152216096
                ],
                [
                    0.9808194378349903,
                    0.19491852237551321
                ],
                [
                    0.18621580378604718,
                    0.9825088673494587
                ]
            ]
        },
        {
            "Type": "R",
            "Centroid": {
                "x": 93962.01781250001,
                "y": 433065.14075
            },
            "Distances": [
                0.0
            ],
            "UnitPairs": [
                [
                    0.0,
                    0.0
                ]
            ]
        }
    ]
}