{
    "Pand ID": "0599100000214025",
    "Archetype ID": "TI.1946",
    "Construction Year": 1941,
    "Number of Floors": 2,
    "Wall Area": 49.76,
    "Roof Area (Flat)": 0.0,
    "Roof Area (Sloped)": 47.65,
    "Floor Area": 40.33,
    "Shared Wall Area": 88.16,
    "Absolute Height (70%)": 4.873528003692627,
    "Surfaces": [
        {
            "Type": "G",
            "Centroid": {
                "x": 94319.99962500001,
                "y": 432992.184625
            },
            "Distances": [
                3.139295327965483,
                3.033636828367331,
                3.1201615993972163,
                1.9981083945115672,
                5.566733459238866,
                6.085183966513056,
                3.226520014857721,
                4.121756774276054
            ],
            "UnitPairs": [
                [
                    -0.27956114615601885,
                    -0.9601278902104308
                ],
                [
                    -0.2540267815839374,
                    -0.9671971847757346
                ],
                [
                    -0.21941972497233048,
                    -0.9756305572772241
                ],
                [
                    0.5396979477987373,
                    -0.8418587322952893
                ],
                [
                    0.9575409059946749,
                    0.28829743902243976
                ],
                [
                    0.34351878455986895,
                    0.9391458058547195
                ],
                [
                    -0.668405895538311,
                    0.7437967187408322
                ],
                [
                    -0.9727951501238945,
                    0.23166699353906522
                ]
            ]
        },
        {
            "Type": "F",
            "Centroid": {
                "x": 94320.17050000001,
                "y": 432991.493875
            },
            "Distances": [
                2.5490044410578374,
                2.432931080141066,
                2.6179403432147854,
                2.5040475515976643,
                1.344016607261188,
                5.647152768492669,
                6.6870405928794705,
                4.492734344545515
            ],
            "UnitPairs": [
                [
                    -0.4113370628610188,
                    -0.9114833079749021
                ],
                [
                    -0.38698177999609623,
                    -0.9220873613443863
                ],
                [
                    -0.3668914772983598,
                    -0.9302637496354608
                ],
                [
                    -0.34164686667363214,
                    -0.9398283984281861
                ],
                [
                    0.6752148709311343,
                    -0.7376210938371078
                ],
                [
                    0.9136462588334516,
                    0.40651016434972154
                ],
                [
                    0.28704775652888076,
                    0.957916272683441
                ],
                [
                    -0.9305023799320836,
                    0.3662858459464796
                ]
            ]
        },
        {
            "Type": "R",
            "Centroid": {
                "x": 94317.84300000001,
                "y": 432994.5845
            },
            "Distances": [
                0.0
            ],
            "UnitPairs": [
                [
                    0.0,
                    0.0
                ]
            ]
        }
    ]
}