{
    "Pand ID": "0599100000288061",
    "Archetype ID": "TI.1946",
    "Construction Year": 1934,
    "Number of Floors": 2,
    "Wall Area": 62.13,
    "Roof Area (Flat)": 19.66,
    "Roof Area (Sloped)": 51.17,
    "Floor Area": 57.63,
    "Shared Wall Area": 130.56,
    "Absolute Height (70%)": 5.226922512054443,
    "Surfaces": [
        {
            "Type": "G",
            "Centroid": {
                "x": 86061.36765,
                "y": 434004.7564
            },
            "Distances": [
                8.244345539201595,
                3.457082609654844,
                2.1694503382238106,
                9.614970898030576,
                9.421537463186265,
                0.9482371907878439,
                0.5888220189716922,
                2.4004233730962947,
                3.649988790406801,
                8.333512810927102
            ],
            "UnitPairs": [
                [
                    -0.9565829043056144,
                    -0.29146036984508855
                ],
                [
                    -0.7851707079305574,
                    -0.6192793871975937
                ],
                [
                    0.4326441511341759,
                    -0.9015647722096225
                ],
                [
                    0.9873768834751409,
                    -0.15838841491383818
                ],
                [
                    0.9966101643917954,
                    0.082268950588655
                ],
                [
                    0.9318343644240367,
                    0.36288388952728634
                ],
                [
                    0.8348872565380556,
                    0.5504209923961466
                ],
                [
                    0.16355448143303283,
                    0.9865343033078838
                ],
                [
                    -0.7935366836222529,
                    0.6085224167980965
                ],
                [
                    -0.9710670858252161,
                    0.23880685674184957
                ]
            ]
        },
        {
            "Type": "F",
            "Centroid": {
                "x": 86061.66925,
                "y": 434004.99427777785
            },
            "Distances": [
                8.603316294996482,
                2.2843883073008975,
                9.359124017918168,
                9.103864658268954,
                0.5916140299831325,
                0.20864867984362492,
                2.1321650301732786,
                3.7630272896442776,
                8.574935493392
            ],
            "UnitPairs": [
                [
                    -0.9517260227613186,
                    -0.3069488191847656
                ],
                [
                    0.27884926479731786,
                    -0.9603348830080033
                ],
                [
                    0.9821431987007815,
                    -0.1881348910909326
                ],
                [
                    0.9982573710329526,
                    0.05901034806182659
                ],
                [
                    0.9837494895303127,
                    0.17954648938046466
                ],
                [
                    0.9106216255225139,
                    0.4132411585632952
                ],
                [
                    0.042679623158885495,
                    0.9990888097496716
                ],
                [
                    -0.849847676843786,
                    0.5270283921794156
                ],
                [
                    -0.9788994921849618,
                    0.20434232111832337
                ]
            ]
        },
        {
            "Type": "R",
            "Centroid": {
                "x": 86058.65325,
                "y": 434002.6155
            },
            "Distances": [
                0.0
            ],
            "UnitPairs": [
                [
                    0.0,
                    0.0
                ]
            ]
        }
    ]
}