{
    "Pand ID": "0599100000190132",
    "Archetype ID": "TI.1946",
    "Construction Year": 1931,
    "Number of Floors": 4,
    "Wall Area": 75.97,
    "Roof Area (Flat)": 0.0,
    "Roof Area (Sloped)": 99.43,
    "Floor Area": 69.26,
    "Shared Wall Area": 179.04,
    "Absolute Height (70%)": 8.441423416137695,
    "Surfaces": [
        {
            "Type": "G",
            "Centroid": {
                "x": 88558.49693750001,
                "y": 439203.95845
            },
            "Distances": [
                3.118883572690953,
                5.6207064271603215,
                6.359643601650029,
                6.330645396799338,
                5.7465967267720135,
                3.1185618384109897,
                5.700621048648647,
                6.417850414296605,
                6.3636274199575995,
                5.616591772604
            ],
            "UnitPairs": [
                [
                    -0.8232112357401766,
                    -0.5677352035510316
                ],
                [
                    0.0015122654254278599,
                    -0.9999988565259877
                ],
                [
                    0.07712696350981396,
                    -0.997021279361557
                ],
                [
                    0.8931948712311395,
                    -0.4496697921879876
                ],
                [
                    0.9180216136319588,
                    -0.39653034802468123
                ],
                [
                    0.8306713588612531,
                    0.5567630497506092
                ],
                [
                    -0.010612878753133442,
                    0.9999436818164168
                ],
                [
                    -0.08188099847773887,
                    0.9966421133427428
                ],
                [
                    -0.8920226822517556,
                    0.45199063524412053
                ],
                [
                    -0.9239589078416668,
                    0.3824917471266986
                ]
            ]
        },
        {
            "Type": "F",
            "Centroid": {
                "x": 88558.78221527778,
                "y": 439204.1551944444
            },
            "Distances": [
                5.824024879981436,
                6.540664799890244,
                6.171798875368537,
                5.570470628665192,
                2.7720535352920748,
                5.514407132695973,
                6.252347534470585,
                6.536268985206363,
                5.812207911160952
            ],
            "UnitPairs": [
                [
                    -0.04752345387955349,
                    -0.9988701223539314
                ],
                [
                    0.03137635523378033,
                    -0.9995076409574084
                ],
                [
                    0.8699606598748949,
                    -0.49312113143733494
                ],
                [
                    0.8958349401486206,
                    -0.44438694851324934
                ],
                [
                    0.8315936878143201,
                    0.5553844959911821
                ],
                [
                    -0.06270443394179777,
                    0.9980321407469995
                ],
                [
                    -0.12967573752207823,
                    0.9915564548214616
                ],
                [
                    -0.9121071656120983,
                    0.4099518489274863
                ],
                [
                    -0.9419445865431155,
                    0.33576836641071367
                ]
            ]
        },
        {
            "Type": "R",
            "Centroid": {
                "x": 88555.9294375,
                "y": 439202.18775
            },
            "Distances": [
                0.0
            ],
            "UnitPairs": [
                [
                    0.0,
                    0.0
                ]
            ]
        }
    ]
}