{
    "Pand ID": "0599100000145389",
    "Archetype ID": "TI.1946",
    "Construction Year": 1932,
    "Number of Floors": 2,
    "Wall Area": 82.94,
    "Roof Area (Flat)": 36.93,
    "Roof Area (Sloped)": 41.61,
    "Floor Area": 69.67,
    "Shared Wall Area": 125.56,
    "Absolute Height (70%)": 4.4527506828308105,
    "Surfaces": [
        {
            "Type": "G",
            "Centroid": {
                "x": 97348.97728571428,
                "y": 434162.7173571428
            },
            "Distances": [
                6.761291132642119,
                5.440553641254887,
                3.468738067443632,
                2.446163452773099,
                3.1167305778296823,
                6.215999832960207,
                9.820477523048467,
                5.682884409292273,
                10.135611817933883,
                3.042363565774969,
                3.5151990487291163,
                6.495413287909187,
                6.357937372914523,
                6.662267390346956
            ],
            "UnitPairs": [
                [
                    -0.984617521072953,
                    -0.17472360228702033
                ],
                [
                    -0.9635573987414761,
                    -0.2675016622949476
                ],
                [
                    -0.8346798339852526,
                    -0.5507354852725137
                ],
                [
                    -0.31162501156919015,
                    -0.9502051631960868
                ],
                [
                    0.4673853736633053,
                    -0.8840536819026391
                ],
                [
                    0.829426387430379,
                    -0.5586160289807219
                ],
                [
                    0.9832224821102897,
                    -0.18241039080293975
                ],
                [
                    0.9837811018275657,
                    -0.17937319667927187
                ],
                [
                    0.9981355311802512,
                    0.06103655786098844
                ],
                [
                    0.700348344193734,
                    0.7138012305853044
                ],
                [
                    -0.5408756909421858,
                    0.8411025424689983
                ],
                [
                    -0.8287826310129315,
                    0.5595706841242517
                ],
                [
                    -0.8600722834376449,
                    0.5101721937369338
                ],
                [
                    -0.8700169739011842,
                    0.49302176942182413
                ]
            ]
        },
        {
            "Type": "F",
            "Centroid": {
                "x": 97348.36974074075,
                "y": 434163.27314814815
            },
            "Distances": [
                6.294207393999687,
                5.052280535338364,
                2.83736237979261,
                2.5934015087307296,
                3.3638734199679465,
                2.884302004335952,
                2.0276589530788494,
                3.901905732898601,
                7.0314390271731,
                6.395272436244993,
                10.528228485940087,
                10.724443436153086,
                2.737967544432421,
                3.179471808015668,
                0.9323178286474711,
                1.1122413541607803,
                1.1327386414715432,
                1.0812548849188666,
                1.4073021656619342,
                2.7272430619231955,
                1.8673720334497814,
                2.207543149267735,
                4.529308145222047,
                5.68216757482999,
                5.998913918372272,
                5.554398988752819,
                5.8625645330181335
            ],
            "UnitPairs": [
                [
                    -0.9611600575007434,
                    -0.27599156484423154
                ],
                [
                    -0.9173561737767488,
                    -0.39806739433629007
                ],
                [
                    -0.7611790288474842,
                    -0.6485418151844958
                ],
                [
                    -0.6928124066761789,
                    -0.721117860793616
                ],
                [
                    -0.680091208889096,
                    -0.7331275111409802
                ],
                [
                    -0.053649285165578424,
                    -0.9985598400702997
                ],
                [
                    0.038595868964945455,
                    -0.9992549018638041
                ],
                [
                    0.5290387314738076,
                    -0.8485976788800358
                ],
                [
                    0.8196415039630012,
                    -0.5728767799285197
                ],
                [
                    0.9691939352169108,
                    -0.24629883462728475
                ],
                [
                    0.9748324965555565,
                    -0.22293856476451293
                ],
                [
                    0.9999828264387204,
                    0.005860616659357152
                ],
                [
                    0.9584698199206494,
                    0.28519397662166335
                ],
                [
                    0.8612308661956937,
                    0.5082139265228917
                ],
                [
                    0.8293944784767171,
                    0.5586634040926023
                ],
                [
                    0.7482721768490701,
                    0.6633918520403714
                ],
                [
                    0.7400288368188433,
                    0.6725751412864956
                ],
                [
                    0.704051625459516,
                    0.7101487933439112
                ],
                [
                    0.6546278985034758,
                    0.7559512646334571
                ],
                [
                    -0.4743767648755435,
                    0.8803219212005421
                ],
                [
                    -0.5787495589427145,
                    0.8155053329216269
                ],
                [
                    -0.6535504147283856,
                    0.7568829866025232
                ],
                [
                    -0.8267798570286377,
                    0.5625256154271604
                ],
                [
                    -0.8404786866702614,
                    0.5418446061861579
                ],
                [
                    -0.8517776401303117,
                    0.5239034756269874
                ],
                [
                    -0.875115516653096,
                    0.4839140755474933
                ],
                [
                    -0.8850633048917042,
                    0.4654706718303252
                ]
            ]
        },
        {
            "Type": "R",
            "Centroid": {
                "x": 97346.21,
                "y": 434161.433
            },
            "Distances": [
                0.0
            ],
            "UnitPairs": [
                [
                    0.0,
                    0.0
                ]
            ]
        }
    ]
}