{
    "Pand ID": "0599100000155784",
    "Archetype ID": "TI.1946",
    "Construction Year": 1917,
    "Number of Floors": 2,
    "Wall Area": 85.9,
    "Roof Area (Flat)": 0.0,
    "Roof Area (Sloped)": 100.36,
    "Floor Area": 50.52,
    "Shared Wall Area": 111.17,
    "Absolute Height (70%)": 11.313752174377441,
    "Surfaces": [
        {
            "Type": "G",
            "Centroid": {
                "x": 88513.08439999999,
                "y": 434275.8319
            },
            "Distances": [
                5.49067395862635,
                6.1460166547036135,
                5.033659138237273,
                4.246756917926326,
                3.9039329553734894
            ],
            "UnitPairs": [
                [
                    0.039448709144247314,
                    -0.9992215967175913
                ],
                [
                    0.8829458663853621,
                    -0.4694748097960126
                ],
                [
                    0.32890586242158654,
                    0.9443627129788175
                ],
                [
                    -0.8817081062940434,
                    0.4717953108026531
                ],
                [
                    -0.9104664553988404,
                    0.41358292227009485
                ]
            ]
        },
        {
            "Type": "F",
            "Centroid": {
                "x": 88513.62599999999,
                "y": 434275.4864
            },
            "Distances": [
                2.725234744014631,
                4.789978894518023,
                4.705676041757789,
                5.151162762909243,
                2.7560863212022175,
                2.7378894444585242,
                4.463636321424157,
                2.90061355752473,
                1.8000133360799035,
                1.6626189611699584,
                1.548603890619289,
                1.6073756281493197,
                5.505843896257904,
                5.332707362129553,
                3.279988050284176,
                4.324785383137084,
                0.9957257704996437,
                2.9982397519413606,
                5.219369388146745,
                1.0136353437209655,
                1.0784007650251273,
                4.056054561993315,
                3.505941757944928,
                3.9495744340502927,
                4.040532688898832,
                0.8884012663065306,
                4.887542000832461,
                2.6059521503559364,
                4.540837809261917,
                4.012805952200803
            ],
            "UnitPairs": [
                [
                    -0.8087376710716381,
                    -0.5881695158622411
                ],
                [
                    -0.11002136159523486,
                    -0.993929222828633
                ],
                [
                    -0.0818160869083002,
                    -0.9966474441461302
                ],
                [
                    -0.06309255112986142,
                    -0.9980076803271235
                ],
                [
                    0.061318834141321596,
                    -0.9981182297601567
                ],
                [
                    0.06610931656782267,
                    -0.9978123863046275
                ],
                [
                    0.5045213897016515,
                    -0.8633991934982996
                ],
                [
                    0.5326459279640299,
                    -0.8463381802939872
                ],
                [
                    0.5811068057307232,
                    -0.8138273037527284
                ],
                [
                    0.5912358892597551,
                    -0.8064986814937931
                ],
                [
                    0.7581021894140639,
                    -0.6521357760509713
                ],
                [
                    0.7739323517293558,
                    -0.6332682803888638
                ],
                [
                    0.8872391030427592,
                    -0.46130984601662267
                ],
                [
                    0.8980429029377448,
                    -0.4399078818152138
                ],
                [
                    0.9439058778695156,
                    0.33021461767065835
                ],
                [
                    0.3840653010167383,
                    0.9233059322645567
                ],
                [
                    0.33242084297918284,
                    0.9431311590404642
                ],
                [
                    0.2968408378408347,
                    0.9549269694536601
                ],
                [
                    0.21343574619020167,
                    0.9769571035865555
                ],
                [
                    -0.2002692597999472,
                    0.9797408961450885
                ],
                [
                    -0.34773714203667344,
                    0.9375920648385238
                ],
                [
                    -0.3700640553640964,
                    0.9290062405212782
                ],
                [
                    -0.38334920908244996,
                    0.9236034776330478
                ],
                [
                    -0.419032487584145,
                    0.9079712409261889
                ],
                [
                    -0.4251914616886042,
                    0.9051034310547652
                ],
                [
                    -0.7384050708475486,
                    0.674357435894813
                ],
                [
                    -0.8769234104305963,
                    0.48063014079307576
                ],
                [
                    -0.8860485023404797,
                    0.46359254901280816
                ],
                [
                    -0.9020361818772452,
                    0.431660429717992
                ],
                [
                    -0.9409874399551,
                    0.33844148363749244
                ]
            ]
        },
        {
            "Type": "R",
            "Centroid": {
                "x": 88516.722,
                "y": 434276.5695
            },
            "Distances": [
                0.0
            ],
            "UnitPairs": [
                [
                    0.0,
                    0.0
                ]
            ]
        }
    ]
}