{
    "Pand ID": "0599100000650207",
    "Archetype ID": "TI.1946",
    "Construction Year": 1900,
    "Number of Floors": 5,
    "Wall Area": 160.64,
    "Roof Area (Flat)": 0.0,
    "Roof Area (Sloped)": 111.03,
    "Floor Area": 69.14,
    "Shared Wall Area": 367.26,
    "Absolute Height (70%)": 13.655545234680176,
    "Surfaces": [
        {
            "Type": "G",
            "Centroid": {
                "x": 91374.44158333335,
                "y": 436628.66974999994
            },
            "Distances": [
                2.544256085339768,
                8.823384027333507,
                8.497012260830743,
                8.92924058137117,
                2.619853818005242,
                3.0959143013584374,
                4.5257085295576545,
                5.653788378442903,
                5.108388039428993,
                5.727777814704886,
                4.495673701254256,
                3.1070917314870163
            ],
            "UnitPairs": [
                [
                    -0.9467731441143975,
                    -0.32190155884018085
                ],
                [
                    -0.07727571771081848,
                    -0.9970097609613849
                ],
                [
                    0.21939084108953247,
                    -0.9756370528255
                ],
                [
                    0.4879660959907583,
                    -0.8728625832074245
                ],
                [
                    0.9997377138586373,
                    -0.022902041147146165
                ],
                [
                    0.6757831331883158,
                    0.7371005066462667
                ],
                [
                    0.36638830270025385,
                    0.9304620420223638
                ],
                [
                    0.2425217526495296,
                    0.9701459681366512
                ],
                [
                    -0.23526664851290943,
                    0.9719308638465513
                ],
                [
                    -0.6213288029795658,
                    0.7835499464539449
                ],
                [
                    -0.7246596505497808,
                    0.6891069516882483
                ],
                [
                    -0.9181683644636334,
                    0.39619042706528956
                ]
            ]
        },
        {
            "Type": "F",
            "Centroid": {
                "x": 91374.43367307693,
                "y": 436629.4112115384
            },
            "Distances": [
                2.8634719894339837,
                9.562239321095392,
                9.223446727037814,
                9.586866026918166,
                2.4275680588690367,
                2.622938983506879,
                2.746611322578945,
                0.8371081561510566,
                2.6045310200609624,
                3.8488322189568027,
                4.939940313010937,
                1.1684976497680006,
                1.3141195896690447,
                4.389046530829266,
                1.0993893006277116,
                0.6899249594990772,
                1.5145769362752675,
                1.1505012903176894,
                1.1229767737196068,
                0.6884745594283265,
                5.161938118768355,
                2.533199236690819,
                0.7599090961109518,
                4.014383330822086,
                1.0766728610563594,
                2.8867343519834425
            ],
            "UnitPairs": [
                [
                    -0.838465710783622,
                    -0.5449543575751233
                ],
                [
                    -0.0704775371438418,
                    -0.997513366706501
                ],
                [
                    0.20296934307469278,
                    -0.9791850927030229
                ],
                [
                    0.455318444089775,
                    -0.8903286553131189
                ],
                [
                    0.9009333085773674,
                    -0.43395757107790867
                ],
                [
                    0.9401960695959503,
                    -0.3406337486455606
                ],
                [
                    0.9564793174336875,
                    -0.29180012906369185
                ],
                [
                    0.9987681005555005,
                    0.04962137959345316
                ],
                [
                    0.8063167253139221,
                    0.5914840137138391
                ],
                [
                    0.43287855336334513,
                    0.9014522494497741
                ],
                [
                    0.27916874206694997,
                    0.9602420598228119
                ],
                [
                    0.15410978628119956,
                    0.9880537302051761
                ],
                [
                    0.02973620009911905,
                    0.9995577814231977
                ],
                [
                    -0.2720233354862036,
                    0.9622906551302264
                ],
                [
                    -0.31192142467588185,
                    0.9501079016765244
                ],
                [
                    -0.3289097949079087,
                    0.9443613433499052
                ],
                [
                    -0.3591254190518671,
                    0.9332893085162932
                ],
                [
                    -0.41540420766326036,
                    0.9096369299097629
                ],
                [
                    -0.4211334446067152,
                    0.9069986889922623
                ],
                [
                    -0.5140684896442644,
                    0.857749140457083
                ],
                [
                    -0.6879050068448305,
                    0.7258007313015148
                ],
                [
                    -0.6900061596447535,
                    0.723803495192099
                ],
                [
                    -0.7789393230725992,
                    0.627099299131486
                ],
                [
                    -0.8095696920532123,
                    0.5870237761018432
                ],
                [
                    -0.970511206073107,
                    0.2410560077793604
                ],
                [
                    -0.9855160641863822,
                    0.16958209584323033
                ]
            ]
        },
        {
            "Type": "R",
            "Centroid": {
                "x": 91373.23975000001,
                "y": 436633.63474999997
            },
            "Distances": [
                0.0
            ],
            "UnitPairs": [
                [
                    0.0,
                    0.0
                ]
            ]
        }
    ]
}