{
    "Pand ID": "0599100000187009",
    "Archetype ID": "TI.1946",
    "Construction Year": 1918,
    "Number of Floors": 4,
    "Wall Area": 149.34,
    "Roof Area (Flat)": 0.0,
    "Roof Area (Sloped)": 81.73,
    "Floor Area": 60.43,
    "Shared Wall Area": 226.71,
    "Absolute Height (70%)": 12.387298583984375,
    "Surfaces": [
        {
            "Type": "G",
            "Centroid": {
                "x": 89476.70804545455,
                "y": 436867.18011363636
            },
            "Distances": [
                4.225395503035181,
                4.163749050680758,
                4.35862676172036,
                3.1927479148685207,
                6.764832301393051,
                6.2082221121211205,
                6.885560436201078,
                3.529511178206746,
                4.512644585701389,
                4.340975756745922,
                4.442163915048741
            ],
            "UnitPairs": [
                [
                    -0.9929355610710222,
                    -0.11865484212864831
                ],
                [
                    -0.9910648803091034,
                    -0.1333806695810991
                ],
                [
                    -0.9843801016035812,
                    -0.17605628522413774
                ],
                [
                    -0.5927638213276429,
                    -0.8053763419203783
                ],
                [
                    0.420920197070598,
                    -0.9070976726340163
                ],
                [
                    0.6034665767099583,
                    -0.7973882936148261
                ],
                [
                    0.9960633718922784,
                    -0.08864400247385411
                ],
                [
                    0.5931287477929807,
                    0.8051076254399351
                ],
                [
                    -0.04709997663437217,
                    0.9988901802505826
                ],
                [
                    -0.08121341244472974,
                    0.9966967350398427
                ],
                [
                    -0.1070526580392588,
                    0.9942533522230284
                ]
            ]
        },
        {
            "Type": "F",
            "Centroid": {
                "x": 89476.81473076924,
                "y": 436867.1409038461
            },
            "Distances": [
                4.326982293620517,
                4.264581754229425,
                4.515295526581978,
                4.457111896913271,
                3.2262558437117175,
                6.684841134948135,
                6.112884110923268,
                8.209057366456564,
                6.775884035411632,
                4.558038857979645,
                4.659072646278597,
                4.389932293179164,
                4.493724247866433
            ],
            "UnitPairs": [
                [
                    -0.9942797259853544,
                    -0.10680742715040313
                ],
                [
                    -0.9926485205830589,
                    -0.12103270047497253
                ],
                [
                    -0.9886907164680047,
                    -0.14996888733995356
                ],
                [
                    -0.9865650382910314,
                    -0.16336898488334858
                ],
                [
                    -0.6196752105513571,
                    -0.784858352461214
                ],
                [
                    0.4099976611907769,
                    -0.912086573642049
                ],
                [
                    0.5954258521377048,
                    -0.8034102654348451
                ],
                [
                    0.982910567018924,
                    -0.18408372345902063
                ],
                [
                    0.9964410836244587,
                    -0.0842921518607425
                ],
                [
                    -0.07003686874633996,
                    0.9975444035310949
                ],
                [
                    -0.09534746567900462,
                    0.9954440520634955
                ],
                [
                    -0.10460998907659312,
                    0.9945133232819937
                ],
                [
                    -0.12956530866791846,
                    0.9915708904509989
                ]
            ]
        },
        {
            "Type": "R",
            "Centroid": {
                "x": 89478.8015,
                "y": 436870.02175
            },
            "Distances": [
                0.0
            ],
            "UnitPairs": [
                [
                    0.0,
                    0.0
                ]
            ]
        }
    ]
}