{
    "Pand ID": "0599100010046699",
    "Archetype ID": "TI.1946",
    "Construction Year": 1925,
    "Number of Floors": 2,
    "Wall Area": 84.99,
    "Roof Area (Flat)": 8.19,
    "Roof Area (Sloped)": 50.11,
    "Floor Area": 47.1,
    "Shared Wall Area": 166.2,
    "Absolute Height (70%)": 7.796917915344238,
    "Surfaces": [
        {
            "Type": "G",
            "Centroid": {
                "x": 93590.79387499999,
                "y": 433957.81883333327
            },
            "Distances": [
                5.724710158840171,
                5.961828248882065,
                5.044973710130343,
                3.4723662781092464,
                4.14452056768891,
                5.9528930000006355,
                3.92959169670093,
                3.5175537526524403,
                6.4018639918223,
                4.600633750137794,
                3.6587984461623932,
                6.094318233926089
            ],
            "UnitPairs": [
                [
                    -0.9702237922777808,
                    -0.24221022459450753
                ],
                [
                    -0.9287838845461989,
                    -0.37062176920315043
                ],
                [
                    -0.8997569186281847,
                    -0.4363914382532203
                ],
                [
                    -0.7770637611048673,
                    -0.6294218864780265
                ],
                [
                    0.8574574409671862,
                    -0.5145548920474902
                ],
                [
                    0.9994720214186836,
                    0.032491204983046175
                ],
                [
                    0.9992768468274715,
                    0.038023458476917925
                ],
                [
                    0.9992029254284371,
                    0.03991884035456274
                ],
                [
                    0.9223485546622363,
                    0.38635882766216645
                ],
                [
                    0.8463507880596425,
                    0.5326258945552892
                ],
                [
                    -0.7615204939513738,
                    0.6481408313723612
                ],
                [
                    -0.9235241390353943,
                    0.38354030377384557
                ]
            ]
        },
        {
            "Type": "F",
            "Centroid": {
                "x": 93590.95387499999,
                "y": 433957.3965625
            },
            "Distances": [
                5.7950454407420064,
                5.075716073630262,
                5.97102533365435,
                5.02482870704866,
                3.358402006205289,
                1.4054326860902353,
                3.8003562872741012,
                2.332181229058043,
                5.822394366589836,
                3.8098861085486235,
                3.4016120862197026,
                6.433285215208464,
                1.6208690678780924,
                4.710968322434431,
                0.165921020823678,
                6.412465450996255
            ],
            "UnitPairs": [
                [
                    -0.9860578417264109,
                    -0.16640292296066356
                ],
                [
                    -0.9737049764601939,
                    -0.22781268361672266
                ],
                [
                    -0.9541493598906978,
                    -0.2993309189177951
                ],
                [
                    -0.9352060087936175,
                    -0.3541041105611631
                ],
                [
                    -0.8510744082226042,
                    -0.5250450948904714
                ],
                [
                    0.38119933120799937,
                    -0.9244928717337814
                ],
                [
                    0.893008376969087,
                    -0.4500400411774901
                ],
                [
                    0.9346400583440436,
                    -0.35559522119770204
                ],
                [
                    0.994393308914133,
                    0.10574472652005679
                ],
                [
                    0.9886778482809216,
                    0.15005369811706362
                ],
                [
                    0.9862235654644623,
                    0.165417891784908
                ],
                [
                    0.8929730002359095,
                    0.4501102318873436
                ],
                [
                    0.8247118946826312,
                    0.5655530839532084
                ],
                [
                    0.7925652953807111,
                    0.6097870550922561
                ],
                [
                    -0.821173829087735,
                    0.5706781425824782
                ],
                [
                    -0.9026559354169328,
                    0.4303629424759781
                ]
            ]
        },
        {
            "Type": "R",
            "Centroid": {
                "x": 93588.007625,
                "y": 433960.19025
            },
            "Distances": [
                0.0
            ],
            "UnitPairs": [
                [
                    0.0,
                    0.0
                ]
            ]
        }
    ]
}