{
    "Pand ID": "0599100000041657",
    "Archetype ID": "TI.1946",
    "Construction Year": 1918,
    "Number of Floors": 4,
    "Wall Area": 153.99,
    "Roof Area (Flat)": 0.0,
    "Roof Area (Sloped)": 79.64,
    "Floor Area": 58.41,
    "Shared Wall Area": 228.65,
    "Absolute Height (70%)": 12.602806091308594,
    "Surfaces": [
        {
            "Type": "G",
            "Centroid": {
                "x": 89455.92012499999,
                "y": 436839.664875
            },
            "Distances": [
                3.648261114042222,
                4.005514125082402,
                2.5922250396668867,
                6.389048845976998,
                7.079388455677574,
                4.114028731827668,
                5.105314672591882,
                3.7930514307434837
            ],
            "UnitPairs": [
                [
                    -0.9998256391128405,
                    -0.018673279642313002
                ],
                [
                    -0.9985297455203606,
                    -0.05420652461691502
                ],
                [
                    -0.5781230321675618,
                    -0.8159496060893616
                ],
                [
                    0.4830726880327977,
                    -0.8755802522195023
                ],
                [
                    0.9987268030672761,
                    -0.05044574149537349
                ],
                [
                    0.6306166458998025,
                    0.7760944825947954
                ],
                [
                    0.03670194924801523,
                    0.9993262564955432
                ],
                [
                    -0.9998875758081831,
                    0.014994523814870878
                ]
            ]
        },
        {
            "Type": "F",
            "Centroid": {
                "x": 89455.60625,
                "y": 436839.91375
            },
            "Distances": [
                3.484044426030969,
                3.34878755111799,
                3.715092066496439,
                2.6442633307799417,
                6.760351252883686,
                7.40907444034042,
                4.878817537326876,
                4.950962791465178
            ],
            "UnitPairs": [
                [
                    -0.9984803793022561,
                    -0.055108367317702286
                ],
                [
                    -0.995509553567311,
                    -0.09466112589766337
                ],
                [
                    -0.992101927498147,
                    -0.12543430732643132
                ],
                [
                    -0.44804539177680913,
                    -0.8940108091670737
                ],
                [
                    0.502969427593144,
                    -0.8643042027588579
                ],
                [
                    0.9966494545928081,
                    -0.08179159284338623
                ],
                [
                    0.10274005866507585,
                    0.9947082388044732
                ],
                [
                    0.08023691890380115,
                    0.9967758207565154
                ]
            ]
        },
        {
            "Type": "R",
            "Centroid": {
                "x": 89458.51449999999,
                "y": 436842.85775
            },
            "Distances": [
                0.0
            ],
            "UnitPairs": [
                [
                    0.0,
                    0.0
                ]
            ]
        }
    ]
}