{
    "Pand ID": "0599100000305449",
    "Archetype ID": "TI.1946",
    "Construction Year": 1941,
    "Number of Floors": 2,
    "Wall Area": 47.43,
    "Roof Area (Flat)": 19.73,
    "Roof Area (Sloped)": 49.69,
    "Floor Area": 72.65,
    "Shared Wall Area": 59.96,
    "Absolute Height (70%)": -1.2248637676239014,
    "Surfaces": [
        {
            "Type": "G",
            "Centroid": {
                "x": 89059.1508125,
                "y": 440026.686875
            },
            "Distances": [
                6.463984990162637,
                6.415244594172708,
                3.9509818656942928,
                3.5265725858318353,
                6.783196514411275,
                6.783373954248123,
                3.994330820460411,
                4.0009604413362885
            ],
            "UnitPairs": [
                [
                    -0.9984939646081751,
                    -0.05486166823063606
                ],
                [
                    -0.48404233921398787,
                    -0.8750445782063053
                ],
                [
                    -0.10383494886750716,
                    -0.9945945422098807
                ],
                [
                    0.8656421853521808,
                    -0.5006631671480344
                ],
                [
                    0.9966908647917976,
                    0.08128542329703722
                ],
                [
                    0.5106234778403606,
                    0.8598044335069545
                ],
                [
                    0.11810488945859231,
                    0.9930011254202956
                ],
                [
                    -0.9445856952112422,
                    0.3282649302046965
                ]
            ]
        },
        {
            "Type": "F",
            "Centroid": {
                "x": 89059.63176250001,
                "y": 440026.94865000003
            },
            "Distances": [
                6.962538904745754,
                6.883397097382984,
                4.285098762002078,
                3.2748291558547487,
                2.9486621033966123,
                6.2864740673801345,
                6.3189144795395515,
                2.7722052593528552,
                3.7046114236151673,
                4.38807094291435
            ],
            "UnitPairs": [
                [
                    -0.9960734288005273,
                    -0.0885309236231096
                ],
                [
                    -0.5209927524548363,
                    -0.8535611002673058
                ],
                [
                    -0.20797653671729469,
                    -0.9781338150657505
                ],
                [
                    0.785323410044993,
                    -0.6190857304407072
                ],
                [
                    0.9847856072267865,
                    -0.17377372585914466
                ],
                [
                    0.998938344878343,
                    0.046067158928206
                ],
                [
                    0.47204310323492504,
                    0.8815754696498433
                ],
                [
                    0.3404509809688352,
                    0.9402622663689945
                ],
                [
                    -0.0024833913596911655,
                    0.999996916378923
                ],
                [
                    -0.9708594175952033,
                    0.23964972619784572
                ]
            ]
        },
        {
            "Type": "R",
            "Centroid": {
                "x": 89059.3170625,
                "y": 440026.79075000004
            },
            "Distances": [
                6.63635762297869,
                6.587299788254383,
                6.60966614133046,
                6.609782031174784
            ],
            "UnitPairs": [
                [
                    -0.9976104930030831,
                    -0.06908910370055091
                ],
                [
                    -0.49663748503383354,
                    -0.8679580683761565
                ],
                [
                    0.9977054603040147,
                    0.06770387344572115
                ],
                [
                    0.4988818064571645,
                    0.8666700313187461
                ]
            ]
        }
    ]
}