{
    "Pand ID": "0599100000326076",
    "Archetype ID": "TI.1946",
    "Construction Year": 1919,
    "Number of Floors": 2,
    "Wall Area": 65.83,
    "Roof Area (Flat)": 21.08,
    "Roof Area (Sloped)": 21.87,
    "Floor Area": 36.18,
    "Shared Wall Area": 92.44,
    "Absolute Height (70%)": 5.637389659881592,
    "Surfaces": [
        {
            "Type": "G",
            "Centroid": {
                "x": 94316.91380000001,
                "y": 434225.6399
            },
            "Distances": [
                2.8713915790180917,
                2.3327309746188307,
                2.8281197286974513,
                4.548124052826223,
                4.594881543630494,
                2.7843149246994074,
                2.3331600030796364,
                2.8744360490183865,
                4.466144690910416,
                4.496826480989334
            ],
            "UnitPairs": [
                [
                    -0.9963113428743016,
                    -0.08581205078545634
                ],
                [
                    -0.7355327376684593,
                    -0.6774891820670952
                ],
                [
                    -0.25663694243560087,
                    -0.9665078787973257
                ],
                [
                    0.17066377059584262,
                    -0.985329324340857
                ],
                [
                    0.9506665097933668,
                    -0.31021474361689955
                ],
                [
                    0.9895432357683108,
                    0.14423655758919587
                ],
                [
                    0.7784292537113985,
                    0.6277323450056683
                ],
                [
                    0.22063458333068328,
                    0.9753565402654025
                ],
                [
                    -0.17325905306758077,
                    0.9848762869163442
                ],
                [
                    -0.9504035830774763,
                    0.3110193390667127
                ]
            ]
        },
        {
            "Type": "F",
            "Centroid": {
                "x": 94316.712,
                "y": 434225.4771666667
            },
            "Distances": [
                2.6603159795624185,
                2.0741202418830564,
                2.623528751722656,
                4.428020525919783,
                4.741226329893284,
                3.0103689327100436,
                3.0818873185369933,
                4.5970583830996095,
                4.361071631804144
            ],
            "UnitPairs": [
                [
                    -0.9995053296026195,
                    -0.0314498981867799
                ],
                [
                    -0.7299480374489007,
                    -0.6835026427340997
                ],
                [
                    -0.19973099195532798,
                    -0.9798507696851295
                ],
                [
                    0.2208661848512197,
                    -0.9753041209742052
                ],
                [
                    0.9638856451954797,
                    -0.26631647148851617
                ],
                [
                    0.9822716305183494,
                    0.1874631800616414
                ],
                [
                    0.27126235114674835,
                    0.9625054476990446
                ],
                [
                    -0.12442739515838824,
                    0.9922287152335888
                ],
                [
                    -0.9337154589032878,
                    0.3580159798179725
                ]
            ]
        },
        {
            "Type": "R",
            "Centroid": {
                "x": 94318.73,
                "y": 434227.1045
            },
            "Distances": [
                0.0
            ],
            "UnitPairs": [
                [
                    0.0,
                    0.0
                ]
            ]
        }
    ]
}