{
    "Pand ID": "0599100000255307",
    "Archetype ID": "TI.1946",
    "Construction Year": 1928,
    "Number of Floors": 2,
    "Wall Area": 75.61,
    "Roof Area (Flat)": 54.84,
    "Roof Area (Sloped)": 11.47,
    "Floor Area": 65.59,
    "Shared Wall Area": 135.59,
    "Absolute Height (70%)": 9.770330429077148,
    "Surfaces": [
        {
            "Type": "G",
            "Centroid": {
                "x": 68961.295875,
                "y": 443728.26655
            },
            "Distances": [
                5.6255667705522185,
                4.549574055885724,
                4.872230771429687,
                4.837630007548528,
                4.512041521314409,
                4.714473426585325,
                5.517240097175954,
                6.758083018878161,
                7.843561709441471,
                8.440430124690813
            ],
            "UnitPairs": [
                [
                    -0.9765238284528622,
                    -0.21540940662785552
                ],
                [
                    -0.818648065565234,
                    -0.574295520395467
                ],
                [
                    -0.7194856246455383,
                    -0.6945073332430836
                ],
                [
                    -0.5094436730705558,
                    -0.8605040057828788
                ],
                [
                    -0.3689017470553029,
                    -0.9294683969988143
                ],
                [
                    -0.2548534886675176,
                    -0.9669796788526611
                ],
                [
                    0.8427220708374501,
                    0.5383488751018616
                ],
                [
                    0.8041481563369655,
                    0.5944289214530695
                ],
                [
                    0.7808314929980288,
                    0.624741690254836
                ],
                [
                    0.2186499944607935,
                    0.9758033510509662
                ]
            ]
        },
        {
            "Type": "F",
            "Centroid": {
                "x": 68961.19645192308,
                "y": 443729.1439807692
            },
            "Distances": [
                5.504884011685134,
                5.484705382795437,
                5.763642810216858,
                5.032185759747747,
                5.5038987214205815,
                5.307244792716168,
                5.546816971962816,
                5.1896005090676365,
                5.539062200337774,
                6.36258245085102,
                7.410795554555116,
                7.611452579303661,
                5.881935152315319
            ],
            "UnitPairs": [
                [
                    -0.9431764433287118,
                    -0.33229233627906835
                ],
                [
                    -0.940265075908395,
                    -0.34044322144372346
                ],
                [
                    -0.9301542617429355,
                    -0.3671689656839952
                ],
                [
                    -0.7203782006776581,
                    -0.6935814645652086
                ],
                [
                    -0.39882218663413943,
                    -0.9170282784344024
                ],
                [
                    -0.2948944290704482,
                    -0.9555298402997231
                ],
                [
                    -0.19868636889451627,
                    -0.9800631238933093
                ],
                [
                    0.915084517317988,
                    0.4032621060363903
                ],
                [
                    0.9003190245104656,
                    0.43523057579233065
                ],
                [
                    0.8697605287891635,
                    0.49347403433250137
                ],
                [
                    0.839845470179456,
                    0.542825557816734
                ],
                [
                    0.2555258745502297,
                    0.9668022173305874
                ],
                [
                    0.12902608703938526,
                    0.9916411996600913
                ]
            ]
        },
        {
            "Type": "R",
            "Centroid": {
                "x": 68955.835375,
                "y": 443727.02775
            },
            "Distances": [
                0.0
            ],
            "UnitPairs": [
                [
                    0.0,
                    0.0
                ]
            ]
        }
    ]
}