{
    "Pand ID": "0599100000287090",
    "Archetype ID": "TI.1946",
    "Construction Year": 1938,
    "Number of Floors": 2,
    "Wall Area": 65.82,
    "Roof Area (Flat)": 55.45,
    "Roof Area (Sloped)": 0.0,
    "Floor Area": 55.44,
    "Shared Wall Area": 121.45,
    "Absolute Height (70%)": 4.5489068031311035,
    "Surfaces": [
        {
            "Type": "G",
            "Centroid": {
                "x": 97613.52649999999,
                "y": 436410.19233333337
            },
            "Distances": [
                7.155607989152552,
                2.8101415791094784,
                5.525714888410408,
                5.514186705927828,
                3.0970860542835075,
                7.157135555573778
            ],
            "UnitPairs": [
                [
                    -0.9793018302030182,
                    -0.2024053491413178
                ],
                [
                    0.4275585290584819,
                    -0.9039876681843328
                ],
                [
                    0.839981811176596,
                    -0.5426145564694018
                ],
                [
                    0.9523616591305483,
                    0.3049709333987578
                ],
                [
                    0.7424721043278344,
                    0.6698769844493819
                ],
                [
                    -0.8923262596332437,
                    0.45139101272504845
                ]
            ]
        },
        {
            "Type": "F",
            "Centroid": {
                "x": 97613.52649999999,
                "y": 436410.19233333337
            },
            "Distances": [
                7.155607989152552,
                2.8101415791094784,
                5.525714888410408,
                5.514186705927828,
                3.0970860542835075,
                7.157135555573778
            ],
            "UnitPairs": [
                [
                    -0.9793018302030182,
                    -0.2024053491413178
                ],
                [
                    0.4275585290584819,
                    -0.9039876681843328
                ],
                [
                    0.839981811176596,
                    -0.5426145564694018
                ],
                [
                    0.9523616591305483,
                    0.3049709333987578
                ],
                [
                    0.7424721043278344,
                    0.6698769844493819
                ],
                [
                    -0.8923262596332437,
                    0.45139101272504845
                ]
            ]
        },
        {
            "Type": "R",
            "Centroid": {
                "x": 97615.826,
                "y": 436412.267
            },
            "Distances": [
                0.0
            ],
            "UnitPairs": [
                [
                    0.0,
                    0.0
                ]
            ]
        }
    ]
}