{
    "Pand ID": "0599100000265209",
    "Archetype ID": "TI.1946",
    "Construction Year": 1933,
    "Number of Floors": 2,
    "Wall Area": 78.31,
    "Roof Area (Flat)": 7.68,
    "Roof Area (Sloped)": 36.2,
    "Floor Area": 38.55,
    "Shared Wall Area": 95.9,
    "Absolute Height (70%)": 6.071034908294678,
    "Surfaces": [
        {
            "Type": "G",
            "Centroid": {
                "x": 95217.80030357144,
                "y": 433317.9871071428
            },
            "Distances": [
                3.8992361921994734,
                4.140849967578584,
                3.953145586173563,
                0.8883340892117102,
                4.842079514560106,
                0.3342730232338999,
                2.5932148602071123,
                3.8744017635666945,
                6.2603820875804645,
                6.243088489109009,
                3.835943712887141,
                2.5258377727342602,
                2.43896108383375,
                2.4390591329887465
            ],
            "UnitPairs": [
                [
                    -0.9732492171208932,
                    -0.22975195619095035
                ],
                [
                    -0.9551006683161184,
                    -0.29628147660983484
                ],
                [
                    -0.9531469280069911,
                    -0.3025077414395138
                ],
                [
                    -0.8700877077860036,
                    -0.49289692711529237
                ],
                [
                    -0.7577175385888029,
                    -0.6525826627446718
                ],
                [
                    -0.17928031058933072,
                    -0.9837980332542818
                ],
                [
                    0.01660927879009063,
                    -0.9998620564148201
                ],
                [
                    0.8398900339070275,
                    -0.5427566037771002
                ],
                [
                    0.9633711400040523,
                    -0.26817167376009815
                ],
                [
                    0.8427033250845541,
                    0.5383782182550075
                ],
                [
                    0.6444493489984875,
                    0.7646470012858388
                ],
                [
                    -0.11478511191519684,
                    0.9933903452735061
                ],
                [
                    -0.11723375715887757,
                    0.99310434808353
                ],
                [
                    -0.1910279931830728,
                    0.9815845892333722
                ]
            ]
        },
        {
            "Type": "F",
            "Centroid": {
                "x": 95217.28477500001,
                "y": 433318.23085
            },
            "Distances": [
                3.67609710426857,
                3.471765043891201,
                3.7406064642009356,
                3.556761718207145,
                4.639873330178962,
                0.7285830906738625,
                2.8910782625560647,
                0.7317391065244118,
                6.8230757228675145,
                6.5640909743769535,
                4.019779362081712,
                2.190466324757091,
                2.2766054818277146,
                2.1509719477323164,
                2.2376993363555524
            ],
            "UnitPairs": [
                [
                    -0.9478530901578226,
                    -0.31870757675064254
                ],
                [
                    -0.9445915718777576,
                    -0.3282480195484922
                ],
                [
                    -0.9194765696202835,
                    -0.39314480528084816
                ],
                [
                    -0.9144272958597334,
                    -0.4047501952892125
                ],
                [
                    -0.6796306225614076,
                    -0.7335545084564566
                ],
                [
                    -0.3532884626297974,
                    -0.935514437180247
                ],
                [
                    0.1932151084384912,
                    -0.9811564206950398
                ],
                [
                    0.6226262829728118,
                    -0.7825193363434927
                ],
                [
                    0.959479311956129,
                    -0.28177908000451946
                ],
                [
                    0.8800304600509768,
                    0.4749172447726718
                ],
                [
                    0.7432248715377076,
                    0.6690416955076554
                ],
                [
                    0.1048178633978733,
                    0.9944914356155637
                ],
                [
                    0.09909490326980071,
                    0.9950779869668251
                ],
                [
                    0.02305934303362469,
                    0.9997340979974914
                ],
                [
                    0.01635608475077165,
                    0.9998662302986463
                ]
            ]
        },
        {
            "Type": "R",
            "Centroid": {
                "x": 95221.054375,
                "y": 433315.88424999994
            },
            "Distances": [
                0.0
            ],
            "UnitPairs": [
                [
                    0.0,
                    0.0
                ]
            ]
        }
    ]
}