{
    "Pand ID": "0599100000208461",
    "Archetype ID": "TI.1946",
    "Construction Year": 1941,
    "Number of Floors": 2,
    "Wall Area": 58.46,
    "Roof Area (Flat)": 0.0,
    "Roof Area (Sloped)": 43.0,
    "Floor Area": 39.1,
    "Shared Wall Area": 103.24,
    "Absolute Height (70%)": 5.520005702972412,
    "Surfaces": [
        {
            "Type": "G",
            "Centroid": {
                "x": 94340.94358333334,
                "y": 432707.45133333333
            },
            "Distances": [
                4.8503980392235855,
                4.872498209902512,
                2.5754671043492454,
                4.383011271439861,
                4.40985575790819,
                2.584877909230539
            ],
            "UnitPairs": [
                [
                    -0.9882350468090997,
                    -0.15294277445573015
                ],
                [
                    -0.32269551790381035,
                    -0.9465028276369762
                ],
                [
                    0.7888536658966779,
                    -0.6145810717890459
                ],
                [
                    0.9962709188366097,
                    0.08628010361872136
                ],
                [
                    0.26002362199968254,
                    0.965602255590865
                ],
                [
                    -0.45624334098029024,
                    0.8898550521355388
                ]
            ]
        },
        {
            "Type": "F",
            "Centroid": {
                "x": 94340.53725000001,
                "y": 432707.7679
            },
            "Distances": [
                4.5128682187693965,
                5.064452839127821,
                4.773397486069215,
                4.236510304502778,
                2.12889594864198
            ],
            "UnitPairs": [
                [
                    -0.9721090418188026,
                    -0.2345293389197383
                ],
                [
                    -0.2302321765125258,
                    -0.9731357278911843
                ],
                [
                    0.9999167288981637,
                    0.012904854497291438
                ],
                [
                    0.36657529154343765,
                    0.9303883896684458
                ],
                [
                    -0.3630990046714793,
                    0.9317505636202111
                ]
            ]
        },
        {
            "Type": "R",
            "Centroid": {
                "x": 94342.97525,
                "y": 432705.8685
            },
            "Distances": [
                0.0
            ],
            "UnitPairs": [
                [
                    0.0,
                    0.0
                ]
            ]
        }
    ]
}