{
    "Pand ID": "0599100000017915",
    "Archetype ID": "TI.1946",
    "Construction Year": 1903,
    "Number of Floors": 2,
    "Wall Area": 78.82,
    "Roof Area (Flat)": 28.77,
    "Roof Area (Sloped)": 65.04,
    "Floor Area": 80.61,
    "Shared Wall Area": 130.88,
    "Absolute Height (70%)": 10.28369426727295,
    "Surfaces": [
        {
            "Type": "G",
            "Centroid": {
                "x": 68603.979,
                "y": 443936.04850000003
            },
            "Distances": [
                7.4256579674840575,
                7.421763014960574,
                7.434325473750851,
                7.41178812770115
            ],
            "UnitPairs": [
                [
                    -0.8807973688853904,
                    -0.47349339484788333
                ],
                [
                    -0.2541848879039991,
                    -0.9671556455717102
                ],
                [
                    0.8804430237960092,
                    0.4741519607140097
                ],
                [
                    0.25385237240810227,
                    0.967242975173652
                ]
            ]
        },
        {
            "Type": "F",
            "Centroid": {
                "x": 68604.17466666667,
                "y": 443935.92733333335
            },
            "Distances": [
                7.543264195439448,
                1.6214861667157194,
                7.3576025118437265,
                4.112068991272676,
                3.1091183191013663,
                2.8041308912921474,
                4.323951517101277,
                7.322220614128373,
                7.482550638362527,
                4.590390621247662,
                3.2381127304958834,
                3.5789253585787604
            ],
            "UnitPairs": [
                [
                    -0.8930042077462828,
                    -0.45004831401465556
                ],
                [
                    -0.8104704768004162,
                    -0.5857794860140684
                ],
                [
                    -0.28299526419408944,
                    -0.9591213064277727
                ],
                [
                    0.059296994735283895,
                    -0.998240385085358
                ],
                [
                    0.3945920378123996,
                    -0.9188564216976762
                ],
                [
                    0.9046772178893425,
                    -0.4260975609317647
                ],
                [
                    0.97592059407854,
                    0.21812609668122976
                ],
                [
                    0.8672004939422687,
                    0.497959138189355
                ],
                [
                    0.22530196116461668,
                    0.9742889850015639
                ],
                [
                    -0.10046349095881119,
                    0.9949407454639543
                ],
                [
                    -0.6667978685022119,
                    0.7452386212220264
                ],
                [
                    -0.9807878944052998,
                    0.19507718008013758
                ]
            ]
        },
        {
            "Type": "R",
            "Centroid": {
                "x": 68603.7135,
                "y": 443940.49450000003
            },
            "Distances": [
                0.0
            ],
            "UnitPairs": [
                [
                    0.0,
                    0.0
                ]
            ]
        }
    ]
}