{
    "Pand ID": "0599100000035976",
    "Archetype ID": "TI.1946",
    "Construction Year": 1922,
    "Number of Floors": 2,
    "Wall Area": 62.29,
    "Roof Area (Flat)": 0.0,
    "Roof Area (Sloped)": 63.87,
    "Floor Area": 43.37,
    "Shared Wall Area": 130.68,
    "Absolute Height (70%)": 6.1902546882629395,
    "Surfaces": [
        {
            "Type": "G",
            "Centroid": {
                "x": 94614.6637784091,
                "y": 433157.4851590909
            },
            "Distances": [
                6.910426852905103,
                7.0195654694870315,
                3.493030166476653,
                2.5303020513551875,
                2.874151419156833,
                5.592380475252876,
                1.919208576968381,
                1.545674115381619,
                5.954577224729677,
                2.649289461869747,
                3.2235931135875004
            ],
            "UnitPairs": [
                [
                    -0.9930053606185115,
                    -0.11806927535519084
                ],
                [
                    -0.711168081671349,
                    -0.7030220192937725
                ],
                [
                    -0.35845407838525883,
                    -0.9335473601746056
                ],
                [
                    0.6038445449958109,
                    -0.7971021048013877
                ],
                [
                    0.8200365071899629,
                    -0.5723112150532138
                ],
                [
                    0.8722419929212331,
                    0.4890745401110098
                ],
                [
                    0.7820458437464584,
                    0.6232209064841215
                ],
                [
                    0.7426591928237541,
                    0.6696695627803088
                ],
                [
                    0.7048206669428964,
                    0.7093855280805853
                ],
                [
                    0.2237992863514507,
                    0.9746352545586382
                ],
                [
                    -0.9601369651907727,
                    0.27952997705836996
                ]
            ]
        },
        {
            "Type": "F",
            "Centroid": {
                "x": 94614.90727083334,
                "y": 433157.9340833333
            },
            "Distances": [
                7.217279118066718,
                7.509793219616862,
                2.780298581324547,
                2.9750072327223385,
                5.16762768279834,
                1.4626533086736444,
                1.077757332619095,
                1.4644815469634718,
                5.4663869878786695,
                2.161594789667995,
                0.34066484221054344,
                3.369064167992685
            ],
            "UnitPairs": [
                [
                    -0.9845238374598052,
                    -0.17525071604252898
                ],
                [
                    -0.6971674425956207,
                    -0.7169083323442976
                ],
                [
                    0.46197076648147367,
                    -0.8868951521552702
                ],
                [
                    0.7103904297825308,
                    -0.7038078127396651
                ],
                [
                    0.8968170601946456,
                    0.44240158289028936
                ],
                [
                    0.8596819623648452,
                    0.5108296424293808
                ],
                [
                    0.8391654032725013,
                    0.5438762965514312
                ],
                [
                    0.7951050452502255,
                    0.606471736371644
                ],
                [
                    0.7232229762405573,
                    0.6906146006549168
                ],
                [
                    0.16164762624999246,
                    0.9868485420406431
                ],
                [
                    0.054060954864291584,
                    0.9985376373272873
                ],
                [
                    -0.9909527295586109,
                    0.1342113548860101
                ]
            ]
        },
        {
            "Type": "R",
            "Centroid": {
                "x": 94613.4116875,
                "y": 433154.22424999997
            },
            "Distances": [
                0.0
            ],
            "UnitPairs": [
                [
                    0.0,
                    0.0
                ]
            ]
        }
    ]
}