{
    "Pand ID": "0599100000642863",
    "Archetype ID": "TI.1946",
    "Construction Year": 1888,
    "Number of Floors": null,
    "Wall Area": 339.62,
    "Roof Area (Flat)": 12.08,
    "Roof Area (Sloped)": 226.1,
    "Floor Area": 142.58,
    "Shared Wall Area": 460.97,
    "Absolute Height (70%)": 20.868139266967773,
    "Surfaces": [
        {
            "Type": "G",
            "Centroid": {
                "x": 92249.65220833333,
                "y": 436100.472
            },
            "Distances": [
                7.413329174154675,
                3.7350630665694036,
                6.446135259009719,
                8.049270367207395,
                11.256991921087819,
                10.475627401012922
            ],
            "UnitPairs": [
                [
                    -0.9484717551523277,
                    -0.3168616885618435
                ],
                [
                    -0.29486338348524405,
                    -0.9555394209971841
                ],
                [
                    -0.26873983615408964,
                    -0.9632128012354659
                ],
                [
                    0.4186300761362857,
                    -0.9081568473309706
                ],
                [
                    0.6046612376011347,
                    0.7964827604805167
                ],
                [
                    -0.02971977919920795,
                    0.9995582697993901
                ]
            ]
        },
        {
            "Type": "F",
            "Centroid": {
                "x": 92250.15254166667,
                "y": 436100.3863333333
            },
            "Distances": [
                7.6211818345639175,
                7.8643932096245095,
                3.8339206071988436,
                4.155485156839849,
                6.51766918116519,
                7.773291830916063,
                6.015631434485924,
                4.931512501815425,
                5.357093044600271,
                11.031886038025897,
                10.171113879805523,
                6.584340555846088,
                10.58782385051848,
                0.8687028004791273,
                1.7986130459060083
            ],
            "UnitPairs": [
                [
                    -0.9667354521392317,
                    -0.25577835244045816
                ],
                [
                    -0.95769202606241,
                    -0.2877950368169613
                ],
                [
                    -0.4177620850250099,
                    -0.9085564596190797
                ],
                [
                    -0.4039640627547204,
                    -0.9147748553620724
                ],
                [
                    -0.3425559973386904,
                    -0.9394974128156476
                ],
                [
                    0.36912718520476817,
                    -0.9293788899812631
                ],
                [
                    0.5549431293581021,
                    -0.8318882876794436
                ],
                [
                    0.5850808108592149,
                    -0.8109749963866479
                ],
                [
                    0.6621750460161812,
                    -0.7493491899198051
                ],
                [
                    0.5716459825264029,
                    0.8205003782213776
                ],
                [
                    0.2509394116993809,
                    0.9680027952728073
                ],
                [
                    0.1952106399140435,
                    0.9807613400131296
                ],
                [
                    -0.07666038632063613,
                    0.9970572627332749
                ],
                [
                    -0.15156698770851998,
                    0.9884469880762272
                ],
                [
                    -0.7943157478624344,
                    0.6075051380011051
                ]
            ]
        },
        {
            "Type": "R",
            "Centroid": {
                "x": 92250.02087499999,
                "y": 436101.245
            },
            "Distances": [
                0.0
            ],
            "UnitPairs": [
                [
                    0.0,
                    0.0
                ]
            ]
        }
    ]
}