{
    "Pand ID": "0599100000632153",
    "Archetype ID": "TI.1946",
    "Construction Year": 1908,
    "Number of Floors": 4,
    "Wall Area": 149.44,
    "Roof Area (Flat)": 0.0,
    "Roof Area (Sloped)": 124.14,
    "Floor Area": 86.74,
    "Shared Wall Area": 261.95,
    "Absolute Height (70%)": 10.38347053527832,
    "Surfaces": [
        {
            "Type": "G",
            "Centroid": {
                "x": 90931.1158,
                "y": 436812.83509999997
            },
            "Distances": [
                5.544791801759039,
                5.581263022374947,
                5.360210044851586,
                5.730153385802325,
                6.431688256176606,
                5.399299438327993,
                3.4795475747372286,
                6.2764475322377065,
                8.699531115236086,
                8.249888200764275,
                8.072005836540434,
                8.339587017670615,
                8.61628324889958,
                8.61137184339039,
                3.5460942070509107,
                3.6668216516969445,
                5.30584167925636,
                6.367919756508283,
                5.170135019997921,
                5.546096250958034
            ],
            "UnitPairs": [
                [
                    -0.9995055176338514,
                    -0.03144392182102675
                ],
                [
                    -0.9908241159450063,
                    -0.13515757937236353
                ],
                [
                    -0.975157681557991,
                    -0.22151184189213
                ],
                [
                    -0.9621121161701996,
                    -0.2726541324067915
                ],
                [
                    -0.8514171990128124,
                    -0.5244890401382827
                ],
                [
                    -0.784925905371222,
                    -0.6195896408730276
                ],
                [
                    -0.3351154065159958,
                    -0.9421770875560596
                ],
                [
                    0.8665650389132697,
                    -0.4990641575321187
                ],
                [
                    0.9355619161765456,
                    -0.3531627117917042
                ],
                [
                    0.9825527089277408,
                    -0.18598433853085136
                ],
                [
                    0.9993736579686414,
                    0.03538773457537439
                ],
                [
                    0.962151960642739,
                    0.272513494402265
                ],
                [
                    0.9290490770512478,
                    0.36995650072707814
                ],
                [
                    0.9237726746296698,
                    0.38294130830656803
                ],
                [
                    0.45062254602063734,
                    0.89271457981702
                ],
                [
                    -0.5372636542268917,
                    0.8434143500360702
                ],
                [
                    -0.8191066116774802,
                    0.5736413153759391
                ],
                [
                    -0.8806722154850662,
                    0.4737261327735942
                ],
                [
                    -0.999983555555713,
                    0.005734859907088331
                ],
                [
                    -0.9999916606264978,
                    0.004083953655378887
                ]
            ]
        },
        {
            "Type": "F",
            "Centroid": {
                "x": 90931.1325,
                "y": 436812.99937499996
            },
            "Distances": [
                5.564552560905116,
                5.188496839470395,
                3.3982106619671657,
                5.569054538521752,
                5.622304461081539,
                5.415145815496284,
                5.793044877521329,
                3.4340262015565677,
                6.53338298301478,
                3.640132477385189,
                6.34574908524519,
                4.641579009653363,
                8.743379578451371,
                8.265669510273536,
                8.051164943853774,
                8.280174980236668,
                8.541248998438881,
                8.534275127578821,
                2.8412773893800676,
                3.3924332644046054,
                3.538722326427323,
                5.22727347223861,
                6.3066517030499485,
                3.6709431966818964
            ],
            "UnitPairs": [
                [
                    -0.9996760636388884,
                    -0.02545128262892098
                ],
                [
                    -0.9996633245588445,
                    -0.025946821230325254
                ],
                [
                    -0.999570167328462,
                    -0.029316899340660195
                ],
                [
                    -0.9981496790067386,
                    -0.060804755560273455
                ],
                [
                    -0.9865616560618651,
                    -0.1633894084341766
                ],
                [
                    -0.9683488088174695,
                    -0.24960085028258175
                ],
                [
                    -0.9545498294788851,
                    -0.29805137651390134
                ],
                [
                    -0.9218770662160797,
                    -0.3874824831974136
                ],
                [
                    -0.8407206518100522,
                    -0.5414690994138825
                ],
                [
                    -0.32491949327537134,
                    -0.9457416787313944
                ],
                [
                    0.8544696500230047,
                    -0.5195013158689437
                ],
                [
                    0.927109070221036,
                    -0.37479163799888354
                ],
                [
                    0.9289600122152037,
                    -0.37018008550586357
                ],
                [
                    0.9786563556588221,
                    -0.2055036192591097
                ],
                [
                    0.999886358823857,
                    0.015075458134634
                ],
                [
                    0.9670387424308083,
                    0.254629280794336
                ],
                [
                    0.9352554879801447,
                    0.3539734060674917
                ],
                [
                    0.930161013246365,
                    0.36715186154573076
                ],
                [
                    0.6726727939812721,
                    0.7399400734096168
                ],
                [
                    0.4661108640203215,
                    0.8847263206451074
                ],
                [
                    -0.5614314480566223,
                    0.8275232499048254
                ],
                [
                    -0.8346129245332672,
                    0.5508368780338032
                ],
                [
                    -0.8918757947711783,
                    0.4522804071605127
                ],
                [
                    -0.9732512350602385,
                    0.22974340785694
                ]
            ]
        },
        {
            "Type": "R",
            "Centroid": {
                "x": 90926.87775,
                "y": 436809.48975
            },
            "Distances": [
                0.0
            ],
            "UnitPairs": [
                [
                    0.0,
                    0.0
                ]
            ]
        }
    ]
}