{
    "Pand ID": "0599100000687440",
    "Archetype ID": "TI.1946",
    "Construction Year": 1906,
    "Number of Floors": 4,
    "Wall Area": 154.86,
    "Roof Area (Flat)": 86.74,
    "Roof Area (Sloped)": 0.0,
    "Floor Area": 86.87,
    "Shared Wall Area": 284.48,
    "Absolute Height (70%)": 9.948593139648438,
    "Surfaces": [
        {
            "Type": "G",
            "Centroid": {
                "x": 94821.10883333333,
                "y": 437634.9259444445
            },
            "Distances": [
                4.574336451938356,
                3.573427762719494,
                10.316876631052159,
                10.989946566344809,
                3.2308293186153847,
                5.147341609178462,
                3.1211622439351836,
                4.259071922601478,
                3.128621772831413
            ],
            "UnitPairs": [
                [
                    -0.9285135402606864,
                    -0.37129853965854276
                ],
                [
                    -0.745316125070721,
                    -0.6667112371256131
                ],
                [
                    0.74660839148551,
                    -0.6652637896078664
                ],
                [
                    0.9922401897806405,
                    -0.12433585880219115
                ],
                [
                    0.08346670160523384,
                    0.9965105667895061
                ],
                [
                    -0.5020714632042451,
                    0.8648261361892045
                ],
                [
                    -0.8581205089655273,
                    0.5134483343947513
                ],
                [
                    -0.8774994649668261,
                    0.4795776151812487
                ],
                [
                    -0.9481278175231681,
                    0.31788935439670546
                ]
            ]
        },
        {
            "Type": "F",
            "Centroid": {
                "x": 94820.9741,
                "y": 437634.93899999995
            },
            "Distances": [
                4.454515799722807,
                3.4831362605661957,
                10.426461097093927,
                11.125258316543455,
                3.231900618860005,
                5.069597854904951,
                2.999401808730191,
                4.134924063431663,
                2.996881847876474,
                1.2182795286980452
            ],
            "UnitPairs": [
                [
                    -0.9232428809127979,
                    -0.38421684351917396
                ],
                [
                    -0.7259549471642164,
                    -0.6877422589079427
                ],
                [
                    0.7516836179606402,
                    -0.6595238725699034
                ],
                [
                    0.9922825777068404,
                    -0.1239971208515282
                ],
                [
                    0.12512760993934463,
                    0.9921406559711518
                ],
                [
                    -0.4831941448052237,
                    0.8755132314396787
                ],
                [
                    -0.848035762531383,
                    0.5299390016481291
                ],
                [
                    -0.8712614656877212,
                    0.4908191707825639
                ],
                [
                    -0.9448487273568671,
                    0.3275070723085361
                ],
                [
                    -0.9953380742672135,
                    0.09644748785756337
                ]
            ]
        },
        {
            "Type": "R",
            "Centroid": {
                "x": 94832.0135,
                "y": 437633.5595
            },
            "Distances": [
                0.0
            ],
            "UnitPairs": [
                [
                    0.0,
                    0.0
                ]
            ]
        }
    ]
}