{
    "Pand ID": "0599100000207944",
    "Archetype ID": "TI.1946",
    "Construction Year": 1931,
    "Number of Floors": 3,
    "Wall Area": 93.7,
    "Roof Area (Flat)": 0.0,
    "Roof Area (Sloped)": 74.06,
    "Floor Area": 59.85,
    "Shared Wall Area": 171.27,
    "Absolute Height (70%)": 4.1776347160339355,
    "Surfaces": [
        {
            "Type": "G",
            "Centroid": {
                "x": 92343.46238942308,
                "y": 441081.8471923077
            },
            "Distances": [
                6.150576335138308,
                7.457313216442413,
                7.275259473605859,
                6.365429330524515,
                2.6952083593908127,
                5.158478400485962,
                3.4492625555998644,
                4.629871175369131,
                3.346407859501869,
                3.951335755699438,
                3.9754873557799524,
                4.984103694647526,
                3.4352317389930027
            ],
            "UnitPairs": [
                [
                    -0.931469932393916,
                    -0.3638183132362548
                ],
                [
                    -0.8921546849346212,
                    -0.4517300279472317
                ],
                [
                    -0.3260470546345491,
                    -0.9453535413611858
                ],
                [
                    -0.27572011751928455,
                    -0.9612379605462696
                ],
                [
                    0.4845351092721328,
                    -0.8747718147509339
                ],
                [
                    0.9279719144462059,
                    0.37265013886894427
                ],
                [
                    0.8343589479021865,
                    0.5512215036222341
                ],
                [
                    0.7876942875496271,
                    0.6160663189638639
                ],
                [
                    0.7581033703721922,
                    0.6521344031948649
                ],
                [
                    0.6066108336836731,
                    0.794998928588963
                ],
                [
                    0.5445679694535456,
                    0.8387167141802065
                ],
                [
                    0.0334910923126012,
                    0.9994390160163393
                ],
                [
                    -0.9821977611525109,
                    0.18784982828577526
                ]
            ]
        },
        {
            "Type": "F",
            "Centroid": {
                "x": 92343.06461249999,
                "y": 441081.5353
            },
            "Distances": [
                5.668462342626836,
                6.962241329459981,
                5.468202440451183,
                5.4564323444889995,
                6.856208145156793,
                5.963320344365986,
                0.8401542298441258,
                0.7876508934377329,
                1.21294325094957,
                5.645596844458323,
                3.953285308458894,
                2.705110853573488,
                5.135344168612394,
                3.8514280118095297,
                4.442402315189088,
                1.8443462066629,
                4.456703459977531,
                5.323237016156072,
                3.1264346354877586,
                1.403016867326819
            ],
            "UnitPairs": [
                [
                    -0.9405196114472453,
                    -0.3397394008400008
                ],
                [
                    -0.8984606686242214,
                    -0.4390540136877434
                ],
                [
                    -0.7033938560023012,
                    -0.7108003118585515
                ],
                [
                    -0.5247568043017404,
                    -0.8512521931478502
                ],
                [
                    -0.2879580021767228,
                    -0.9576430383929027
                ],
                [
                    -0.22760809777242666,
                    -0.9737528196767481
                ],
                [
                    0.11271739955839832,
                    -0.9936270869077556
                ],
                [
                    0.17990203678808625,
                    -0.9836845313206353
                ],
                [
                    0.9190042478350761,
                    0.3942476283518852
                ],
                [
                    0.9183617149534491,
                    0.3957420378324241
                ],
                [
                    0.82860197137905,
                    0.5598381668185476
                ],
                [
                    0.7920932324014412,
                    0.6104001238399583
                ],
                [
                    0.7876200439952235,
                    0.6161612340101917
                ],
                [
                    0.7619771136871661,
                    0.647603951668746
                ],
                [
                    0.629096556711603,
                    0.7773271655703311
                ],
                [
                    0.5892060807719114,
                    0.8079827933696384
                ],
                [
                    0.5750214307555521,
                    0.8181383465966117
                ],
                [
                    0.1060820696698857,
                    0.9943573776538058
                ],
                [
                    -0.951978962301405,
                    0.30616344545934937
                ],
                [
                    -0.9538730653597891,
                    0.30021021831563227
                ]
            ]
        },
        {
            "Type": "R",
            "Centroid": {
                "x": 92344.7683125,
                "y": 441079.4895
            },
            "Distances": [
                0.0
            ],
            "UnitPairs": [
                [
                    0.0,
                    0.0
                ]
            ]
        }
    ]
}