{
    "Pand ID": "0599100000068459",
    "Archetype ID": "TI.1946",
    "Construction Year": 1938,
    "Number of Floors": 2,
    "Wall Area": 97.43,
    "Roof Area (Flat)": 13.01,
    "Roof Area (Sloped)": 52.75,
    "Floor Area": 55.19,
    "Shared Wall Area": 114.7,
    "Absolute Height (70%)": 6.308868885040283,
    "Surfaces": [
        {
            "Type": "G",
            "Centroid": {
                "x": 97328.91533333334,
                "y": 434068.98813333333
            },
            "Distances": [
                5.806572517031988,
                2.876100067041304,
                2.2304950262926333,
                2.2601016191601464,
                3.449340554708293,
                8.12978732780912,
                7.825289285099196,
                2.45633348621804,
                2.4168264995459303,
                3.8300134893794895,
                3.3012936245634448,
                3.485002428834429,
                6.596717238817965,
                5.905741358683779,
                5.369955523928922
            ],
            "UnitPairs": [
                [
                    -0.9808425394896989,
                    -0.1948022400471777
                ],
                [
                    -0.7719944652742992,
                    -0.6356292516757305
                ],
                [
                    -0.392887373880489,
                    -0.9195865981218369
                ],
                [
                    -0.3558837029780894,
                    -0.9345302509574547
                ],
                [
                    0.621181536784451,
                    -0.783666701065005
                ],
                [
                    0.8890351463358941,
                    -0.4578389548515018
                ],
                [
                    0.9858634467810541,
                    -0.16755078126042786
                ],
                [
                    0.9948432003918513,
                    -0.10142488173076158
                ],
                [
                    0.9949686777767696,
                    -0.10018647734673111
                ],
                [
                    0.7691008595230161,
                    0.6391274269509625
                ],
                [
                    0.5996639171797233,
                    0.800251951845586
                ],
                [
                    -0.3404110492192827,
                    0.9402767239326023
                ],
                [
                    -0.7860475363153693,
                    0.6181660542706452
                ],
                [
                    -0.9592924900118812,
                    0.2824144447559381
                ],
                [
                    -0.973068270314551,
                    0.23051711716713805
                ]
            ]
        },
        {
            "Type": "F",
            "Centroid": {
                "x": 97329.12606666666,
                "y": 434068.99346666667
            },
            "Distances": [
                6.0144143485021875,
                2.3261059926348704,
                2.348196206081097,
                1.8993283081813186,
                3.3268841412132533,
                7.945524599138771,
                7.618536601972847,
                2.2473861607548398,
                2.2078458329947668,
                3.666855522405655,
                3.1749697881402588,
                3.557348116545069,
                6.760404072403354,
                6.106732068429135,
                5.574043345922869
            ],
            "UnitPairs": [
                [
                    -0.9819853313122066,
                    -0.18895716204382434
                ],
                [
                    -0.4673332471098205,
                    -0.8840812384310571
                ],
                [
                    -0.4322750645924916,
                    -0.9017417970414575
                ],
                [
                    0.3843113011013527,
                    -0.9232035657674776
                ],
                [
                    0.5807035205728643,
                    -0.8141151154439283
                ],
                [
                    0.8831302761422443,
                    -0.46912782411718384
                ],
                [
                    0.9849573120640404,
                    -0.17279783971907955
                ],
                [
                    0.9935690502707293,
                    -0.11322783378710714
                ],
                [
                    0.9936986090949638,
                    -0.1120851207017878
                ],
                [
                    0.7458524931318228,
                    0.6661111457474979
                ],
                [
                    0.5571496585409259,
                    0.8304121013013536
                ],
                [
                    -0.3927270036237507,
                    0.9196550987325143
                ],
                [
                    -0.7981870031549345,
                    0.6024097509125699
                ],
                [
                    -0.9622276859078743,
                    0.2722459925735861
                ],
                [
                    -0.9752465722459539,
                    0.2211201558486192
                ]
            ]
        },
        {
            "Type": "R",
            "Centroid": {
                "x": 97326.695,
                "y": 434067.16
            },
            "Distances": [
                0.0
            ],
            "UnitPairs": [
                [
                    0.0,
                    0.0
                ]
            ]
        }
    ]
}