{
    "Pand ID": "0599100000236338",
    "Archetype ID": "TI.1946",
    "Construction Year": 1937,
    "Number of Floors": 3,
    "Wall Area": 80.75,
    "Roof Area (Flat)": 0.0,
    "Roof Area (Sloped)": 82.09,
    "Floor Area": 65.04,
    "Shared Wall Area": 193.82,
    "Absolute Height (70%)": 8.478083610534668,
    "Surfaces": [
        {
            "Type": "G",
            "Centroid": {
                "x": 95232.59333333334,
                "y": 437741.1458333333
            },
            "Distances": [
                6.236896007275934,
                2.9486145004167463,
                6.271068181627112,
                6.248234295027694,
                2.9482215213667486,
                6.25881001514489
            ],
            "UnitPairs": [
                [
                    -0.9961418830922676,
                    -0.08775732875031557
                ],
                [
                    -0.40318370989682767,
                    -0.9151190611465978
                ],
                [
                    0.6263951455947254,
                    -0.7795056905343043
                ],
                [
                    0.9966282268927359,
                    0.08204984680449706
                ],
                [
                    0.3860519497629134,
                    0.9224770414943957
                ],
                [
                    -0.6218168188401425,
                    0.7831627186016489
                ]
            ]
        },
        {
            "Type": "F",
            "Centroid": {
                "x": 95232.3657,
                "y": 437740.6019
            },
            "Distances": [
                5.985200965710876,
                2.359098302313746,
                6.012028359886505,
                6.540706888411267,
                6.563605792531042
            ],
            "UnitPairs": [
                [
                    -0.9999998386494704,
                    -0.0005680678069703756
                ],
                [
                    -0.40744380980136297,
                    -0.9132302786562384
                ],
                [
                    0.6912475709090272,
                    -0.7226180150759939
                ],
                [
                    0.9868658097862973,
                    0.16154217243443098
                ],
                [
                    -0.5582602179077966,
                    0.8296659141495085
                ]
            ]
        },
        {
            "Type": "R",
            "Centroid": {
                "x": 95233.7315,
                "y": 437743.8655
            },
            "Distances": [
                0.0
            ],
            "UnitPairs": [
                [
                    0.0,
                    0.0
                ]
            ]
        }
    ]
}