{
    "Pand ID": "0599100000190175",
    "Archetype ID": "TI.1946",
    "Construction Year": 1931,
    "Number of Floors": 4,
    "Wall Area": 98.15,
    "Roof Area (Flat)": 9.72,
    "Roof Area (Sloped)": 79.52,
    "Floor Area": 65.82,
    "Shared Wall Area": 175.37,
    "Absolute Height (70%)": 5.078843593597412,
    "Surfaces": [
        {
            "Type": "G",
            "Centroid": {
                "x": 92376.43777916668,
                "y": 441052.3126333334
            },
            "Distances": [
                5.692521717349889,
                7.422739510184987,
                6.768021096995555,
                5.2591643920663,
                4.631556372961959,
                2.9263870390560003,
                1.912612027812429,
                2.0815247541622157,
                2.878097838646243,
                3.8495763275997494,
                6.18423507275205,
                5.952583430912449,
                5.328869689597304,
                6.189968893457365,
                3.69071778504066
            ],
            "UnitPairs": [
                [
                    -0.9790857098877744,
                    -0.2034482064151774
                ],
                [
                    -0.9277527060229697,
                    -0.37319554722297693
                ],
                [
                    -0.3871835842588827,
                    -0.9220026421222689
                ],
                [
                    -0.31344649906113775,
                    -0.9496058615164061
                ],
                [
                    -0.2632952227021224,
                    -0.9647153081102422
                ],
                [
                    0.013167545102853742,
                    -0.9999133041198944
                ],
                [
                    0.646515506201973,
                    -0.7629008456152127
                ],
                [
                    0.9711790980509928,
                    -0.2383509167359344
                ],
                [
                    0.9848634383675219,
                    0.17333207368200113
                ],
                [
                    0.9301110118678844,
                    0.36727851230653336
                ],
                [
                    0.8378616388874963,
                    0.5458826559625785
                ],
                [
                    0.5109602189743563,
                    0.8596043593570696
                ],
                [
                    0.34745329519584095,
                    0.9376972899915791
                ],
                [
                    0.06502994445610877,
                    0.9978833129800475
                ],
                [
                    -0.6070544531379516,
                    0.7946602361546617
                ]
            ]
        },
        {
            "Type": "F",
            "Centroid": {
                "x": 92376.47549431819,
                "y": 441052.7749545455
            },
            "Distances": [
                1.7668493694281324,
                1.1985243061504336,
                0.9239027219956918,
                5.840482371416687,
                2.733358766947947,
                7.641534940057517,
                7.210327836702541,
                5.7110511581519985,
                5.0882107021062115,
                3.388454644243663,
                2.264763255468539,
                2.7970569376351038,
                3.668378309467754,
                3.2356778359006437,
                5.911650581940593,
                3.9438116730269837,
                1.7460885803887223,
                5.539649542864322,
                3.313607463380871,
                4.8838549196301155,
                5.7261786610070775,
                3.3606111408013954
            ],
            "UnitPairs": [
                [
                    -0.9883025957986109,
                    -0.15250566919864847
                ],
                [
                    -0.9838614136937632,
                    -0.17893216212998098
                ],
                [
                    -0.9678311329795817,
                    -0.2516006717706836
                ],
                [
                    -0.960739449477207,
                    -0.2774521764525074
                ],
                [
                    -0.9366431692566042,
                    -0.350284988951774
                ],
                [
                    -0.9061244727016491,
                    -0.4230111582111733
                ],
                [
                    -0.36866310081723513,
                    -0.9295630791376243
                ],
                [
                    -0.29524894305778043,
                    -0.95542035859786
                ],
                [
                    -0.24707738963505735,
                    -0.9689957500067408
                ],
                [
                    0.0002414616389966018,
                    -0.999999970848138
                ],
                [
                    0.5293348781252674,
                    -0.8484129812774605
                ],
                [
                    0.9999146403429509,
                    0.013065681299772336
                ],
                [
                    0.9657723067082942,
                    0.2593913097914819
                ],
                [
                    0.9471950970537417,
                    0.32065783651324137
                ],
                [
                    0.8701153951017037,
                    0.49284804880105404
                ],
                [
                    0.7976593312838485,
                    0.6031082748692839
                ],
                [
                    0.6562199619683968,
                    0.7545696531892837
                ],
                [
                    0.542239749747037,
                    0.840223811727727
                ],
                [
                    0.47465434551123203,
                    0.8801722855710148
                ],
                [
                    0.3713906763520488,
                    0.9284766908860812
                ],
                [
                    0.06371058316739635,
                    0.9979684171317598
                ],
                [
                    -0.6779070004672453,
                    0.7351476713678022
                ]
            ]
        },
        {
            "Type": "R",
            "Centroid": {
                "x": 92378.4593125,
                "y": 441051.8165
            },
            "Distances": [
                0.0
            ],
            "UnitPairs": [
                [
                    0.0,
                    0.0
                ]
            ]
        }
    ]
}