{
    "Pand ID": "0599100000693815",
    "Archetype ID": "TI.1946",
    "Construction Year": 1896,
    "Number of Floors": 4,
    "Wall Area": 120.87,
    "Roof Area (Flat)": 42.53,
    "Roof Area (Sloped)": 16.31,
    "Floor Area": 52.92,
    "Shared Wall Area": 283.7,
    "Absolute Height (70%)": 12.413413047790527,
    "Surfaces": [
        {
            "Type": "G",
            "Centroid": {
                "x": 91498.52275,
                "y": 437412.02233333327
            },
            "Distances": [
                6.64407455513475,
                3.347162434205066,
                4.911086983645083,
                4.793635922890286,
                3.278500271141585,
                6.782166248919597
            ],
            "UnitPairs": [
                [
                    -0.8389430241567709,
                    -0.5442192593235669
                ],
                [
                    0.768710826130098,
                    -0.6395964866932761
                ],
                [
                    0.9321765253272306,
                    -0.3620040409012736
                ],
                [
                    0.733889693874632,
                    0.6792686635084817
                ],
                [
                    0.4709470405066601,
                    0.8821614846716095
                ],
                [
                    -0.9788907786015604,
                    0.2043840589890296
                ]
            ]
        },
        {
            "Type": "F",
            "Centroid": {
                "x": 91498.21394999999,
                "y": 437411.44389999995
            },
            "Distances": [
                6.078497330736469,
                3.278088619912758,
                5.0318361062372485,
                5.417430700995648,
                6.628052896589173
            ],
            "UnitPairs": [
                [
                    -0.8662009232726661,
                    -0.49969586802532273
                ],
                [
                    0.8791098515449945,
                    -0.4766192074565792
                ],
                [
                    0.9711763055935048,
                    -0.23836229453030439
                ],
                [
                    0.7063865162698829,
                    0.7078263131814885
                ],
                [
                    -0.9550617803992247,
                    0.29640680764898614
                ]
            ]
        },
        {
            "Type": "R",
            "Centroid": {
                "x": 91500.06675,
                "y": 437414.91449999996
            },
            "Distances": [
                0.0
            ],
            "UnitPairs": [
                [
                    0.0,
                    0.0
                ]
            ]
        }
    ]
}