{
    "Pand ID": "0599100000668155",
    "Archetype ID": "TI.1946",
    "Construction Year": 1929,
    "Number of Floors": 3,
    "Wall Area": 108.32,
    "Roof Area (Flat)": 7.16,
    "Roof Area (Sloped)": 83.49,
    "Floor Area": 64.8,
    "Shared Wall Area": 208.1,
    "Absolute Height (70%)": 9.126190185546875,
    "Surfaces": [
        {
            "Type": "G",
            "Centroid": {
                "x": 91916.6556590909,
                "y": 440078.5443181818
            },
            "Distances": [
                8.079622405951268,
                4.482270411432682,
                4.432881244990495,
                5.929425240081371,
                2.999333250985749,
                3.464093013330136,
                5.320169174149376,
                4.223322695084103,
                3.1907037761196477,
                4.617837190075101,
                8.168589510234893
            ],
            "UnitPairs": [
                [
                    -0.7812133752999374,
                    -0.6242640965588838
                ],
                [
                    -0.5628640977266425,
                    -0.8265494585869455
                ],
                [
                    0.9549299146869296,
                    -0.2968313629588583
                ],
                [
                    0.9923543464751291,
                    -0.12342143667904462
                ],
                [
                    0.9809149777310301,
                    0.19443715299019546
                ],
                [
                    0.9769053244447545,
                    0.21367261656910788
                ],
                [
                    0.9667156702628479,
                    0.2558531079902156
                ],
                [
                    0.427883692428415,
                    0.9038338042769952
                ],
                [
                    -0.6487312004316258,
                    0.7610176276450774
                ],
                [
                    -0.9363494018796956,
                    0.35106950536829046
                ],
                [
                    -0.9995494424924527,
                    0.03001519636829222
                ]
            ]
        },
        {
            "Type": "F",
            "Centroid": {
                "x": 91916.11867857142,
                "y": 440078.37514285714
            },
            "Distances": [
                0.4643916033010315,
                2.714624965639467,
                3.0141020678544943,
                7.557244404509562,
                4.055204397317163,
                4.905952636897078,
                6.44567492785089,
                3.559491434960458,
                4.025137458678126,
                5.88261884016018,
                4.6244690649459095,
                3.015979796487343,
                4.188819249392045,
                7.639174440515874
            ],
            "UnitPairs": [
                [
                    -0.960242537237582,
                    -0.2791670999232019
                ],
                [
                    -0.9533282144640891,
                    -0.3019359460327829
                ],
                [
                    -0.9531623371555789,
                    -0.3024591857228253
                ],
                [
                    -0.7641579737685205,
                    -0.645029139749507
                ],
                [
                    -0.4897234212739206,
                    -0.8718778415900739
                ],
                [
                    0.9723027883921271,
                    -0.23372481187262628
                ],
                [
                    0.9961829444466983,
                    -0.0872899833515065
                ],
                [
                    0.9774068830189355,
                    0.21136647091534835
                ],
                [
                    0.974145968634934,
                    0.22591952503558912
                ],
                [
                    0.9655684964323756,
                    0.26014895482650213
                ],
                [
                    0.5068844435216053,
                    0.8620140143383938
                ],
                [
                    -0.5082688462338242,
                    0.8611984556117929
                ],
                [
                    -0.9040563332914366,
                    0.427413320142977
                ],
                [
                    -0.9985278685311962,
                    0.05424108928244287
                ]
            ]
        },
        {
            "Type": "R",
            "Centroid": {
                "x": 91912.33175,
                "y": 440080.1655
            },
            "Distances": [
                0.0
            ],
            "UnitPairs": [
                [
                    0.0,
                    0.0
                ]
            ]
        }
    ]
}