{
    "Pand ID": "0599100000219034",
    "Archetype ID": "TI.1946",
    "Construction Year": 1918,
    "Number of Floors": 3,
    "Wall Area": 43.29,
    "Roof Area (Flat)": 5.7,
    "Roof Area (Sloped)": 56.76,
    "Floor Area": 44.19,
    "Shared Wall Area": 113.77,
    "Absolute Height (70%)": 5.868716239929199,
    "Surfaces": [
        {
            "Type": "G",
            "Centroid": {
                "x": 94837.54137499999,
                "y": 433528.10699999996
            },
            "Distances": [
                2.4144602010540677,
                3.320894542476957,
                4.237694604653184,
                4.23509510663329,
                3.347291750415858,
                2.4141674678008265,
                6.1694518850951345,
                6.167161548295341
            ],
            "UnitPairs": [
                [
                    -0.9922507726365265,
                    -0.12425137505161159
                ],
                [
                    -0.5958484904247727,
                    -0.8030968661740123
                ],
                [
                    -0.4178569163647793,
                    -0.9085128493566383
                ],
                [
                    0.7034670827905747,
                    -0.7107278406184177
                ],
                [
                    0.8299993568406054,
                    -0.5577643477707958
                ],
                [
                    0.9772520057018917,
                    0.2120813932235216
                ],
                [
                    0.22518207871330664,
                    0.974316699757504
                ],
                [
                    -0.5449427542434803,
                    0.8384732521658218
                ]
            ]
        },
        {
            "Type": "F",
            "Centroid": {
                "x": 94837.20433928572,
                "y": 433528.03385714284
            },
            "Distances": [
                2.071175674230296,
                3.0697427699110733,
                4.039825061889522,
                4.429772095279861,
                3.5948474975331837,
                6.324306813643717,
                6.053419065937086
            ],
            "UnitPairs": [
                [
                    -0.9939834227199491,
                    -0.10953061379329072
                ],
                [
                    -0.5348051640730814,
                    -0.844975405843723
                ],
                [
                    -0.35489514119087756,
                    -0.9349061122696263
                ],
                [
                    0.7486357408336959,
                    -0.6629815438957434
                ],
                [
                    0.866597461063669,
                    -0.4990078561285411
                ],
                [
                    0.2729604627266928,
                    0.962025252157151
                ],
                [
                    -0.4995051974407055,
                    0.8663108897674794
                ]
            ]
        },
        {
            "Type": "R",
            "Centroid": {
                "x": 94839.900625,
                "y": 433528.619
            },
            "Distances": [
                0.0
            ],
            "UnitPairs": [
                [
                    0.0,
                    0.0
                ]
            ]
        }
    ]
}