{
    "Pand ID": "0599100000187488",
    "Archetype ID": "TI.1946",
    "Construction Year": 1928,
    "Number of Floors": 3,
    "Wall Area": 83.51,
    "Roof Area (Flat)": 0.0,
    "Roof Area (Sloped)": 68.53,
    "Floor Area": 59.15,
    "Shared Wall Area": 158.13,
    "Absolute Height (70%)": 7.5696234703063965,
    "Surfaces": [
        {
            "Type": "G",
            "Centroid": {
                "x": 88654.88475,
                "y": 439034.42675000004
            },
            "Distances": [
                6.629121978289885,
                6.620961652460149,
                3.016246459279302,
                3.8403146945588142,
                5.03744327046287,
                5.045016149917371,
                3.8852191318996527,
                3.0292777939657674
            ],
            "UnitPairs": [
                [
                    -0.9735263615800123,
                    -0.22857476524932333
                ],
                [
                    -0.4041142571781486,
                    -0.9147085148534222
                ],
                [
                    0.466929681978171,
                    -0.8842944487486982
                ],
                [
                    0.9830900070145726,
                    -0.18312301359492633
                ],
                [
                    0.9978027999786144,
                    0.06625384784929197
                ],
                [
                    0.25081683832140006,
                    0.9680345622003673
                ],
                [
                    0.015539664032131788,
                    0.9998792521308603
                ],
                [
                    -0.7944550363729052,
                    0.6073229743569115
                ]
            ]
        },
        {
            "Type": "F",
            "Centroid": {
                "x": 88654.68355357143,
                "y": 439034.80778571434
            },
            "Distances": [
                6.533663792320317,
                6.8964805606077295,
                4.121746697314732,
                5.227785284374114,
                4.735532461466063,
                3.5134645875375736,
                2.644194121266318
            ],
            "UnitPairs": [
                [
                    -0.9569559699078461,
                    -0.29023313328724826
                ],
                [
                    -0.358795845167714,
                    -0.9334160602273703
                ],
                [
                    0.9647782167607871,
                    -0.263064616518215
                ],
                [
                    0.999959092464931,
                    -0.009045075826752227
                ],
                [
                    0.30969514843355656,
                    0.9508359033170327
                ],
                [
                    0.07444828944390611,
                    0.9972248754412799
                ],
                [
                    -0.8340645468077573,
                    0.5516668666490406
                ]
            ]
        },
        {
            "Type": "R",
            "Centroid": {
                "x": 88656.293125,
                "y": 439031.75950000004
            },
            "Distances": [
                0.0
            ],
            "UnitPairs": [
                [
                    0.0,
                    0.0
                ]
            ]
        }
    ]
}