{
    "Pand ID": "0599100000144453",
    "Archetype ID": "TI.1946",
    "Construction Year": 1928,
    "Number of Floors": 2,
    "Wall Area": 91.4,
    "Roof Area (Flat)": 0.0,
    "Roof Area (Sloped)": 71.62,
    "Floor Area": 52.83,
    "Shared Wall Area": 73.2,
    "Absolute Height (70%)": 5.731844425201416,
    "Surfaces": [
        {
            "Type": "G",
            "Centroid": {
                "x": 88814.24675,
                "y": 439801.26800000004
            },
            "Distances": [
                5.6597082867351105,
                4.6218186507809484,
                4.825387071604398,
                5.146992242155396,
                5.20583512900555,
                4.747635689527708,
                4.614168006315845,
                5.61658583041634
            ],
            "UnitPairs": [
                [
                    -0.08014989059990535,
                    -0.9967828224025649
                ],
                [
                    0.41095835719834223,
                    -0.9116541167837942
                ],
                [
                    0.7743161210797583,
                    -0.6327989764814707
                ],
                [
                    0.8652383354151688,
                    -0.5013607712296484
                ],
                [
                    -0.04526171001619382,
                    0.9989751636584414
                ],
                [
                    -0.2629993288578684,
                    0.964796016275104
                ],
                [
                    -0.6448887417912363,
                    0.7642764622248392
                ],
                [
                    -0.9214895233996343,
                    0.3884032160844123
                ]
            ]
        },
        {
            "Type": "F",
            "Centroid": {
                "x": 88815.180125,
                "y": 439800.49675
            },
            "Distances": [
                5.06390205891599,
                3.5752260155479147,
                3.6146194906864624,
                4.020532808269341,
                3.9577500631667824,
                6.085093184397293,
                5.779476798364365,
                6.785176015582862
            ],
            "UnitPairs": [
                [
                    -0.27389945221400164,
                    -0.9617583324707251
                ],
                [
                    0.270192708320933,
                    -0.9628062631548464
                ],
                [
                    0.7754619835427153,
                    -0.6313942604110346
                ],
                [
                    0.8849573351786924,
                    -0.4656721109465622
                ],
                [
                    0.8893942123236445,
                    -0.45714104506727904
                ],
                [
                    -0.1921088082910266,
                    0.9813736320978884
                ],
                [
                    -0.3775428254367629,
                    0.9259921246755968
                ],
                [
                    -0.90034510320245,
                    0.435176625221725
                ]
            ]
        },
        {
            "Type": "R",
            "Centroid": {
                "x": 88811.271125,
                "y": 439804.7945
            },
            "Distances": [
                0.0
            ],
            "UnitPairs": [
                [
                    0.0,
                    0.0
                ]
            ]
        }
    ]
}