{
    "Pand ID": "0599100000092455",
    "Archetype ID": "TI.1946",
    "Construction Year": 1941,
    "Number of Floors": 2,
    "Wall Area": 56.63,
    "Roof Area (Flat)": 0.0,
    "Roof Area (Sloped)": 42.01,
    "Floor Area": 36.6,
    "Shared Wall Area": 98.29,
    "Absolute Height (70%)": 5.613001823425293,
    "Surfaces": [
        {
            "Type": "G",
            "Centroid": {
                "x": 93886.99403472223,
                "y": 433143.51275
            },
            "Distances": [
                3.3179158860965092,
                2.9951549291129216,
                2.8157073207121344,
                3.4192756614995656,
                2.6006175643553853,
                5.467782299217774,
                5.635443406068226,
                2.9294874873078958,
                3.6532731358261947
            ],
            "UnitPairs": [
                [
                    -0.9994895398425429,
                    -0.03194776588968057
                ],
                [
                    -0.2675061027540047,
                    -0.9635561659754786
                ],
                [
                    -0.21956196145789297,
                    -0.9755985573383975
                ],
                [
                    -0.09745403857765406,
                    -0.9952400265086333
                ],
                [
                    0.9423829983182139,
                    -0.33453592405117444
                ],
                [
                    0.9537281282244624,
                    0.3006703467810942
                ],
                [
                    0.3364025935789373,
                    0.9417182673354937
                ],
                [
                    -0.28954628613290956,
                    0.957164013211236
                ],
                [
                    -0.9975225193231487,
                    0.07034787447534091
                ]
            ]
        },
        {
            "Type": "F",
            "Centroid": {
                "x": 93886.6876875,
                "y": 433143.6215
            },
            "Distances": [
                3.0175263177209777,
                3.0353630471830257,
                2.8727293777965732,
                3.5118528340693262,
                5.73060326913009,
                5.64545459447445,
                2.7491818925027007,
                3.3411656017172793
            ],
            "UnitPairs": [
                [
                    -0.9974643741555234,
                    -0.07116756487705653
                ],
                [
                    -0.16303651072751504,
                    -0.986620036371549
                ],
                [
                    -0.10856400272504288,
                    -0.9940894614230235
                ],
                [
                    -0.007652655525654335,
                    -0.9999707180029851
                ],
                [
                    0.9634456863801378,
                    0.2679037315818966
                ],
                [
                    0.39007044749797687,
                    0.9207850161621486
                ],
                [
                    -0.19710409175656649,
                    0.9803825666610044
                ],
                [
                    -0.9990151336054253,
                    0.04437074292069492
                ]
            ]
        },
        {
            "Type": "R",
            "Centroid": {
                "x": 93889.4448125,
                "y": 433142.64275
            },
            "Distances": [
                0.0
            ],
            "UnitPairs": [
                [
                    0.0,
                    0.0
                ]
            ]
        }
    ]
}