{
    "Pand ID": "0599100000039452",
    "Archetype ID": "TI.1946",
    "Construction Year": 1921,
    "Number of Floors": 3,
    "Wall Area": 64.68,
    "Roof Area (Flat)": 0.0,
    "Roof Area (Sloped)": 63.67,
    "Floor Area": 46.43,
    "Shared Wall Area": 113.5,
    "Absolute Height (70%)": 6.4901018142700195,
    "Surfaces": [
        {
            "Type": "G",
            "Centroid": {
                "x": 94247.02075000001,
                "y": 433659.71375
            },
            "Distances": [
                2.9034664842224327,
                5.152524830129431,
                5.16571274124785,
                2.9097105740864886,
                2.9756469254376516,
                4.724392355095157,
                4.735242456818834,
                2.987151255799155
            ],
            "UnitPairs": [
                [
                    -0.9694446329242937,
                    -0.2453102193025831
                ],
                [
                    -0.3859758207034429,
                    -0.9225088974271758
                ],
                [
                    0.7182455134144589,
                    -0.6957897544948478
                ],
                [
                    0.991937145123814,
                    0.12673081757653695
                ],
                [
                    0.9084579144394953,
                    0.4179763362826211
                ],
                [
                    0.4403211764906789,
                    0.8978403318707978
                ],
                [
                    -0.7585144863774999,
                    0.6516561777160388
                ],
                [
                    -0.9991961385312399,
                    0.04008836170585411
                ]
            ]
        },
        {
            "Type": "F",
            "Centroid": {
                "x": 94247.42285714287,
                "y": 433659.81549999997
            },
            "Distances": [
                5.411767075308495,
                4.960264626324023,
                2.498450466722545,
                2.5689341075472596,
                4.467187420412282,
                4.985494045487583,
                3.3869049744790325
            ],
            "UnitPairs": [
                [
                    -0.4417886264489022,
                    -0.8971191724293893
                ],
                [
                    0.6669287036774346,
                    -0.7451215365369174
                ],
                [
                    0.9942734067474844,
                    0.10686623711327713
                ],
                [
                    0.8957578360507614,
                    0.44454234798684517
                ],
                [
                    0.37565982780868706,
                    0.9267576240693937
                ],
                [
                    -0.8010955597228331,
                    0.5985364685567295
                ],
                [
                    -0.9999858774845248,
                    0.0053145866729891345
                ]
            ]
        },
        {
            "Type": "R",
            "Centroid": {
                "x": 94244.206,
                "y": 433659.0015
            },
            "Distances": [
                0.0
            ],
            "UnitPairs": [
                [
                    0.0,
                    0.0
                ]
            ]
        }
    ]
}