{
    "Pand ID": "0599100000019280",
    "Archetype ID": "TI.1946",
    "Construction Year": 1924,
    "Number of Floors": 3,
    "Wall Area": 414.91,
    "Roof Area (Flat)": 8.17,
    "Roof Area (Sloped)": 179.29,
    "Floor Area": 119.53,
    "Shared Wall Area": 0.0,
    "Absolute Height (70%)": 11.247591972351074,
    "Surfaces": [
        {
            "Type": "G",
            "Centroid": {
                "x": 97172.18000000001,
                "y": 434998.04675
            },
            "Distances": [
                7.915197991814963,
                8.060545220385295,
                7.913076155993019,
                8.0405300975772
            ],
            "UnitPairs": [
                [
                    -0.3423161369809165,
                    -0.9395848351066882
                ],
                [
                    0.9999943899089029,
                    -0.00334964934302199
                ],
                [
                    0.33988046455943954,
                    0.9404686437148554
                ],
                [
                    -0.9999962567673971,
                    0.002736138007099202
                ]
            ]
        },
        {
            "Type": "F",
            "Centroid": {
                "x": 97170.13809375,
                "y": 434999.2671875
            },
            "Distances": [
                4.232131080366505,
                3.8524545073791066,
                4.169769633207337,
                6.104449272378698,
                1.9618445514335383,
                2.9459071576635605,
                2.469436875395072,
                2.3274087885646026,
                6.072617694947942,
                7.7978186922180495,
                7.917060181617856,
                8.68313914905132,
                6.873744847707544,
                5.674124110281744,
                10.179131218154787,
                7.888969346888713,
                4.905061593014982,
                4.270123173707985,
                7.7246690127232505,
                7.395448577900182,
                7.434674201436598,
                6.625503177564308,
                5.940610899263344,
                3.6854961903377212,
                2.5882719344122993,
                2.7259170899708267,
                2.6380488848506025,
                2.32508788413002,
                3.309108307984241,
                3.233470936005519,
                3.768405545639907,
                3.68686547679604
            ],
            "UnitPairs": [
                [
                    -0.9998730355083351,
                    -0.015934643496101717
                ],
                [
                    -0.9992574195551983,
                    -0.038530630203595755
                ],
                [
                    -0.9954012128031169,
                    -0.09579366132518331
                ],
                [
                    -0.9797106148570716,
                    -0.20041734240424103
                ],
                [
                    -0.9575650367580238,
                    -0.28821727980571243
                ],
                [
                    -0.8165884467033772,
                    -0.5772203294328482
                ],
                [
                    -0.6712436209720039,
                    -0.7412368051469064
                ],
                [
                    -0.665372476727783,
                    -0.7465115318688224
                ],
                [
                    -0.5171729734645106,
                    -0.8558809003114141
                ],
                [
                    -0.17358620447909273,
                    -0.9848186785467377
                ],
                [
                    -0.16048807522641412,
                    -0.9870377792719592
                ],
                [
                    -0.07688391704164717,
                    -0.9970400510011286
                ],
                [
                    0.7102978591967878,
                    -0.7039012368368592
                ],
                [
                    0.7390402762594687,
                    -0.6736612428114952
                ],
                [
                    0.9924625229287581,
                    -0.12254852337700417
                ],
                [
                    0.9560699146295604,
                    0.2931387356529755
                ],
                [
                    0.8053734239782978,
                    0.5927677858567155
                ],
                [
                    0.6780615294250781,
                    0.7350051444131014
                ],
                [
                    0.6382676386367568,
                    0.7698145370601015
                ],
                [
                    0.6097542566213981,
                    0.7925905289189911
                ],
                [
                    0.5918761375114827,
                    0.8060289311460777
                ],
                [
                    0.5570001479273063,
                    0.8305123931699988
                ],
                [
                    0.5185335821906055,
                    0.8550572636616677
                ],
                [
                    0.24458205990147838,
                    0.9696285969247965
                ],
                [
                    -0.8196950721450883,
                    0.5728001298018871
                ],
                [
                    -0.8810223021250199,
                    0.4730747331641485
                ],
                [
                    -0.8971000361650101,
                    0.44182748342847283
                ],
                [
                    -0.9576385328067926,
                    0.28797298568382
                ],
                [
                    -0.9762731978917513,
                    0.21654247407428748
                ],
                [
                    -0.9805542751916834,
                    0.1962480914641275
                ],
                [
                    -0.9955387509552794,
                    0.09435356562632954
                ],
                [
                    -0.9966715013432972,
                    0.08152250247691134
                ]
            ]
        },
        {
            "Type": "R",
            "Centroid": {
                "x": 97166.9975,
                "y": 434994.06975
            },
            "Distances": [
                0.0
            ],
            "UnitPairs": [
                [
                    0.0,
                    0.0
                ]
            ]
        }
    ]
}