{
    "Pand ID": "0599100000605315",
    "Archetype ID": "TI.1946",
    "Construction Year": 1919,
    "Number of Floors": 3,
    "Wall Area": 90.44,
    "Roof Area (Flat)": 0.0,
    "Roof Area (Sloped)": 72.15,
    "Floor Area": 47.93,
    "Shared Wall Area": 149.35,
    "Absolute Height (70%)": 9.132779121398926,
    "Surfaces": [
        {
            "Type": "G",
            "Centroid": {
                "x": 93898.942075,
                "y": 434445.70379999996
            },
            "Distances": [
                4.383864673998312,
                3.7622348517652298,
                6.291905758977088,
                6.2706428282923605,
                3.7302576693925222,
                3.3708102408975926,
                2.2700787387607697,
                3.0818190213097267,
                3.5177252706829667,
                3.242056150026738
            ],
            "UnitPairs": [
                [
                    -0.999620272492568,
                    -0.027555595110320276
                ],
                [
                    -0.015203729232588442,
                    -0.9998844166289533
                ],
                [
                    0.37966239347949005,
                    -0.9251251088244361
                ],
                [
                    0.9772203851819073,
                    -0.21222704536633538
                ],
                [
                    0.9819160831862884,
                    0.18931668067050528
                ],
                [
                    0.1429329940211543,
                    0.9897323674712011
                ],
                [
                    -0.23003607367259044,
                    0.9731821025940101
                ],
                [
                    -0.3995043159515166,
                    0.9167313137098081
                ],
                [
                    -0.950671170333604,
                    0.310200460825795
                ],
                [
                    -0.9636477147273775,
                    0.2671761252445712
                ]
            ]
        },
        {
            "Type": "F",
            "Centroid": {
                "x": 93898.788575,
                "y": 434446.3938
            },
            "Distances": [
                4.305728780356869,
                6.989549765944945,
                6.598360578981622,
                3.81633438394008,
                2.721393122978663,
                1.5633004605433654,
                2.3917600903559753,
                2.83963746447234,
                3.215824611187533,
                2.9759208541088658
            ],
            "UnitPairs": [
                [
                    -0.9821101643197093,
                    -0.18830726257877967
                ],
                [
                    0.36372872146755136,
                    -0.9315049206416359
                ],
                [
                    0.9519485825025673,
                    -0.3062578917699146
                ],
                [
                    0.9999909903245487,
                    0.004244911038908014
                ],
                [
                    0.23344661035729072,
                    0.9723696211383258
                ],
                [
                    -0.2358471767248461,
                    0.9717901569942552
                ],
                [
                    -0.4505886708035032,
                    0.8927316784698145
                ],
                [
                    -0.5066491825096863,
                    0.862152310129867
                ],
                [
                    -0.9921871948152252,
                    0.12475804761495074
                ],
                [
                    -0.9982456340830097,
                    0.059208563858699416
                ]
            ]
        },
        {
            "Type": "R",
            "Centroid": {
                "x": 93898.884875,
                "y": 434441.942
            },
            "Distances": [
                0.0
            ],
            "UnitPairs": [
                [
                    0.0,
                    0.0
                ]
            ]
        }
    ]
}