{
    "Pand ID": "0599100000310094",
    "Archetype ID": "TI.1946",
    "Construction Year": 1914,
    "Number of Floors": 2,
    "Wall Area": 69.42,
    "Roof Area (Flat)": 33.64,
    "Roof Area (Sloped)": 24.93,
    "Floor Area": 50.87,
    "Shared Wall Area": 107.54,
    "Absolute Height (70%)": 4.929484844207764,
    "Surfaces": [
        {
            "Type": "G",
            "Centroid": {
                "x": 94184.2111111111,
                "y": 434214.9836111111
            },
            "Distances": [
                3.105070981879277,
                3.0153275153218444,
                4.354686137699011,
                6.317511352686111,
                5.822317849071846,
                5.646214378020709,
                5.682866278207271,
                3.4737995084142828,
                3.4683267695275006,
                2.0522380255710626,
                2.179941059914091,
                3.391881798619868,
                5.219487195123512,
                5.202113312238466,
                5.310960492988555,
                5.767287781789887,
                5.62734548848397,
                4.053070868990759
            ],
            "UnitPairs": [
                [
                    -0.9385006423736165,
                    -0.34527748878881304
                ],
                [
                    -0.567802702162475,
                    -0.823164680618035
                ],
                [
                    -0.026893123270032362,
                    -0.99963831455221
                ],
                [
                    0.22459617556303263,
                    -0.9744519269427607
                ],
                [
                    0.8448334523120337,
                    -0.5350293803657241
                ],
                [
                    0.8568376198627862,
                    -0.5155863586130607
                ],
                [
                    0.8690841288722789,
                    -0.49466430732600075
                ],
                [
                    0.9626027296027421,
                    -0.2709169336925073
                ],
                [
                    0.9629683449193684,
                    -0.2696144778813857
                ],
                [
                    0.9462298547703953,
                    0.32349507251455445
                ],
                [
                    0.33252682937893996,
                    0.9430937958353822
                ],
                [
                    -0.12356300602354943,
                    0.9923367289093074
                ],
                [
                    -0.33875188212998797,
                    0.9408757422494166
                ],
                [
                    -0.34699573092072833,
                    0.9378667083987946
                ],
                [
                    -0.3585248117790357,
                    0.9335201976062473
                ],
                [
                    -0.943270271388998,
                    0.3320258952457264
                ],
                [
                    -0.9489573942154076,
                    0.3154042865338128
                ],
                [
                    -0.9980361167754718,
                    0.06264111758052249
                ]
            ]
        },
        {
            "Type": "F",
            "Centroid": {
                "x": 94184.3801,
                "y": 434214.84335000004
            },
            "Distances": [
                3.2208461671768642,
                3.003797368768018,
                4.2225535322349215,
                6.144322682997028,
                2.731892555126001,
                5.604576927159366,
                5.42920223722648,
                5.669523130981219,
                5.4667527594338505,
                3.27434737504861,
                3.2690049453147356,
                1.9467489906142281,
                3.5551300162318933,
                5.409849603458023,
                5.527145134016803,
                5.39341612820818,
                5.503533140837167,
                5.973746256110789,
                5.832493663287414,
                4.232492531882145
            ],
            "UnitPairs": [
                [
                    -0.9572329257518896,
                    -0.28931838147009875
                ],
                [
                    -0.6262406444447394,
                    -0.7796298193664974
                ],
                [
                    -0.06775520968850914,
                    -0.9977019753213212
                ],
                [
                    0.20342356098159614,
                    -0.9790908307391949
                ],
                [
                    0.2587583463625919,
                    -0.9659420884233676
                ],
                [
                    0.847503756613204,
                    -0.530789395642478
                ],
                [
                    0.8599605975240538,
                    -0.5103604321517023
                ],
                [
                    0.8660163979521486,
                    -0.5000155982346807
                ],
                [
                    0.8725289417502954,
                    -0.4885624277491155
                ],
                [
                    0.9696283369906734,
                    -0.24458309038995543
                ],
                [
                    0.9699893554893523,
                    -0.24314738377648856
                ],
                [
                    0.9106977882325352,
                    0.4130732846703698
                ],
                [
                    -0.1654229233032262,
                    0.9862227215217743
                ],
                [
                    -0.35806910394650193,
                    0.9336950877020556
                ],
                [
                    -0.36530613020787817,
                    0.9308874428375026
                ],
                [
                    -0.36602033907266324,
                    0.93060685113808
                ],
                [
                    -0.37668529414785346,
                    0.9263412919506206
                ],
                [
                    -0.938958529459418,
                    0.3440303474337798
                ],
                [
                    -0.9445531050762483,
                    0.32835869364281745
                ],
                [
                    -0.9956544443383695,
                    0.09312479513670291
                ]
            ]
        },
        {
            "Type": "R",
            "Centroid": {
                "x": 94184.93599999999,
                "y": 434217.0395
            },
            "Distances": [
                0.0
            ],
            "UnitPairs": [
                [
                    0.0,
                    0.0
                ]
            ]
        }
    ]
}