{
    "Pand ID": "0599100000688481",
    "Archetype ID": "TI.1946",
    "Construction Year": 1924,
    "Number of Floors": 3,
    "Wall Area": 240.2,
    "Roof Area (Flat)": 95.86,
    "Roof Area (Sloped)": 3.72,
    "Floor Area": 99.96,
    "Shared Wall Area": 168.69,
    "Absolute Height (70%)": 8.278830528259277,
    "Surfaces": [
        {
            "Type": "G",
            "Centroid": {
                "x": 94601.61444444445,
                "y": 434058.8002222222
            },
            "Distances": [
                7.497408540952207,
                7.563979827468665,
                7.175500597869348,
                4.366897862474823,
                4.295939070418985,
                5.0676208692736,
                4.531620589104579,
                4.466765216228396,
                4.2766849112588,
                5.180599530648865,
                4.705812900283604,
                6.653896139121006,
                6.985793858310083,
                6.944224182522191,
                5.486877592883608,
                6.254391821156077,
                6.305410582046506,
                5.546028423548091
            ],
            "UnitPairs": [
                [
                    -0.8810303464677394,
                    -0.47305975162016806
                ],
                [
                    -0.8769780718295412,
                    -0.4805303960522582
                ],
                [
                    0.4376775547181213,
                    -0.8991320025980424
                ],
                [
                    0.7981765695751109,
                    -0.6024235750543867
                ],
                [
                    0.8253272445055675,
                    -0.564654708186204
                ],
                [
                    0.8281115860493075,
                    -0.5605632890681482
                ],
                [
                    0.9999856489425436,
                    0.005357416257854547
                ],
                [
                    0.999953062078833,
                    0.009688840960879682
                ],
                [
                    0.9997359273050039,
                    0.022979896770958103
                ],
                [
                    0.9961309545406213,
                    0.08788129155850405
                ],
                [
                    0.9950577413039419,
                    0.09929799328837184
                ],
                [
                    0.8887357770414666,
                    0.4584198060800827
                ],
                [
                    -0.5617750142712925,
                    0.8272900539354314
                ],
                [
                    -0.5675860025336905,
                    0.8233141136454698
                ],
                [
                    -0.8845548970778971,
                    0.46643609857676216
                ],
                [
                    -0.8959215547542119,
                    0.4442123002875942
                ],
                [
                    -0.9981022429172067,
                    0.06157850829340814
                ],
                [
                    -0.9995340847726977,
                    0.030522342269320723
                ]
            ]
        },
        {
            "Type": "F",
            "Centroid": {
                "x": 94601.70228,
                "y": 434058.89346
            },
            "Distances": [
                7.619009513019086,
                7.691068175460948,
                7.68591507888892,
                1.5344789995197214,
                7.221883466219313,
                4.35482023508582,
                4.277965296706647,
                5.0487326449319,
                4.91199798452784,
                4.444255046696054,
                4.379005005713806,
                4.187723032868169,
                5.08562298643325,
                4.609919500391936,
                4.481608447879427,
                1.7209907960395405,
                6.533230370968336,
                1.127082889619881,
                6.646606367195677,
                6.959126502703519,
                6.918448036972794,
                5.522463338052264,
                6.292861657469512,
                6.388096981108764,
                5.631793366239412
            ],
            "UnitPairs": [
                [
                    -0.8784973937301161,
                    -0.47774713940472047
                ],
                [
                    -0.8748173656115688,
                    -0.4844528633669481
                ],
                [
                    -0.8744931385541101,
                    -0.48503788575922807
                ],
                [
                    0.09887395008756919,
                    -0.9950999658296049
                ],
                [
                    0.4227041344943037,
                    -0.906267738960966
                ],
                [
                    0.7802204951270881,
                    -0.6255045795065304
                ],
                [
                    0.8082627511419243,
                    -0.5888219808367278
                ],
                [
                    0.8138121562305929,
                    -0.5811280189177883
                ],
                [
                    0.9991290744543396,
                    -0.04172640147454185
                ],
                [
                    0.9998796093653006,
                    -0.015516661222494925
                ],
                [
                    0.9999349154190175,
                    -0.01140898444044442
                ],
                [
                    0.9999992757719585,
                    0.001203517992627643
                ],
                [
                    0.9974628503810371,
                    0.07118891844758471
                ],
                [
                    0.9967028707589348,
                    0.081138076270627
                ],
                [
                    0.9964547443051338,
                    0.08413050904273744
                ],
                [
                    0.966141134417396,
                    0.2580141631513028
                ],
                [
                    0.8917058896156044,
                    0.4526152962780242
                ],
                [
                    0.717533739043498,
                    0.6965237492966463
                ],
                [
                    -0.554761301676725,
                    0.832009554129005
                ],
                [
                    -0.576549369872305,
                    0.8170623134742222
                ],
                [
                    -0.5823965112507381,
                    0.812904855246276
                ],
                [
                    -0.8947601274147804,
                    0.44654710209415327
                ],
                [
                    -0.9044025293712998,
                    0.42668028413180187
                ],
                [
                    -0.998932861988868,
                    0.04618589870002908
                ],
                [
                    -0.9999088449798132,
                    0.013501915832051894
                ]
            ]
        },
        {
            "Type": "R",
            "Centroid": {
                "x": 94597.6815,
                "y": 434064.54850000003
            },
            "Distances": [
                0.03214420634036995,
                0.03214420633652194
            ],
            "UnitPairs": [
                [
                    -0.2644333451826889,
                    -0.9644039640915486
                ],
                [
                    0.26443334476163727,
                    0.9644039642069983
                ]
            ]
        }
    ]
}