{
    "Pand ID": "0599100000075364",
    "Archetype ID": "TI.1946",
    "Construction Year": 1933,
    "Number of Floors": 3,
    "Wall Area": 73.09,
    "Roof Area (Flat)": 0.0,
    "Roof Area (Sloped)": 81.14,
    "Floor Area": 58.67,
    "Shared Wall Area": 177.35,
    "Absolute Height (70%)": 4.723208427429199,
    "Surfaces": [
        {
            "Type": "G",
            "Centroid": {
                "x": 92371.61018749999,
                "y": 441867.846625
            },
            "Distances": [
                6.890956721037631,
                7.093538540877967,
                3.3812723982348647,
                5.498547515609807,
                4.654977097818128,
                3.4631796851399925,
                4.195602940161947,
                2.951396793252851
            ],
            "UnitPairs": [
                [
                    -0.8712687139168134,
                    -0.4908063041055422
                ],
                [
                    -0.24400727366452,
                    -0.9697734015731758
                ],
                [
                    0.40461839179900305,
                    -0.9144856242817536
                ],
                [
                    0.9540928736383412,
                    0.2995109154480555
                ],
                [
                    0.4960550721252948,
                    0.8682910603125938
                ],
                [
                    0.4447141471197668,
                    0.8956725558771679
                ],
                [
                    0.04746040148200941,
                    0.99887312021656
                ],
                [
                    -0.9920302843342931,
                    0.12599966255360176
                ]
            ]
        },
        {
            "Type": "F",
            "Centroid": {
                "x": 92371.41474107142,
                "y": 441868.2883571429
            },
            "Distances": [
                2.7333214078046466,
                6.954115753893475,
                7.480139718216908,
                5.573425241124482,
                4.385647800775597,
                3.176250651983828,
                3.76984864093698
            ],
            "UnitPairs": [
                [
                    -0.9996733511198108,
                    -0.0255576028000914
                ],
                [
                    -0.8352504871919186,
                    -0.5498696424114197
                ],
                [
                    -0.20526736521887914,
                    -0.9787059358030374
                ],
                [
                    0.9763424094073969,
                    0.21623020046367006
                ],
                [
                    0.571083575868357,
                    0.8208919230772164
                ],
                [
                    0.5464214316593322,
                    0.8375103695019935
                ],
                [
                    0.10466505850682435,
                    0.9945075291458395
                ]
            ]
        },
        {
            "Type": "R",
            "Centroid": {
                "x": 92372.9783125,
                "y": 441864.75450000004
            },
            "Distances": [
                0.0
            ],
            "UnitPairs": [
                [
                    0.0,
                    0.0
                ]
            ]
        }
    ]
}