{
    "Pand ID": "0599100000259081",
    "Archetype ID": "TI.1946",
    "Construction Year": 1933,
    "Number of Floors": 3,
    "Wall Area": 64.74,
    "Roof Area (Flat)": 0.0,
    "Roof Area (Sloped)": 45.97,
    "Floor Area": 41.08,
    "Shared Wall Area": 101.49,
    "Absolute Height (70%)": 6.155220031738281,
    "Surfaces": [
        {
            "Type": "G",
            "Centroid": {
                "x": 95348.130125,
                "y": 433226.71099999995
            },
            "Distances": [
                4.56355224850495,
                3.631513338088843,
                5.578107037770499,
                4.942637871125808,
                2.5698771614719904,
                3.5271607739395225,
                3.378928916828194,
                3.6429692731402046
            ],
            "UnitPairs": [
                [
                    -0.7143010143173785,
                    -0.6998385963528764
                ],
                [
                    0.3693363826948055,
                    -0.9292957744539228
                ],
                [
                    0.7796999897186705,
                    -0.6261532767882839
                ],
                [
                    0.9226348599499635,
                    0.385674623491242
                ],
                [
                    0.6160800304903203,
                    0.7876835633876372
                ],
                [
                    -0.7827116984286968,
                    0.6223844448111351
                ],
                [
                    -0.8155690953639388,
                    0.578659701972797
                ],
                [
                    -0.8393565168220358,
                    0.5435813073206064
                ]
            ]
        },
        {
            "Type": "F",
            "Centroid": {
                "x": 95347.551125,
                "y": 433226.733875
            },
            "Distances": [
                4.187254106586857,
                3.902719014096979,
                6.053698638278706,
                5.473480789507749,
                3.0788384503320265,
                2.9107239139125243,
                3.2971440980331503,
                3.158404415696593
            ],
            "UnitPairs": [
                [
                    -0.6402166985238652,
                    -0.7681943627306843
                ],
                [
                    0.49202876073308305,
                    -0.870578944502718
                ],
                [
                    0.8140890874274661,
                    -0.5807400087229357
                ],
                [
                    0.938936336427636,
                    0.34409091260283103
                ],
                [
                    -0.7086276318811378,
                    0.7055826523764105
                ],
                [
                    -0.7478380170631796,
                    0.6638812395564521
                ],
                [
                    -0.7490573437409438,
                    0.6625051666121264
                ],
                [
                    -0.7848108328610184,
                    0.6197353924248595
                ]
            ]
        },
        {
            "Type": "R",
            "Centroid": {
                "x": 95349.71337499999,
                "y": 433228.73524999997
            },
            "Distances": [
                0.0
            ],
            "UnitPairs": [
                [
                    0.0,
                    0.0
                ]
            ]
        }
    ]
}