{
    "Pand ID": "0599100000239013",
    "Archetype ID": "TI.1946",
    "Construction Year": 1903,
    "Number of Floors": 3,
    "Wall Area": 199.55,
    "Roof Area (Flat)": 9.37,
    "Roof Area (Sloped)": 122.46,
    "Floor Area": 96.84,
    "Shared Wall Area": 264.96,
    "Absolute Height (70%)": 10.93961238861084,
    "Surfaces": [
        {
            "Type": "G",
            "Centroid": {
                "x": 95007.78545,
                "y": 437230.87245
            },
            "Distances": [
                7.63654760378803,
                7.688443204253274,
                3.3687783104850024,
                4.369886841219657,
                5.9363136714011215,
                6.465385549609499,
                6.212747556854916,
                6.9340535839560475,
                6.509493459929664,
                6.224202447306841,
                5.466978983416613,
                6.670777136504646,
                4.815448484313351,
                4.254788679229119,
                4.95122632334233,
                7.526470972819493,
                9.138194805587789,
                7.046187210451549,
                8.22709773279984,
                6.977534228158095
            ],
            "UnitPairs": [
                [
                    -0.999397947340715,
                    -0.03469499749481892
                ],
                [
                    -0.9987652631358879,
                    -0.049678457636088025
                ],
                [
                    -0.2968286743254597,
                    -0.9549307504202543
                ],
                [
                    0.2908656553772415,
                    -0.9567639053193675
                ],
                [
                    0.5390634958216706,
                    -0.8422651289662416
                ],
                [
                    0.5845049720547012,
                    -0.8113901266612339
                ],
                [
                    0.6382119929569636,
                    -0.7698606705410407
                ],
                [
                    0.7477660703397462,
                    -0.6639622760734633
                ],
                [
                    0.9009994458242276,
                    -0.4338202376842677
                ],
                [
                    0.913378067010002,
                    -0.40711240057884784
                ],
                [
                    0.9484305712036277,
                    -0.316984939084431
                ],
                [
                    0.9736571717341159,
                    0.22801691150158662
                ],
                [
                    0.8495678052271965,
                    0.5274794254958616
                ],
                [
                    0.7107403511613669,
                    0.7034544428966364
                ],
                [
                    -0.24760532440773358,
                    0.968860982455657
                ],
                [
                    -0.5802121626146511,
                    0.8144653745580777
                ],
                [
                    -0.6623791819688801,
                    0.7491687522142373
                ],
                [
                    -0.8564844815717538,
                    0.5161727742013948
                ],
                [
                    -0.8672499381600002,
                    0.49787302072062106
                ],
                [
                    -0.948608746810967,
                    0.31645133191966
                ]
            ]
        },
        {
            "Type": "F",
            "Centroid": {
                "x": 95007.7536707317,
                "y": 437231.40974390245
            },
            "Distances": [
                7.642394286478984,
                7.702222377475946,
                7.442965052420675,
                3.8770738766305857,
                4.894812521961165,
                2.91575745769831,
                6.411379762157466,
                2.9001469123298977,
                6.925917249512472,
                6.654294807218401,
                3.3836469019413324,
                3.29130333602065,
                7.324458784026217,
                3.1484851008048307,
                5.212547059228184,
                3.0627457457879212,
                6.787529446772874,
                6.489582112203744,
                5.689403746540026,
                3.2517232453321956,
                2.6893648884587726,
                6.600551216138679,
                2.5216537722627583,
                2.617498375771816,
                2.6937717081274273,
                4.583530643719896,
                3.920310004021707,
                2.3170211355107893,
                2.0249490185174936,
                3.3333325251067887,
                4.423976237195844,
                7.076201384907227,
                7.017585392931327,
                6.9142010025396745,
                8.720946077059335,
                3.807178862836864,
                6.492855140002007,
                6.756222812954256,
                7.944795743497347,
                6.795751922074174,
                6.484312282084732
            ],