{
    "Pand ID": "0599100000194727",
    "Archetype ID": "TI.1946",
    "Construction Year": 1902,
    "Number of Floors": 2,
    "Wall Area": 118.62,
    "Roof Area (Flat)": 9.14,
    "Roof Area (Sloped)": 69.6,
    "Floor Area": 60.78,
    "Shared Wall Area": 139.8,
    "Absolute Height (70%)": 6.608154296875,
    "Surfaces": [
        {
            "Type": "G",
            "Centroid": {
                "x": 92342.44577083334,
                "y": 438351.57248333335
            },
            "Distances": [
                2.9437886103219117,
                3.1459863290158356,
                3.9389567631779285,
                4.664465397996336,
                6.894582756231514,
                5.928879510432954,
                2.8923619267919145,
                1.8718963420969805,
                2.269695350090132,
                4.328593148891876,
                4.75607922371707,
                5.582287576054226,
                4.113892639409723,
                3.8463181939116944,
                4.764577202176307
            ],
            "UnitPairs": [
                [
                    -0.837469553582069,
                    -0.5464839858797786
                ],
                [
                    -0.8265558274530236,
                    -0.5628547451194202
                ],
                [
                    -0.7931880244365076,
                    -0.6089768122765514
                ],
                [
                    -0.08711251958412748,
                    -0.9961984786836934
                ],
                [
                    0.28495802228075723,
                    -0.9585399968378155
                ],
                [
                    0.8913432390343549,
                    -0.45332905292705983
                ],
                [
                    0.9814354975317462,
                    -0.19179250294162678
                ],
                [
                    0.9859876453455995,
                    0.16681835398372752
                ],
                [
                    0.9506415328296648,
                    0.31029127615720264
                ],
                [
                    0.8221300880576149,
                    0.569299673555482
                ],
                [
                    0.17549469372049556,
                    0.984480376887193
                ],
                [
                    -0.05989181474033697,
                    0.9982048740249214
                ],
                [
                    -0.484293954159679,
                    0.8749053468600948
                ],
                [
                    -0.7298754787823241,
                    0.6835801236667677
                ],
                [
                    -0.9978499941524613,
                    0.06553921856364199
                ]
            ]
        },
        {
            "Type": "F",
            "Centroid": {
                "x": 92342.68867279413,
                "y": 438351.4095735294
            },
            "Distances": [
                3.0700071801954665,
                3.266356294018533,
                4.041927804951207,
                4.530582734022243,
                6.671814946052562,
                2.2840144414334036,
                2.1031321385662105,
                5.638627954043339,
                2.6251704871123285,
                1.6717198870068009,
                2.1019797596732874,
                4.230407993598376,
                4.881180236251881,
                5.764152126173329,
                4.376099703619395,
                4.135236969346331,
                5.0197762164320325
            ],
            "UnitPairs": [
                [
                    -0.8821592703731455,
                    -0.4709511882294381
                ],
                [
                    -0.8704608555219455,
                    -0.4922376448464733
                ],
                [
                    -0.8330765556961375,
                    -0.5531577101961614
                ],
                [
                    -0.14330061544893818,
                    -0.9896792074263032
                ],
                [
                    0.2580654169507747,
                    -0.9661274453062716
                ],
                [
                    0.8282630230141992,
                    -0.5603395084298268
                ],
                [
                    0.8329313568782933,
                    -0.5533763228842423
                ],
                [
                    0.8941474321360586,
                    -0.4477726762593856
                ],
                [
                    0.9887985251285331,
                    -0.1492564126047447
                ],
                [
                    0.9587519526071431,
                    0.2842440735916764
                ],
                [
                    0.9109339407570602,
                    0.4125522458753709
                ],
                [
                    0.7837931260734984,
                    0.6210220088852996
                ],
                [
                    0.12123393876882514,
                    0.9926239630850128
                ],
                [
                    -0.10014227270417575,
                    0.994973127887202
                ],
                [
                    -0.5107825336508419,
                    0.8597099530174269
                ],
                [
                    -0.7376204354760112,
                    0.6752155901400526
                ],
                [
                    -0.9955095762571272,
                    0.09466088727851239
                ]
            ]
        },
        {
            "Type": "R",
            "Centroid": {
                "x": 92345.2844375,
                "y": 438351.01775
            },
            "Distances": [
                0.0
            ],
            "UnitPairs": [
                [
                    0.0,
                    0.0
                ]
            ]
        }
    ]
}