{
    "Pand ID": "0599100000432491",
    "Archetype ID": "TI.1946",
    "Construction Year": 1935,
    "Number of Floors": 4,
    "Wall Area": 127.35,
    "Roof Area (Flat)": 31.86,
    "Roof Area (Sloped)": 38.99,
    "Floor Area": 56.72,
    "Shared Wall Area": 296.71,
    "Absolute Height (70%)": 12.408003807067871,
    "Surfaces": [
        {
            "Type": "G",
            "Centroid": {
                "x": 89914.27793750001,
                "y": 437007.00689285714
            },
            "Distances": [
                6.599565688051982,
                6.5047093587880855,
                6.884336837993951,
                6.309268238004801,
                6.9726960034107535,
                4.191528989571114,
                3.4727291838470697,
                4.1815837548374155,
                6.199491291241444,
                5.90226377747992,
                5.739750105200053,
                6.094073536673466,
                4.3128147238038155,
                3.631588749005567
            ],
            "UnitPairs": [
                [
                    0.2594110098918221,
                    -0.9657670153545859
                ],
                [
                    0.29178859427781084,
                    -0.9564828363590113
                ],
                [
                    0.8147480479225309,
                    -0.5798151588277296
                ],
                [
                    0.8303657099929531,
                    -0.5572187969441617
                ],
                [
                    0.8372658147054047,
                    -0.54679608221502
                ],
                [
                    0.9428540300742613,
                    -0.33320605932774416
                ],
                [
                    0.0440575673746203,
                    0.999028993952143
                ],
                [
                    -0.09326609793784543,
                    0.9956412179974512
                ],
                [
                    -0.28663642168711223,
                    0.9580394364338077
                ],
                [
                    -0.7632664634870231,
                    0.646083822515324
                ],
                [
                    -0.7958534633546804,
                    0.6054892772513484
                ],
                [
                    -0.887911832281729,
                    0.4600136716382488
                ],
                [
                    -0.9620167490862105,
                    0.27299042927838885
                ],
                [
                    -0.9915770338796537,
                    0.12951828396959297
                ]
            ]
        },
        {
            "Type": "F",
            "Centroid": {
                "x": 89914.39840416666,
                "y": 437006.0789833333
            },
            "Distances": [
                3.9065359534605495,
                5.67353416215616,
                6.170893578380362,
                5.5841953185576205,
                6.285734649901336,
                5.735481434809956,
                6.40405136005378,
                3.860098265888944,
                4.397387014500988,
                7.1245863895504,
                6.623786793734319,
                6.431988574449143,
                6.901074724673869,
                6.672291542048215,
                3.975482841390156
            ],
            "UnitPairs": [
                [
                    0.1713879870362207,
                    -0.985203612406934
                ],
                [
                    0.2805188596475761,
                    -0.9598485137676795
                ],
                [
                    0.3105763061715731,
                    -0.9505484511821696
                ],
                [
                    0.3183150359074934,
                    -0.9479849882330474
                ],
                [
                    0.8731729287104922,
                    -0.487410542117363
                ],
                [
                    0.8924330749770923,
                    -0.451179794191774
                ],
                [
                    0.8927994189752156,
                    -0.4504544344076517
                ],
                [
                    0.9925999467950034,
                    -0.12143041473435084
                ],
                [
                    0.007398332973308666,
                    0.9999726319601032
                ],
                [
                    -0.26632657152283806,
                    0.963882854552819
                ],
                [
                    -0.6983115264255523,
                    0.7157939731942532
                ],
                [
                    -0.7289295701307679,
                    0.6845886953412057
                ],
                [
                    -0.8229829255938325,
                    0.5680661089882201
                ],
                [
                    -0.8290205294228934,
                    0.5592181701227041
                ],
                [
                    -0.9361043211932721,
                    0.3517224756015503
                ]
            ]
        },
        {
            "Type": "R",
            "Centroid": {
                "x": 89912.0084375,
                "y": 437009.67724999995
            },
            "Distances": [
                2.400326904790092,
                2.4003269048262967
            ],
            "UnitPairs": [
                [
                    -0.7830183448115879,
                    -0.6219986106805392
                ],
                [
                    0.7830183447997775,
                    0.6219986106954073
                ]
            ]
        }
    ]
}