{
    "Pand ID": "0599100000014275",
    "Archetype ID": "TI.1946",
    "Construction Year": 1936,
    "Number of Floors": 2,
    "Wall Area": 61.5,
    "Roof Area (Flat)": 0.0,
    "Roof Area (Sloped)": 78.58,
    "Floor Area": 62.62,
    "Shared Wall Area": 127.68,
    "Absolute Height (70%)": 6.005066394805908,
    "Surfaces": [
        {
            "Type": "G",
            "Centroid": {
                "x": 86152.58899999999,
                "y": 433790.41075
            },
            "Distances": [
                3.7975460003468133,
                5.2954391342656315,
                5.268667680258985,
                3.8085050380660688,
                3.2081169905483136,
                6.550948986621362,
                6.511052843050103,
                3.2107107663291305
            ],
            "UnitPairs": [
                [
                    -0.7875480638612604,
                    -0.6162532329394955
                ],
                [
                    -0.5381517807567338,
                    -0.8428479464697984
                ],
                [
                    0.6474597008245877,
                    -0.762099688891247
                ],
                [
                    0.8597205379213184,
                    -0.5107647175327197
                ],
                [
                    0.9626363406008058,
                    0.27079748107153695
                ],
                [
                    0.420129969814415,
                    0.9074639433408572
                ],
                [
                    -0.5388913413195282,
                    0.8423752858737249
                ],
                [
                    -0.989422664075955,
                    0.1450613381050925
                ]
            ]
        },
        {
            "Type": "F",
            "Centroid": {
                "x": 86152.14782142857,
                "y": 433790.2866428572
            },
            "Distances": [
                3.378106515897711,
                4.962799317073666,
                5.475600298878295,
                4.137749481982085,
                6.857770268878767,
                6.392908017304712,
                2.7984428687769536
            ],
            "UnitPairs": [
                [
                    -0.7547338772713021,
                    -0.6560310773881273
                ],
                [
                    -0.485325171277708,
                    -0.8743337338363787
                ],
                [
                    0.7035627805433724,
                    -0.7106331077525719
                ],
                [
                    0.8979346351439107,
                    -0.44012883455753266
                ],
                [
                    0.4656657260619205,
                    0.8849606949301333
                ],
                [
                    -0.4798397568480309,
                    0.8773561464696208
                ],
                [
                    -0.9775334201394689,
                    0.21078048417828552
                ]
            ]
        },
        {
            "Type": "R",
            "Centroid": {
                "x": 86155.67725,
                "y": 433791.2795
            },
            "Distances": [
                0.0
            ],
            "UnitPairs": [
                [
                    0.0,
                    0.0
                ]
            ]
        }
    ]
}