{
    "Pand ID": "0599100000224864",
    "Archetype ID": "TI.1946",
    "Construction Year": 1939,
    "Number of Floors": 4,
    "Wall Area": 71.65,
    "Roof Area (Flat)": 0.0,
    "Roof Area (Sloped)": 73.1,
    "Floor Area": 57.12,
    "Shared Wall Area": 161.11,
    "Absolute Height (70%)": 3.6117498874664307,
    "Surfaces": [
        {
            "Type": "G",
            "Centroid": {
                "x": 94024.85891071429,
                "y": 441965.0189642857
            },
            "Distances": [
                1.9931680504652822,
                2.5381115629059074,
                3.0959429014114783,
                3.2130771219208585,
                3.20557577042697,
                6.884517040202866,
                7.458479394441581,
                3.938077198394936,
                5.202227052565491,
                4.516062383263625,
                4.663241532731672,
                3.932116535553605,
                3.1588538415079728,
                3.7358627258298633
            ],
            "UnitPairs": [
                [
                    -0.6458490612436457,
                    -0.7634651204152693
                ],
                [
                    -0.503636535513371,
                    -0.8639156440857457
                ],
                [
                    -0.06340094780300753,
                    -0.9979881361106857
                ],
                [
                    -0.015027872802370425,
                    -0.9998870751435063
                ],
                [
                    0.19706733858641315,
                    -0.9803899551007588
                ],
                [
                    0.5475640867316071,
                    -0.8367637485705156
                ],
                [
                    0.9787134749136404,
                    -0.20523141577854725
                ],
                [
                    0.9232206740888109,
                    0.3842702004254317
                ],
                [
                    -0.14230169248818525,
                    0.989823331870389
                ],
                [
                    -0.26201713215309236,
                    0.9650632220006465
                ],
                [
                    -0.30349826496371624,
                    0.9528319910477471
                ],
                [
                    -0.7724302387355895,
                    0.6350996191833848
                ],
                [
                    -0.7747385086766274,
                    0.6322817751394668
                ],
                [
                    -0.9912799227569696,
                    0.13177296664694294
                ]
            ]
        },
        {
            "Type": "F",
            "Centroid": {
                "x": 94024.80615833333,
                "y": 441965.36498333333
            },
            "Distances": [
                2.2388613971179585,
                2.8190599299531,
                3.4387301952386786,
                3.558736136428253,
                3.5552432952870463,
                7.204404446034196,
                7.588207567592,
                3.8687592096498595,
                4.852223485726789,
                4.900239894369575,
                4.168499660834032,
                4.3178804085519245,
                3.679047089783774,
                2.908688963927494,
                3.653462406480741
            ],
            "UnitPairs": [
                [
                    -0.5514112373928968,
                    -0.8342335687784533
                ],
                [
                    -0.434731209616718,
                    -0.9005602563877585
                ],
                [
                    -0.041740213737731575,
                    -0.9991284975202782
                ],
                [
                    0.0012551272401659023,
                    -0.9999992123274953
                ],
                [
                    0.19252315800167982,
                    -0.981292430233241
                ],
                [
                    0.5305735811054926,
                    -0.847638882445168
                ],
                [
                    0.9689332561308313,
                    -0.24732235071603403
                ],
                [
                    0.9533978381165776,
                    0.30171602919738266
                ],
                [
                    -0.1416944902378263,
                    0.9899104360679518
                ],
                [
                    -0.1507137097890657,
                    0.9885774515340804
                ],
                [
                    -0.2712086902516794,
                    0.9625205693033103
                ],
                [
                    -0.31555606094007715,
                    0.9489069355864054
                ],
                [
                    -0.8112245536687086,
                    0.5847347462952792
                ],
                [
                    -0.82323457854574,
                    0.5677013551918101
                ],
                [
                    -0.999198274726434,
                    0.04003508191221414
                ]
            ]
        },
        {
            "Type": "R",
            "Centroid": {
                "x": 94024.662625,
                "y": 441961.92925
            },
            "Distances": [
                0.0
            ],
            "UnitPairs": [
                [
                    0.0,
                    0.0
                ]
            ]
        }
    ]
}