{
    "Pand ID": "0599100000256019",
    "Archetype ID": "TI.1946",
    "Construction Year": 1941,
    "Number of Floors": 2,
    "Wall Area": 50.83,
    "Roof Area (Flat)": 0.0,
    "Roof Area (Sloped)": 42.12,
    "Floor Area": 36.53,
    "Shared Wall Area": 90.7,
    "Absolute Height (70%)": 1.7258473634719849,
    "Surfaces": [
        {
            "Type": "G",
            "Centroid": {
                "x": 91905.33764583332,
                "y": 441875.3943333333
            },
            "Distances": [
                4.468646715953956,
                4.472161275243568,
                2.470931701212509,
                4.418885810439845,
                4.422284945505401,
                2.4713552568637622
            ],
            "UnitPairs": [
                [
                    -0.9569638427805055,
                    -0.29020717360321713
                ],
                [
                    -0.09287083084917147,
                    -0.9956781652609363
                ],
                [
                    0.781756398091881,
                    -0.6235839430601211
                ],
                [
                    0.9555953350711409,
                    0.2946821263501979
                ],
                [
                    0.0976116808369982,
                    0.9952245775523111
                ],
                [
                    -0.7665159948448579,
                    0.6422252172306829
                ]
            ]
        },
        {
            "Type": "F",
            "Centroid": {
                "x": 91904.9513125,
                "y": 441875.7025
            },
            "Distances": [
                4.2081023038818435,
                4.761088320960493,
                4.714967338167041,
                4.173939745605522,
                1.9773479713886695
            ],
            "UnitPairs": [
                [
                    -0.9244071838298736,
                    -0.381407077128522
                ],
                [
                    -0.006091044324324515,
                    -0.9999814494174576
                ],
                [
                    0.9775253293246575,
                    0.21081800333159348
                ],
                [
                    0.19597791292040623,
                    0.9806083100032151
                ],
                [
                    -0.7626376448767276,
                    0.646825960067218
                ]
            ]
        },
        {
            "Type": "R",
            "Centroid": {
                "x": 91907.2693125,
                "y": 441873.8535
            },
            "Distances": [
                0.0
            ],
            "UnitPairs": [
                [
                    0.0,
                    0.0
                ]
            ]
        }
    ]
}