{
    "Pand ID": "0599100000629711",
    "Archetype ID": "TI.1946",
    "Construction Year": 1921,
    "Number of Floors": 3,
    "Wall Area": 164.48,
    "Roof Area (Flat)": 36.68,
    "Roof Area (Sloped)": 90.42,
    "Floor Area": 92.14,
    "Shared Wall Area": 171.97,
    "Absolute Height (70%)": 7.389522075653076,
    "Surfaces": [
        {
            "Type": "G",
            "Centroid": {
                "x": 92639.0216875,
                "y": 439962.799
            },
            "Distances": [
                8.632770641079079,
                8.505565924227296,
                4.010978691872857,
                3.513994958265458,
                3.5853138030599836,
                4.477106913688269,
                3.865164720489212,
                3.1125159142536307,
                9.094771716020812,
                9.62472953861127,
                4.560167671388983,
                3.565352200865071,
                3.2089658483997527,
                4.432588458348632,
                7.017518743559676,
                8.566851540449152
            ],
            "UnitPairs": [
                [
                    -0.988218366349648,
                    -0.15305051587378898
                ],
                [
                    -0.9872432445764325,
                    -0.15921927031046923
                ],
                [
                    -0.7479627119621683,
                    -0.6637407487221185
                ],
                [
                    0.1422704090193349,
                    -0.9898278288255343
                ],
                [
                    0.1896451851486504,
                    -0.9818526894345884
                ],
                [
                    0.49807555258116365,
                    -0.86713363671407
                ],
                [
                    0.6348856200083546,
                    -0.7726061412560782
                ],
                [
                    0.9541919083545155,
                    -0.2991952573667702
                ],
                [
                    0.9653829446358642,
                    -0.26083667343030564
                ],
                [
                    0.9952422519068869,
                    0.09743130923532178
                ],
                [
                    0.8593845188163989,
                    0.5113298825794427
                ],
                [
                    0.6422752566891683,
                    0.7664740665181459
                ],
                [
                    0.3072446222824087,
                    0.9516305701681405
                ],
                [
                    -0.4988197124023375,
                    0.866705771596595
                ],
                [
                    -0.7549766083443333,
                    0.6557517219595287
                ],
                [
                    -0.811273834637783,
                    0.5846663708749692
                ]
            ]
        },
        {
            "Type": "F",
            "Centroid": {
                "x": 92638.19536413044,
                "y": 439962.21396739123
            },
            "Distances": [
                7.7398334035876974,
                7.609716576592677,
                3.0066549349461207,
                1.828473949698254,
                1.866561214465279,
                1.6993865728311837,
                3.182714999387332,
                3.299139727408681,
                4.495817281431755,
                3.9853672933477533,
                4.065212950440241,
                9.771099932848271,
                3.8120156179918685,
                10.51609816601137,
                5.570019883871134,
                4.551786819037691,
                4.065098809742941,
                6.84829648022566,
                8.294008971027804,
                2.8303514197036703,
                5.866244657045049,
                6.03977364121484,
                5.925289832035417
            ],
            "UnitPairs": [
                [
                    -0.9954657585866592,
                    -0.09512057338708134
                ],
                [
                    -0.9948779372044879,
                    -0.10108357959502094
                ],
                [
                    -0.7229759242302503,
                    -0.6908732249721473
                ],
                [
                    0.3693029751281391,
                    -0.9293090511565596
                ],
                [
                    0.3944477490818845,
                    -0.9189183713716005
                ],
                [
                    0.416185981969678,
                    -0.909279510608226
                ],
                [
                    0.4167073928457901,
                    -0.9090406749687631
                ],
                [
                    0.45656170820688385,
                    -0.889691748078632
                ],
                [
                    0.6798009523617701,
                    -0.733396662910345
                ],
                [
                    0.8022499895810947,
                    -0.5969882362468572
                ],
                [
                    0.8069099723812883,
                    -0.5906744420335356
                ],
                [
                    0.9831299378354122,
                    -0.18290851629090057
                ],
                [
                    0.9958670818790826,
                    -0.09082265812912937
                ],
                [
                    0.9894602261506257,
                    0.14480490622196707
                ],
                [
                    0.8519288922649889,
                    0.5236574858857159
                ],
                [
                    0.6846236419785368,
                    0.7288967477249741
                ],
                [
                    0.44580979562583095,
                    0.8951277149792956
                ],
                [
                    -0.6529710189031629,
                    0.7573828942302336
                ],
                [
                    -0.7383328317852473,
                    0.6744365274123115
                ],
                [
                    -0.7422184806472186,
                    0.670157986586547
                ],
                [
                    -0.9985500900320723,
                    0.053830453248512294
                ],
                [
                    -0.9998287169624327,
                    0.01850774803307136
                ],
                [
                    -0.999907059129077,
                    0.013633528664304758
                ]
            ]
        },
        {
            "Type": "R",
            "Centroid": {
                "x": 92636.81062500001,
                "y": 439966.64074999996
            },
            "Distances": [
                0.0
            ],
            "UnitPairs": [
                [
                    0.0,
                    0.0
                ]
            ]
        }
    ]
}