{
    "Pand ID": "0599100000127154",
    "Archetype ID": "TI.1946",
    "Construction Year": 1923,
    "Number of Floors": 3,
    "Wall Area": 77.71,
    "Roof Area (Flat)": 17.59,
    "Roof Area (Sloped)": 59.27,
    "Floor Area": 58.53,
    "Shared Wall Area": 157.95,
    "Absolute Height (70%)": 5.792762756347656,
    "Surfaces": [
        {
            "Type": "G",
            "Centroid": {
                "x": 97674.70000000001,
                "y": 436286.7364117647
            },
            "Distances": [
                2.972110953934662,
                5.660605615480962,
                9.061944200854725,
                9.068829352050312,
                5.519636368444453,
                2.706727771403038,
                2.135878919273177,
                2.095313031260842,
                3.143449546589912,
                2.9469694391802164,
                2.4628894780851462,
                7.124910574787894,
                4.519417341940933,
                2.3294675721328324,
                7.225145575106823,
                5.083906892059603,
                2.3546796945031603
            ],
            "UnitPairs": [
                [
                    -0.857639583281555,
                    -0.5142512471434957
                ],
                [
                    -0.5199090344592475,
                    -0.8542216315966559
                ],
                [
                    -0.37177452490694973,
                    -0.9283230594088525
                ],
                [
                    0.11137049345474971,
                    -0.9937789558989693
                ],
                [
                    0.26360432152838414,
                    -0.9646308940063864
                ],
                [
                    0.6871766047741281,
                    -0.7264904086435702
                ],
                [
                    0.9410645808886716,
                    -0.33822692766370427
                ],
                [
                    0.975987821145601,
                    -0.21782509721210347
                ],
                [
                    0.7549031612632698,
                    0.6558362731007807
                ],
                [
                    0.7034345088308993,
                    0.7107600803265695
                ],
                [
                    0.44906602989739636,
                    0.8934985734695892
                ],
                [
                    0.06764997187398467,
                    0.9977091165793008
                ],
                [
                    0.04115574772456861,
                    0.9991527432926517
                ],
                [
                    -0.027474089263428075,
                    0.9996225159624733
                ],
                [
                    -0.2109300060687507,
                    0.9775011675388613
                ],
                [
                    -0.3540584118120406,
                    0.935223310779375
                ],
                [
                    -0.9984372844841327,
                    0.05588370918211416
                ]
            ]
        },
        {
            "Type": "F",
            "Centroid": {
                "x": 97675.04841666667,
                "y": 436287.0354583333
            },
            "Distances": [
                2.704605818545383,
                1.8349148618776134,
                0.7148784631170163,
                0.8242193581558724,
                3.4255842275926116,
                9.47146730805133,
                9.3349316441215,
                5.731300925628441,
                2.7234510522205815,
                1.950445154420285,
                1.744099232763795,
                1.8571785860264916,
                1.6652039315573792,
                1.8318866778030518,
                1.8152402872314481,
                2.684304528254355,
                2.4896099193214547,
                2.046898438361283,
                6.810851798178443,
                4.219668565212446,
                2.071020734741887,
                7.01793702240529,
                4.946468004232742,
                0.6690146737447701
            ],
            "UnitPairs": [
                [
                    -0.9980813648185635,
                    -0.0619159850274037
                ],
                [
                    -0.9877388342764675,
                    -0.15611532680094298
                ],
                [
                    -0.9573888457716145,
                    -0.28880200482700197
                ],
                [
                    -0.8497940017162691,
                    -0.527114934949722
                ],
                [
                    -0.8458167933285995,
                    -0.5334734783691923
                ],
                [
                    -0.3924858256657194,
                    -0.9197580533224478
                ],
                [
                    0.07087179194836844,
                    -0.997485433029489
                ],
                [
                    0.19307716479841186,
                    -0.9811835752974094
                ],
                [
                    0.5550249680851662,
                    -0.831833688186563
                ],
                [
                    0.8518995417885917,
                    -0.5237052326456051
                ],
                [
                    0.9056728560315046,
                    -0.4239772138308113
                ],
                [
                    0.913527296784,
                    -0.4067774305815374
                ],
                [
                    0.9996273139798525,
                    -0.0272989586875641
                ],
                [
                    0.9578012409764016,
                    0.2874313531681349
                ],
                [
                    0.8217002144719285,
                    0.5699199571315139
                ],
                [
                    0.7542301225593778,
                    0.6566101752364685
                ],
                [
                    0.6927122678717079,
                    0.7212140555618943
                ],
                [
                    0.37011281026035464,
                    0.9289868178188444
                ],
                [
                    0.019613307892625456,
                    0.9998076405756804
                ],
                [
                    -0.03849038476916559,
                    0.9992589705778586
                ],
                [
                    -0.1991369085567266,
                    0.9799716790042812
                ],
                [
                    -0.2668044270969375,
                    0.9637506927009054
                ],
                [
                    -0.4343334809453595,
                    0.900752145337377
                ],
                [
                    -0.9886429889008227,
                    0.15028320098150613
                ]
            ]
        },
        {
            "Type": "R",
            "Centroid": {
                "x": 97671.75700000001,
                "y": 436281.901
            },
            "Distances": [
                0.0
            ],
            "UnitPairs": [
                [
                    0.0,
                    0.0
                ]
            ]
        }
    ]
}