{
    "Pand ID": "0599100000158574",
    "Archetype ID": "TI.1946",
    "Construction Year": 1885,
    "Number of Floors": 2,
    "Wall Area": 114.98,
    "Roof Area (Flat)": 22.9,
    "Roof Area (Sloped)": 82.88,
    "Floor Area": 84.46,
    "Shared Wall Area": 165.62,
    "Absolute Height (70%)": 6.392702102661133,
    "Surfaces": [
        {
            "Type": "G",
            "Centroid": {
                "x": 93417.29862500001,
                "y": 440870.60317857144
            },
            "Distances": [
                6.310350842497999,
                7.210256348587322,
                7.245077306936125,
                5.160524465110631,
                8.238680340614822,
                7.687473198891391,
                8.255581958241983
            ],
            "UnitPairs": [
                [
                    0.22439322873248563,
                    -0.9744986808092714
                ],
                [
                    0.2872297321838614,
                    -0.9578617232928703
                ],
                [
                    0.9014396566528873,
                    -0.4329047763810474
                ],
                [
                    0.9667622028955717,
                    -0.2556772243523102
                ],
                [
                    -0.33124236979474564,
                    0.9435457023656888
                ],
                [
                    -0.6506689351097862,
                    0.7593615323961946
                ],
                [
                    -0.8813430763349831,
                    0.47247685847709836
                ]
            ]
        },
        {
            "Type": "F",
            "Centroid": {
                "x": 93418.553025,
                "y": 440869.3376833333
            },
            "Distances": [
                2.8491728678883206,
                4.886606119221914,
                5.699733715786957,
                3.1572731955098225,
                3.1612968379740396,
                5.598472925504646,
                3.7349894195852205,
                1.698034304109169,
                9.877864230927964,
                0.7470761883063104,
                0.7352557589907593,
                0.7531600302238367,
                9.972761351020411,
                0.7946983690743336,
                1.1214451826935483
            ],
            "UnitPairs": [
                [
                    -0.13281047431912174,
                    -0.9911414520194027
                ],
                [
                    0.0330699868271577,
                    -0.9994530384021311
                ],
                [
                    0.14326985096325076,
                    -0.9896836614822777
                ],
                [
                    0.9117361158642289,
                    -0.4107764051510374
                ],
                [
                    0.9143715848750519,
                    -0.4048760363038122
                ],
                [
                    0.9425070140036058,
                    -0.3341863679954747
                ],
                [
                    0.9998957374318,
                    -0.014440023051117237
                ],
                [
                    0.26124324987145636,
                    0.9652729999314182
                ],
                [
                    -0.4032653119006405,
                    0.9150831045417018
                ],
                [
                    -0.4998151538510354,
                    0.8661320984589278
                ],
                [
                    -0.6887399300258428,
                    0.7250084887696123
                ],
                [
                    -0.7998300172997338,
                    0.6002265767410734
                ],
                [
                    -0.8553699120786094,
                    0.5180176768322026
                ],
                [
                    -0.8888907131303809,
                    0.45811930772514153
                ],
                [
                    -0.9999597103000544,
                    0.008976512498248263
                ]
            ]
        },
        {
            "Type": "R",
            "Centroid": {
                "x": 93412.296625,
                "y": 440876.44075
            },
            "Distances": [
                0.0
            ],
            "UnitPairs": [
                [
                    0.0,
                    0.0
                ]
            ]
        }
    ]
}