{
    "Pand ID": "0599100000047112",
    "Archetype ID": "TI.1946",
    "Construction Year": 1900,
    "Number of Floors": 2,
    "Wall Area": 68.65,
    "Roof Area (Flat)": 5.41,
    "Roof Area (Sloped)": 63.95,
    "Floor Area": 56.83,
    "Shared Wall Area": 107.41,
    "Absolute Height (70%)": 3.6710078716278076,
    "Surfaces": [
        {
            "Type": "G",
            "Centroid": {
                "x": 90107.28377840908,
                "y": 439080.38870454545
            },
            "Distances": [
                6.72495920476458,
                6.597848935712828,
                6.403041552565782,
                5.970277246205711,
                6.942504305586487,
                4.98788633832898,
                4.155060259532037,
                4.57503438996883,
                6.966676600157715,
                7.222667615743528,
                5.240782127307677
            ],
            "UnitPairs": [
                [
                    -0.9720640244856444,
                    -0.23471585438732578
                ],
                [
                    -0.958659552638324,
                    -0.28455555193193566
                ],
                [
                    -0.8291514064835361,
                    -0.559024100666844
                ],
                [
                    -0.8267775022051377,
                    -0.5625290764462169
                ],
                [
                    -0.5822237525783466,
                    -0.8130285984721498
                ],
                [
                    0.9975987328909457,
                    -0.06925870439431693
                ],
                [
                    0.9065835043611945,
                    0.4220264797618461
                ],
                [
                    0.9024870064288921,
                    0.4307170802592076
                ],
                [
                    0.8879282685194345,
                    0.45998194525881014
                ],
                [
                    0.6847759517725657,
                    0.7287536592525465
                ],
                [
                    0.6002747327592948,
                    0.7997938767024648
                ]
            ]
        },
        {
            "Type": "F",
            "Centroid": {
                "x": 90107.28377840908,
                "y": 439080.38870454545
            },
            "Distances": [
                6.72495920476458,
                6.597848935712828,
                6.403041552565782,
                5.970277246205711,
                6.942504305586487,
                4.98788633832898,
                4.155060259532037,
                4.57503438996883,
                6.966676600157715,
                7.222667615743528,
                5.240782127307677
            ],
            "UnitPairs": [
                [
                    -0.9720640244856444,
                    -0.23471585438732578
                ],
                [
                    -0.958659552638324,
                    -0.28455555193193566
                ],
                [
                    -0.8291514064835361,
                    -0.559024100666844
                ],
                [
                    -0.8267775022051377,
                    -0.5625290764462169
                ],
                [
                    -0.5822237525783466,
                    -0.8130285984721498
                ],
                [
                    0.9975987328909457,
                    -0.06925870439431693
                ],
                [
                    0.9065835043611945,
                    0.4220264797618461
                ],
                [
                    0.9024870064288921,
                    0.4307170802592076
                ],
                [
                    0.8879282685194345,
                    0.45998194525881014
                ],
                [
                    0.6847759517725657,
                    0.7287536592525465
                ],
                [
                    0.6002747327592948,
                    0.7997938767024648
                ]
            ]
        },
        {
            "Type": "R",
            "Centroid": {
                "x": 90111.0506875,
                "y": 439082.14225
            },
            "Distances": [
                0.0
            ],
            "UnitPairs": [
                [
                    0.0,
                    0.0
                ]
            ]
        }
    ]
}