{
    "Pand ID": "0599100000067587",
    "Archetype ID": "TI.1946",
    "Construction Year": 1931,
    "Number of Floors": 3,
    "Wall Area": 81.58,
    "Roof Area (Flat)": 14.45,
    "Roof Area (Sloped)": 54.97,
    "Floor Area": 58.21,
    "Shared Wall Area": 150.83,
    "Absolute Height (70%)": 3.6631381511688232,
    "Surfaces": [
        {
            "Type": "G",
            "Centroid": {
                "x": 92298.3555625,
                "y": 441187.75575
            },
            "Distances": [
                3.2660982264769074,
                4.230894660126999,
                5.736072839929232,
                6.2343941265537755,
                5.701642318270355,
                3.3593767465322975,
                6.484340107137056,
                5.597899438618952,
                4.848319464012664,
                5.280493502040437,
                2.238213601267937,
                2.247478615021104
            ],
            "UnitPairs": [
                [
                    -0.9881056160020828,
                    -0.153776759053976
                ],
                [
                    -0.9414675429156648,
                    -0.337103642276883
                ],
                [
                    -0.8797395257731203,
                    -0.47545595673257207
                ],
                [
                    -0.12274649059117992,
                    -0.9924380580406766
                ],
                [
                    -0.06318354956141649,
                    -0.9980019233773149
                ],
                [
                    0.8622879237912335,
                    -0.5064183413777623
                ],
                [
                    0.9399183107770044,
                    0.3413994274542689
                ],
                [
                    0.6723504130911652,
                    0.7402330187286565
                ],
                [
                    0.5516860058127971,
                    0.8340518874688326
                ],
                [
                    0.2565574599183038,
                    0.966528980300264
                ],
                [
                    -0.6122069847205048,
                    0.7906975451204004
                ],
                [
                    -0.9042355226079688,
                    0.4270340965940468
                ]
            ]
        },
        {
            "Type": "F",
            "Centroid": {
                "x": 92298.35866964285,
                "y": 441187.30314285716
            },
            "Distances": [
                3.230738566276223,
                4.103537947152175,
                5.5380508921114435,
                5.785888125272145,
                5.250231529438688,
                3.068854783766477,
                2.684880411989267,
                1.6794275294334247,
                6.649629546997976,
                5.938765333263204,
                5.23019149863427,
                5.718395151818094,
                2.612466480570852,
                2.477383982731862
            ],
            "UnitPairs": [
                [
                    -0.9998819392472789,
                    -0.015365792107828551
                ],
                [
                    -0.9714439574329377,
                    -0.2372691247655975
                ],
                [
                    -0.9117570858810333,
                    -0.4107298581132447
                ],
                [
                    -0.1327984790258226,
                    -0.9911430592847977
                ],
                [
                    -0.0692078322286332,
                    -0.9976022634087262
                ],
                [
                    0.25470180644842144,
                    -0.9670196429193725
                ],
                [
                    0.3697158550214274,
                    -0.9291448684385955
                ],
                [
                    0.6887125743040601,
                    -0.7250344750392733
                ],
                [
                    0.9160875525616295,
                    0.40097829871658086
                ],
                [
                    0.6332364803306524,
                    0.7739583709596062
                ],
                [
                    0.5108116706339051,
                    0.8596926410899415
                ],
                [
                    0.23636751593074082,
                    0.9716637265086779
                ],
                [
                    -0.5256936894920623,
                    0.8506739356699622
                ],
                [
                    -0.8215751603481266,
                    0.5701002156629569
                ]
            ]
        },
        {
            "Type": "R",
            "Centroid": {
                "x": 92301.2523125,
                "y": 441186.05449999997
            },
            "Distances": [
                0.0
            ],
            "UnitPairs": [
                [
                    0.0,
                    0.0
                ]
            ]
        }
    ]
}