{
    "Pand ID": "0599100000136208",
    "Archetype ID": "TI.1946",
    "Construction Year": 1936,
    "Number of Floors": 3,
    "Wall Area": 90.38,
    "Roof Area (Flat)": 14.3,
    "Roof Area (Sloped)": 89.65,
    "Floor Area": 81.84,
    "Shared Wall Area": 193.89,
    "Absolute Height (70%)": 4.032313823699951,
    "Surfaces": [
        {
            "Type": "G",
            "Centroid": {
                "x": 93914.357625,
                "y": 441629.27608333336
            },
            "Distances": [
                6.9624405867249335,
                9.138140789600547,
                8.952494936637088,
                6.724303774900197,
                2.7599665016862103,
                5.532076758044401,
                5.257405769355763,
                5.761775515418231,
                5.562655728754886,
                4.91163780457571,
                5.818268478716956,
                3.3230087907617984
            ],
            "UnitPairs": [
                [
                    -0.927189240552356,
                    -0.37459326235791424
                ],
                [
                    -0.8740837095761211,
                    -0.4857753273414029
                ],
                [
                    -0.3780510376106919,
                    -0.925784755200408
                ],
                [
                    -0.2765342052134663,
                    -0.9610040756141238
                ],
                [
                    0.6389570304289981,
                    -0.7692424281495115
                ],
                [
                    0.9350014879094104,
                    0.3546437897485144
                ],
                [
                    0.8944525506114125,
                    0.44716287268146326
                ],
                [
                    0.8196258232147907,
                    0.5728992144517889
                ],
                [
                    0.590095839121056,
                    0.8073332029911917
                ],
                [
                    0.475096107009247,
                    0.8799339117823894
                ],
                [
                    0.09685011993948149,
                    0.995298977326767
                ],
                [
                    -0.8587097355656634,
                    0.5124622815825068
                ]
            ]
        },
        {
            "Type": "F",
            "Centroid": {
                "x": 93914.19730681818,
                "y": 441629.4690909091
            },
            "Distances": [
                6.890241244324131,
                9.095110851726291,
                9.073271262623297,
                6.8685845601304685,
                5.618539768678709,
                5.32011017875806,
                5.788005901335933,
                5.506815739293645,
                4.8235898877002965,
                5.644510514702804,
                3.0875643747895793
            ],
            "UnitPairs": [
                [
                    -0.9136373597021968,
                    -0.4065301648788173
                ],
                [
                    -0.8605922396972616,
                    -0.5092946072489389
                ],
                [
                    -0.35534943515477097,
                    -0.9347335336528722
                ],
                [
                    -0.24738456712728438,
                    -0.9689173731269587
                ],
                [
                    0.9491466468832334,
                    0.31483430993193023
                ],
                [
                    0.9140446378791951,
                    0.4056136091951194
                ],
                [
                    0.8436097448859543,
                    0.5369567937306083
                ],
                [
                    0.6251921881562146,
                    0.7804708372953114
                ],
                [
                    0.5170046044281832,
                    0.855982616061832
                ],
                [
                    0.12823400362872114,
                    0.9917439388840998
                ],
                [
                    -0.8722674222331217,
                    0.4890291853364019
                ]
            ]
        },
        {
            "Type": "R",
            "Centroid": {
                "x": 93916.121125,
                "y": 441627.153
            },
            "Distances": [
                0.0
            ],
            "UnitPairs": [
                [
                    0.0,
                    0.0
                ]
            ]
        }
    ]
}