{
    "Pand ID": "0599100000287972",
    "Archetype ID": "TI.1946",
    "Construction Year": 1941,
    "Number of Floors": 2,
    "Wall Area": 63.67,
    "Roof Area (Flat)": 0.0,
    "Roof Area (Sloped)": 42.07,
    "Floor Area": 35.46,
    "Shared Wall Area": 103.57,
    "Absolute Height (70%)": 6.648344039916992,
    "Surfaces": [
        {
            "Type": "G",
            "Centroid": {
                "x": 96172.83554166666,
                "y": 434023.2454166667
            },
            "Distances": [
                2.5312315458767984,
                4.3172088752061075,
                4.313165365741317,
                2.5310250503782186,
                4.327848788815697,
                4.3281273247061005
            ],
            "UnitPairs": [
                [
                    -0.8883686165848075,
                    -0.4591309193108165
                ],
                [
                    -0.15627380702685736,
                    -0.987713772930869
                ],
                [
                    0.8889836137023014,
                    -0.45793900747675703
                ],
                [
                    0.8926554610740087,
                    0.4507396452662544
                ],
                [
                    0.15604365269829049,
                    0.9877501599354845
                ],
                [
                    -0.8885290053064299,
                    0.4588204515158041
                ]
            ]
        },
        {
            "Type": "F",
            "Centroid": {
                "x": 96172.383675,
                "y": 434023.01725000003
            },
            "Distances": [
                2.025054626437309,
                4.042144955364427,
                4.6285547895652135,
                4.641938047807592,
                4.052119746495525
            ],
            "UnitPairs": [
                [
                    -0.8872847065721435,
                    -0.46122212596880596
                ],
                [
                    -0.05511925041369597,
                    -0.9984797785803338
                ],
                [
                    0.9260341931461412,
                    -0.3774396284496043
                ],
                [
                    0.24282960874940168,
                    0.9700689568863712
                ],
                [
                    -0.8375369466661029,
                    0.5463806941768913
                ]
            ]
        },
        {
            "Type": "R",
            "Centroid": {
                "x": 96175.094875,
                "y": 434024.38625000004
            },
            "Distances": [
                0.0
            ],
            "UnitPairs": [
                [
                    0.0,
                    0.0
                ]
            ]
        }
    ]
}