{
    "Pand ID": "0599100000158945",
    "Archetype ID": "TI.1946",
    "Construction Year": 1941,
    "Number of Floors": 2,
    "Wall Area": 60.56,
    "Roof Area (Flat)": 0.0,
    "Roof Area (Sloped)": 48.5,
    "Floor Area": 44.8,
    "Shared Wall Area": 115.63,
    "Absolute Height (70%)": 5.5593366622924805,
    "Surfaces": [
        {
            "Type": "G",
            "Centroid": {
                "x": 93909.29647916666,
                "y": 433088.02791666664
            },
            "Distances": [
                5.340739194034084,
                5.350287481845991,
                2.635246061649755,
                4.79584936575045,
                4.806581474678849,
                2.632981669586711
            ],
            "UnitPairs": [
                [
                    -0.9748962601434018,
                    -0.22265956516262336
                ],
                [
                    -0.34122777007138777,
                    -0.9399806428496855
                ],
                [
                    0.8231995352952542,
                    -0.5677521687230068
                ],
                [
                    0.986964554629323,
                    0.16093777650179647
                ],
                [
                    0.2817664363895732,
                    0.9594830250318765
                ],
                [
                    -0.46512540546996545,
                    0.8852448007113062
                ]
            ]
        },
        {
            "Type": "F",
            "Centroid": {
                "x": 93909.5414125,
                "y": 433087.56175000005
            },
            "Distances": [
                5.499333737826871,
                5.010823620947274,
                2.1827082627028025,
                4.656004570434165,
                5.197773788824842
            ],
            "UnitPairs": [
                [
                    -0.9913200871046958,
                    -0.13147047160004507
                ],
                [
                    -0.4132254808072733,
                    -0.9106287399437807
                ],
                [
                    0.88165699140231,
                    -0.4718908237203042
                ],
                [
                    0.9640024901400529,
                    0.26589320977373054
                ],
                [
                    0.21343753019540512,
                    0.976956713833364
                ]
            ]
        },
        {
            "Type": "R",
            "Centroid": {
                "x": 93908.0718125,
                "y": 433090.35875
            },
            "Distances": [
                0.0
            ],
            "UnitPairs": [
                [
                    0.0,
                    0.0
                ]
            ]
        }
    ]
}