{
    "Pand ID": "0599100000042738",
    "Archetype ID": "TI.1946",
    "Construction Year": 1934,
    "Number of Floors": 3,
    "Wall Area": 126.51,
    "Roof Area (Flat)": 55.62,
    "Roof Area (Sloped)": 3.1,
    "Floor Area": 56.2,
    "Shared Wall Area": 191.54,
    "Absolute Height (70%)": 8.604422569274902,
    "Surfaces": [
        {
            "Type": "G",
            "Centroid": {
                "x": 95024.66327272727,
                "y": 434297.89622727275
            },
            "Distances": [
                3.921159796384655,
                1.94457694948003,
                4.69774624529339,
                4.638621598152778,
                2.719217160707441,
                8.568064460742528,
                8.523331692992201,
                2.4843926207376055,
                2.48341966641452,
                3.118554700708841,
                2.4651903602433003
            ],
            "UnitPairs": [
                [
                    -0.9622848654997119,
                    -0.2720438156441006
                ],
                [
                    -0.9273342089897276,
                    -0.3742342379277933
                ],
                [
                    -0.7225321569181706,
                    -0.6913373143547049
                ],
                [
                    -0.7075965688987101,
                    -0.706616653980624
                ],
                [
                    0.35147147736119205,
                    -0.9361985903650683
                ],
                [
                    0.9893398108256648,
                    -0.14562533679081355
                ],
                [
                    0.8937499497995126,
                    0.44856552167255215
                ],
                [
                    -0.07014701533494551,
                    0.997536664107941
                ],
                [
                    -0.07581188544435766,
                    0.9971221379677474
                ],
                [
                    -0.7356846191406442,
                    0.6773242511234079
                ],
                [
                    -0.8681977512900962,
                    0.49621836388309953
                ]
            ]
        },
        {
            "Type": "F",
            "Centroid": {
                "x": 95024.62108333333,
                "y": 434297.9060833333
            },
            "Distances": [
                3.8832994365407507,
                1.9093045017886665,
                4.6742177791545485,
                4.61587956737613,
                2.743509403500506,
                8.61124015539072,
                8.556662317411746,
                2.471947986353885,
                2.4707390623070586,
                3.0809146662346567,
                2.4237024736013613,
                0.4765789692013868
            ],
            "UnitPairs": [
                [
                    -0.9608023780560849,
                    -0.2772341795698576
                ],
                [
                    -0.9223690258317797,
                    -0.38630995351677616
                ],
                [
                    -0.7171431652758171,
                    -0.6969258787691718
                ],
                [
                    -0.7019427794948919,
                    -0.7122333426026792
                ],
                [
                    0.3637372867762593,
                    -0.9315015760634252
                ],
                [
                    0.989278723266691,
                    -0.14603974695892213
                ],
                [
                    0.8951991305165884,
                    0.4456663737846327
                ],
                [
                    -0.05343289343440086,
                    0.9985714425614364
                ],
                [
                    -0.05912535870518009,
                    0.9982505657188399
                ],
                [
                    -0.7309788089904997,
                    0.6824001617869316
                ],
                [
                    -0.8656521813971052,
                    0.5006458836767095
                ],
                [
                    -0.9737805554088562,
                    0.22748940614371344
                ]
            ]
        },
        {
            "Type": "R",
            "Centroid": {
                "x": 95032.281,
                "y": 434301.7195
            },
            "Distances": [
                0.0
            ],
            "UnitPairs": [
                [
                    0.0,
                    0.0
                ]
            ]
        }
    ]
}