{
    "Pand ID": "0599100000237047",
    "Archetype ID": "TI.1946",
    "Construction Year": 1940,
    "Number of Floors": 3,
    "Wall Area": 56.12,
    "Roof Area (Flat)": 0.0,
    "Roof Area (Sloped)": 37.67,
    "Floor Area": 31.55,
    "Shared Wall Area": 83.11,
    "Absolute Height (70%)": 5.7868475914001465,
    "Surfaces": [
        {
            "Type": "G",
            "Centroid": {
                "x": 95165.45297916666,
                "y": 433800.6272500001
            },
            "Distances": [
                4.052501895266401,
                4.040684547411899,
                2.497391361258769,
                4.022086309082282,
                3.991564222719316,
                2.497073142200491
            ],
            "UnitPairs": [
                [
                    -0.9678383300048855,
                    -0.2515729853806931
                ],
                [
                    0.024212069068957863,
                    -0.9997068448857396
                ],
                [
                    0.8079764207757192,
                    -0.5892148194593022
                ],
                [
                    0.9666210604586678,
                    0.2562103149324018
                ],
                [
                    -0.023090362953431493,
                    0.9997333820267676
                ],
                [
                    -0.7965992797867416,
                    0.604507723228781
                ]
            ]
        },
        {
            "Type": "F",
            "Centroid": {
                "x": 95165.85081250001,
                "y": 433800.32535000006
            },
            "Distances": [
                4.379195104138119,
                3.749620482180209,
                1.9980901281069643,
                3.7356913362611825,
                4.32027750958251
            ],
            "UnitPairs": [
                [
                    -0.9864826520117367,
                    -0.16386572942470493
                ],
                [
                    -0.0800080972004068,
                    -0.9967942136581504
                ],
                [
                    0.8107742374615343,
                    -0.5853589803434022
                ],
                [
                    0.9342313606358087,
                    0.35666758305818275
                ],
                [
                    -0.1134186401031886,
                    0.9935472872878991
                ]
            ]
        },
        {
            "Type": "R",
            "Centroid": {
                "x": 95163.4638125,
                "y": 433802.13675
            },
            "Distances": [
                0.0
            ],
            "UnitPairs": [
                [
                    0.0,
                    0.0
                ]
            ]
        }
    ]
}