{
    "Pand ID": "0599100000079233",
    "Archetype ID": "TI.1946",
    "Construction Year": 1904,
    "Number of Floors": 4,
    "Wall Area": 298.57,
    "Roof Area (Flat)": 32.4,
    "Roof Area (Sloped)": 94.99,
    "Floor Area": 89.65,
    "Shared Wall Area": 193.03,
    "Absolute Height (70%)": 15.004975318908691,
    "Surfaces": [
        {
            "Type": "G",
            "Centroid": {
                "x": 92685.4537857143,
                "y": 434977.2773928572
            },
            "Distances": [
                8.034607517451775,
                5.908338390022767,
                8.239198953035457,
                9.099938788749165,
                8.431461928080825,
                5.176007572221898,
                7.678948223310929
            ],
            "UnitPairs": [
                [
                    -0.936235615486561,
                    -0.3513728394376837
                ],
                [
                    -0.8835454860056272,
                    -0.46834535778534203
                ],
                [
                    0.9572185755751951,
                    -0.2893658559225582
                ],
                [
                    0.9964588219992302,
                    -0.08408219823426635
                ],
                [
                    0.8953031336785157,
                    0.4454574040527667
                ],
                [
                    -0.8584387971420885,
                    0.5129160082910694
                ],
                [
                    -0.9529020774068554,
                    0.30327814110762963
                ]
            ]
        },
        {
            "Type": "F",
            "Centroid": {
                "x": 92686.69526666666,
                "y": 434977.84068333334
            },
            "Distances": [
                8.642571814880624,
                7.635876320075612,
                7.727317946223916,
                4.529580507669107,
                4.61849074648669,
                2.4432489794349634,
                9.39529333808693,
                3.0335544787321735,
                8.45287824601027,
                7.269540194692652,
                7.269559086282174,
                2.979583143481137,
                7.511604966694579,
                5.230368703594785,
                7.890229264242006,
                5.638792208944228,
                7.17862233595633,
                7.239027225785435,
                6.954305225938845,
                7.006754929511806,
                4.954803458157369,
                7.033508653276275,
                5.261878154142768,
                4.656040002928866,
                4.752313665548304,
                1.542161289291942,
                6.057328055790839,
                6.633661259721996,
                8.73897662822621,
                4.293088504649749
            ],
            "UnitPairs": [
                [
                    -0.9995597203811415,
                    -0.02967095198294299
                ],
                [
                    -0.999068914540212,
                    -0.04314283253847402
                ],
                [
                    -0.9909992988444768,
                    -0.13386705976361502
                ],
                [
                    -0.9717824110222998,
                    -0.23587909112018843
                ],
                [
                    -0.9697468096173062,
                    -0.24411293541526247
                ],
                [
                    -0.9564177397918652,
                    -0.29200189556134754
                ],
                [
                    -0.9327826552396383,
                    -0.3604393403668503
                ],
                [
                    -0.9255698838887788,
                    -0.3785767954300852
                ],
                [
                    -0.917529679350945,
                    -0.39766730757022534
                ],
                [
                    -0.8888824456019346,
                    -0.4581353488879936
                ],
                [
                    0.9141177964814053,
                    -0.4054487071825239
                ],
                [
                    0.931416644445742,
                    -0.3639547148333622
                ],
                [
                    0.9553528660206104,
                    -0.2954672594149912
                ],
                [
                    0.9812373895955014,
                    -0.19280348871274638
                ],
                [
                    0.9837779199293911,
                    -0.1793906470789395
                ],
                [
                    0.9842947084552468,
                    -0.17653307595745493
                ],
                [
                    0.998274181028124,
                    0.0587252883571309
                ],
                [
                    0.997956370105752,
                    0.06389900911087161
                ],
                [
                    0.9646158912204864,
                    0.26365921642322065
                ],
                [
                    0.9645311419236513,
                    0.2639690820142716
                ],
                [
                    0.9548781043070517,
                    0.29699798974904085
                ],
                [
                    0.891337971187329,
                    0.45333941050790644
                ],
                [
                    0.8202837859229959,
                    0.5719567383568767
                ],
                [
                    0.804166916734032,
                    0.5944035414013621
                ],
                [
                    0.7832465605821824,
                    0.6217112073432338
                ],
                [
                    0.06823756638215123,
                    0.9976691007213973
                ],
                [
                    -0.9384941040502897,
                    0.34529526012218026
                ],
                [
                    -0.9525307999995516,
                    0.304442235986097
                ],
                [
                    -0.9793785966894704,
                    0.20203357232540303
                ],
                [
                    -0.9999250334582213,
                    0.01224448706868929
                ]
            ]
        },
        {
            "Type": "R",
            "Centroid": {
                "x": 92680.37650000001,
                "y": 434979.86025
            },
            "Distances": [
                0.0
            ],
            "UnitPairs": [
                [
                    0.0,
                    0.0
                ]
            ]
        }
    ]
}