{
    "Pand ID": "0599100000240356",
    "Archetype ID": "TI.1946",
    "Construction Year": 1938,
    "Number of Floors": 3,
    "Wall Area": 88.8,
    "Roof Area (Flat)": 32.0,
    "Roof Area (Sloped)": 18.17,
    "Floor Area": 41.08,
    "Shared Wall Area": 110.21,
    "Absolute Height (70%)": 10.589932441711426,
    "Surfaces": [
        {
            "Type": "G",
            "Centroid": {
                "x": 96827.24759999999,
                "y": 434668.5198
            },
            "Distances": [
                3.873071391024077,
                3.4678168925154838,
                4.192636640598558,
                6.73657732087949,
                4.20328045699013,
                6.23567928940124,
                4.71803285277999,
                3.943923452577548,
                3.7858447141726166,
                4.108572112032566
            ],
            "UnitPairs": [
                [
                    -0.9983291320048602,
                    -0.057783597935942115
                ],
                [
                    -0.9852307967502002,
                    -0.17123164758585285
                ],
                [
                    -0.8649926790390632,
                    -0.5017844808369668
                ],
                [
                    0.8629604802398567,
                    -0.5052714216579005
                ],
                [
                    0.9738584046194403,
                    -0.2271559106694747
                ],
                [
                    0.9802300144592002,
                    -0.1978613624569393
                ],
                [
                    0.9417908138103743,
                    0.3361994393546678
                ],
                [
                    -0.7549842272045971,
                    0.6557429501506494
                ],
                [
                    -0.7970744253443132,
                    0.6038810813910573
                ],
                [
                    -0.8658969352347817,
                    0.5002224480678694
                ]
            ]
        },
        {
            "Type": "F",
            "Centroid": {
                "x": 96827.71085714285,
                "y": 434668.5808571428
            },
            "Distances": [
                4.26066033255195,
                3.9347337046541004,
                4.627476407055905,
                3.4919939511796514,
                2.157815240481658,
                2.751976777422268,
                4.492975092669302,
                6.37410884845245,
                3.769602485391975,
                5.795642332029819,
                3.9284944641817683,
                3.803329223673421,
                4.262346524859391,
                1.5026076993342279,
                2.121183944555161,
                2.1366494560371656,
                1.5524357491578058,
                3.1159993876276233,
                4.268002381289572,
                4.131298486412125,
                4.414979134184366
            ],
            "UnitPairs": [
                [
                    -0.9965256113985445,
                    -0.08328688868457684
                ],
                [
                    -0.9860532971454049,
                    -0.1664298506538889
                ],
                [
                    -0.8838202041654991,
                    -0.46782672722799346
                ],
                [
                    -0.8722400970459382,
                    -0.48907792130221156
                ],
                [
                    -0.37670377315153053,
                    -0.92633377747624
                ],
                [
                    -0.3204449798019307,
                    -0.9472671296523174
                ],
                [
                    0.7091387758506212,
                    -0.7050689303785002
                ],
                [
                    0.83935542745423,
                    -0.5435829894350327
                ],
                [
                    0.9630041552693083,
                    -0.2694865431409256
                ],
                [
                    0.9747224782878737,
                    -0.22341909121725848
                ],
                [
                    0.9841283709027959,
                    0.1774580220339705
                ],
                [
                    0.9818089987833001,
                    0.18987124560642102
                ],
                [
                    0.9337914770476229,
                    0.3578176594205753
                ],
                [
                    0.5384924205390871,
                    0.8426303537269203
                ],
                [
                    0.395601173244771,
                    0.9184224037594906
                ],
                [
                    -0.16280496638039044,
                    0.986658270589103
                ],
                [
                    -0.2691622781106929,
                    0.9630948385503175
                ],
                [
                    -0.7974511011541339,
                    0.6033835772276698
                ],
                [
                    -0.8061985058745894,
                    0.5916451378365072
                ],
                [
                    -0.8425576496849618,
                    0.5386061705526156
                ],
                [
                    -0.8869480520386507,
                    0.46186919466970633
                ]
            ]
        },
        {
            "Type": "R",
            "Centroid": {
                "x": 96830.897,
                "y": 434665.413
            },
            "Distances": [
                0.0
            ],
            "UnitPairs": [
                [
                    0.0,
                    0.0
                ]
            ]
        }
    ]
}