{
    "Pand ID": "0599100000013325",
    "Archetype ID": "TI.1946",
    "Construction Year": 1933,
    "Number of Floors": 3,
    "Wall Area": 63.02,
    "Roof Area (Flat)": 34.97,
    "Roof Area (Sloped)": 27.1,
    "Floor Area": 53.98,
    "Shared Wall Area": 150.58,
    "Absolute Height (70%)": 2.2950282096862793,
    "Surfaces": [
        {
            "Type": "G",
            "Centroid": {
                "x": 91082.01879999999,
                "y": 440604.728
            },
            "Distances": [
                6.245813048743123,
                3.2554885101670124,
                2.235878225665092,
                2.952792210757174,
                6.630288503525044,
                6.6312509709801715,
                3.0299310949352467,
                2.2526219035112156,
                3.1366916711632835,
                6.246457287130863
            ],
            "UnitPairs": [
                [
                    -0.8262815360822189,
                    -0.5632573329568012
                ],
                [
                    -0.5494720667599712,
                    -0.8355120871959457
                ],
                [
                    0.2532338270939124,
                    -0.9674051006767385
                ],
                [
                    0.8101484389206736,
                    -0.586224792135573
                ],
                [
                    0.9938029086515566,
                    -0.11115655066484331
                ],
                [
                    0.8386351269667682,
                    0.5446936054493688
                ],
                [
                    0.4872057989939729,
                    0.8732871861115589
                ],
                [
                    -0.35016972833536175,
                    0.9366862662372812
                ],
                [
                    -0.8466882557851916,
                    0.532089275888389
                ],
                [
                    -0.9910897834443119,
                    0.13319549974494965
                ]
            ]
        },
        {
            "Type": "F",
            "Centroid": {
                "x": 91081.85566666666,
                "y": 440604.6883333333
            },
            "Distances": [
                6.088963367309533,
                3.134801251833529,
                2.2450994533402397,
                1.059534751118791,
                1.0453555481936818,
                0.18381300881050078,
                6.788245666015004,
                6.789894075462601,
                3.1464613810605586,
                2.238867025062526,
                3.0220736074698076,
                6.090366838066558
            ],
            "UnitPairs": [
                [
                    -0.8207746319339118,
                    -0.5712521366032269
                ],
                [
                    -0.5185868372703636,
                    -0.8550249658401334
                ],
                [
                    0.32485569058034514,
                    -0.9457635964116863
                ],
                [
                    0.350468290871441,
                    -0.9365745977196108
                ],
                [
                    0.4288811917709886,
                    -0.9033609042598071
                ],
                [
                    0.5676058186064502,
                    -0.8233004522554943
                ],
                [
                    0.9947096297858885,
                    -0.10272659057527675
                ],
                [
                    0.8430666619702368,
                    0.5378090771587649
                ],
                [
                    0.5210085663874671,
                    0.8535514476297702
                ],
                [
                    -0.2794568233198455,
                    0.9601582598196927
                ],
                [
                    -0.8248199714582234,
                    0.5653954498257443
                ],
                [
                    -0.9897050254816714,
                    0.1431221944225425
                ]
            ]
        },
        {
            "Type": "R",
            "Centroid": {
                "x": 91084.411,
                "y": 440602.99700000003
            },
            "Distances": [
                0.0
            ],
            "UnitPairs": [
                [
                    0.0,
                    0.0
                ]
            ]
        }
    ]
}