{
    "Pand ID": "0599100000178560",
    "Archetype ID": "TI.1946",
    "Construction Year": 1922,
    "Number of Floors": 2,
    "Wall Area": 73.53,
    "Roof Area (Flat)": 5.84,
    "Roof Area (Sloped)": 48.9,
    "Floor Area": 48.72,
    "Shared Wall Area": 118.98,
    "Absolute Height (70%)": 1.596140742301941,
    "Surfaces": [
        {
            "Type": "G",
            "Centroid": {
                "x": 94300.66189423077,
                "y": 441445.9153846154
            },
            "Distances": [
                4.5427498501650385,
                3.025740197000777,
                0.4783701186972858,
                0.6544819216932672,
                2.833424193965317,
                4.952571559055926,
                2.922386875043213,
                5.338453489804362,
                4.128300913446123,
                2.20569838258274,
                3.9529654361207283,
                7.593193047869071,
                7.89034791868682
            ],
            "UnitPairs": [
                [
                    -0.9997841352858958,
                    -0.020776978380731833
                ],
                [
                    -0.5396263804758238,
                    -0.8419046083105624
                ],
                [
                    0.20325426992173426,
                    -0.9791259887055306
                ],
                [
                    0.39455752811763095,
                    -0.9188712407109633
                ],
                [
                    0.6964120562796978,
                    -0.7176421447130059
                ],
                [
                    0.7366336307750043,
                    -0.6762920182962643
                ],
                [
                    0.761442911008235,
                    -0.6482319748942543
                ],
                [
                    0.9529409179923117,
                    -0.3031560766601427
                ],
                [
                    0.9830268806244193,
                    -0.18346158172713878
                ],
                [
                    0.8955126343758238,
                    0.4450360903042269
                ],
                [
                    -0.3320973208568193,
                    0.9432451269313417
                ],
                [
                    -0.5692953153592205,
                    0.8221331059567213
                ],
                [
                    -0.9521467631331942,
                    0.30564119724765654
                ]
            ]
        },
        {
            "Type": "F",
            "Centroid": {
                "x": 94301.28191071427,
                "y": 441445.332
            },
            "Distances": [
                0.362233216391985,
                2.988701971481092,
                1.9833529446711493,
                4.104591841928292,
                4.101321465118622,
                2.0725428591595656,
                4.58554560271553,
                3.173293992096024,
                3.442614337177043,
                2.0702248091049307,
                8.427657243696588,
                8.666731129687193,
                0.5352848802715826,
                5.18489660070903
            ],
            "UnitPairs": [
                [
                    -0.9987646022230665,
                    -0.04969174323969448
                ],
                [
                    -0.753767266113199,
                    -0.6571414676736158
                ],
                [
                    0.6822861706813896,
                    -0.7310852079593223
                ],
                [
                    0.7277737716101136,
                    -0.6858172769450988
                ],
                [
                    0.7383508733642049,
                    -0.6744167760386124
                ],
                [
                    0.7745143984011007,
                    -0.632556279448225
                ],
                [
                    0.9741947137294369,
                    -0.2257092371650319
                ],
                [
                    0.9895755935464984,
                    -0.14401439045142492
                ],
                [
                    0.9987218866172899,
                    -0.05054298360406799
                ],
                [
                    0.6546217974792795,
                    0.7559565478683263
                ],
                [
                    -0.5864958162566096,
                    0.809952256317305
                ],
                [
                    -0.9383913718537871,
                    0.3455743526802408
                ],
                [
                    -0.9766495067248381,
                    0.2148388722138766
                ],
                [
                    -0.9955426523962332,
                    0.09431239186805127
                ]
            ]
        },
        {
            "Type": "R",
            "Centroid": {
                "x": 94299.349125,
                "y": 441449.644
            },
            "Distances": [
                0.0
            ],
            "UnitPairs": [
                [
                    0.0,
                    0.0
                ]
            ]
        }
    ]
}