{
    "Pand ID": "0599100000125666",
    "Archetype ID": "TI.1946",
    "Construction Year": 1932,
    "Number of Floors": 2,
    "Wall Area": 54.71,
    "Roof Area (Flat)": 9.77,
    "Roof Area (Sloped)": 58.68,
    "Floor Area": 44.67,
    "Shared Wall Area": 79.78,
    "Absolute Height (70%)": 5.331989288330078,
    "Surfaces": [
        {
            "Type": "G",
            "Centroid": {
                "x": 84284.87416071429,
                "y": 431208.84817857144
            },
            "Distances": [
                3.263374805713965,
                4.122605311101484,
                4.954669527082932,
                3.8784584171917085,
                3.9762351694172775,
                4.567881813851371,
                3.6054279091702908,
                2.622378033576377,
                3.670655271522899,
                6.371995626581065,
                5.869079422303697,
                2.687067941542786,
                2.630119303564599,
                4.074730435553206
            ],
            "UnitPairs": [
                [
                    -0.7857772603352937,
                    -0.6185095772419049
                ],
                [
                    -0.4670070426342035,
                    -0.8842535960515261
                ],
                [
                    -0.3032060374720512,
                    -0.9529250226751825
                ],
                [
                    0.22114824846602152,
                    -0.9752402023093648
                ],
                [
                    0.6045201511721973,
                    -0.7965898485586819
                ],
                [
                    0.8158517311931393,
                    -0.5782611457716641
                ],
                [
                    0.9082734056011476,
                    -0.41837712733572485
                ],
                [
                    0.998602891032254,
                    0.05284189646506019
                ],
                [
                    0.3557169467380906,
                    0.9345937373015777
                ],
                [
                    0.02114161616027174,
                    0.9997764910549417
                ],
                [
                    -0.3886956624945271,
                    0.9213662040458943
                ],
                [
                    -0.4102187731244067,
                    0.9119871480324198
                ],
                [
                    -0.41111660327452687,
                    0.9115827655852293
                ],
                [
                    -0.9485991221804891,
                    0.316480181683475
                ]
            ]
        },
        {
            "Type": "F",
            "Centroid": {
                "x": 84285.11134166666,
                "y": 431208.62981666665
            },
            "Distances": [
                4.05228923228916,
                3.504591848180422,
                4.82735472995308,
                3.6176833501652275,
                3.6593525231692445,
                2.6537606691014566,
                4.24830495085762,
                3.300133445116308,
                2.4081325591043536,
                3.8021675338746066,
                6.589730031577126,
                6.163911114095824,
                2.986197597116449,
                2.9294131759842115,
                4.370823227824226
            ],
            "UnitPairs": [
                [
                    -0.5336407503764516,
                    -0.8457112684230106
                ],
                [
                    -0.4335645154952113,
                    -0.9011225282409726
                ],
                [
                    -0.36033537288503403,
                    -0.9328228229668287
                ],
                [
                    0.17152781857103802,
                    -0.9851792768101962
                ],
                [
                    0.5920537361785354,
                    -0.8058984883203574
                ],
                [
                    0.7681677391164141,
                    -0.6402486427793321
                ],
                [
                    0.8213942675269146,
                    -0.5703608132348535
                ],
                [
                    0.9204274263002821,
                    -0.3909134852038732
                ],
                [
                    0.9889544179490528,
                    0.14821996902931198
                ],
                [
                    0.2810326803905122,
                    0.9596981986815043
                ],
                [
                    -0.015549448334381578,
                    0.9998791000198456
                ],
                [
                    -0.408582573636025,
                    0.9127213597374404
                ],
                [
                    -0.44855259007329895,
                    0.8937564399424125
                ],
                [
                    -0.45007876576540207,
                    0.8929888602928328
                ],
                [
                    -0.9386027420527182,
                    0.3449998443639048
                ]
            ]
        },
        {
            "Type": "R",
            "Centroid": {
                "x": 84282.309875,
                "y": 431206.82975
            },
            "Distances": [
                0.0
            ],
            "UnitPairs": [
                [
                    0.0,
                    0.0
                ]
            ]
        }
    ]
}