{
    "Pand ID": "0599100000083602",
    "Archetype ID": "TI.1946",
    "Construction Year": 1916,
    "Number of Floors": 2,
    "Wall Area": 63.93,
    "Roof Area (Flat)": 0.0,
    "Roof Area (Sloped)": 46.97,
    "Floor Area": 42.44,
    "Shared Wall Area": 98.63,
    "Absolute Height (70%)": 5.330471038818359,
    "Surfaces": [
        {
            "Type": "G",
            "Centroid": {
                "x": 86101.96133333334,
                "y": 433869.38000000006
            },
            "Distances": [
                3.2476546291650195,
                4.586772077454407,
                4.011356161859454,
                3.8124360659890946,
                3.8917961051335523,
                2.553313975407249,
                2.2580292861073374,
                3.3531662534939772,
                5.263042237157927,
                5.627709696082169,
                3.9940794421169277,
                3.0418754505868466
            ],
            "UnitPairs": [
                [
                    -0.8985202142900922,
                    -0.43893214112444184
                ],
                [
                    -0.615919711209503,
                    -0.7878089294642469
                ],
                [
                    0.5414419909430724,
                    -0.8407381104979134
                ],
                [
                    0.5673319182880199,
                    -0.823489219414338
                ],
                [
                    0.5909653549518481,
                    -0.8066969376702977
                ],
                [
                    0.8694256515455177,
                    -0.4940637979397519
                ],
                [
                    0.9459207105096109,
                    0.3243979183487356
                ],
                [
                    0.6125305193356031,
                    0.7904469386887752
                ],
                [
                    0.3723923499648326,
                    0.9280753943983591
                ],
                [
                    -0.5641874767537747,
                    0.8256467108117183
                ],
                [
                    -0.7726644845332516,
                    0.6348146141520092
                ],
                [
                    -0.9862610688921063,
                    0.1651941402949871
                ]
            ]
        },
        {
            "Type": "F",
            "Centroid": {
                "x": 86101.97575,
                "y": 433869.0385
            },
            "Distances": [
                3.1264376293019414,
                4.332290877804681,
                3.720452559852023,
                3.795959200237815,
                3.5277267822350904,
                3.6127986727899364,
                2.3896925011428314,
                3.6209976871325793,
                5.5763829002552745,
                5.920561987689764,
                4.22968429670459,
                3.1304226950863936
            ],
            "UnitPairs": [
                [
                    -0.9379684956805296,
                    -0.34672049421804346
                ],
                [
                    -0.6554269046279233,
                    -0.7552586131186186
                ],
                [
                    0.5799025697258122,
                    -0.814685834923745
                ],
                [
                    0.6044585515723824,
                    -0.7966365918227818
                ],
                [
                    0.6090324258753967,
                    -0.7931453235267351
                ],
                [
                    0.6326120570255142,
                    -0.7744688407585857
                ],
                [
                    0.922922091003842,
                    -0.3849867711196009
                ],
                [
                    0.5632425580554727,
                    0.8262916076029863
                ],
                [
                    0.3488820683229211,
                    0.9371666353443878
                ],
                [
                    -0.5387157514142829,
                    0.8424875899253024
                ],
                [
                    -0.733033432873834,
                    0.6801926096990486
                ],
                [
                    -0.962968996078987,
                    0.2696121521568121
                ]
            ]
        },
        {
            "Type": "R",
            "Centroid": {
                "x": 86104.09725,
                "y": 433870.11250000005
            },
            "Distances": [
                0.0
            ],
            "UnitPairs": [
                [
                    0.0,
                    0.0
                ]
            ]
        }
    ]
}