{
    "Pand ID": "0599100000287981",
    "Archetype ID": "TI.1946",
    "Construction Year": 1938,
    "Number of Floors": 2,
    "Wall Area": 71.93,
    "Roof Area (Flat)": 25.62,
    "Roof Area (Sloped)": 23.85,
    "Floor Area": 40.71,
    "Shared Wall Area": 112.41,
    "Absolute Height (70%)": 6.24662971496582,
    "Surfaces": [
        {
            "Type": "G",
            "Centroid": {
                "x": 97362.31964285715,
                "y": 434000.972
            },
            "Distances": [
                2.217230444009567,
                2.5023368476320424,
                2.433785554970567,
                2.6449923276472376,
                2.522014951034091,
                3.3811882926515335,
                6.302677037719584,
                6.456704686831934,
                4.90914707302312,
                2.419246632784767,
                3.017171804704815,
                5.44803609298065,
                1.819338886712093,
                4.9026047143118685
            ],
            "UnitPairs": [
                [
                    -0.9054732504564371,
                    -0.42440333729584934
                ],
                [
                    -0.8370746964502416,
                    -0.5470886149087147
                ],
                [
                    -0.8281924646291682,
                    -0.5604437898054221
                ],
                [
                    -0.7809636480081112,
                    -0.624576480897146
                ],
                [
                    0.4299566671469226,
                    -0.9028495247691668
                ],
                [
                    0.6696927076702911,
                    -0.7426383219934412
                ],
                [
                    0.8665138813498562,
                    -0.49915297597831426
                ],
                [
                    0.9821352300302563,
                    0.18817648613313911
                ],
                [
                    0.9491174482136003,
                    0.31492232295679495
                ],
                [
                    0.15763466927234632,
                    0.9874974992593136
                ],
                [
                    -0.43207445300846875,
                    0.9018379383555742
                ],
                [
                    -0.7934313913081473,
                    0.608659697439232
                ],
                [
                    -0.9171698958027635,
                    0.398496401781933
                ],
                [
                    -0.9614568442349953,
                    0.2749558813222296
                ]
            ]
        },
        {
            "Type": "F",
            "Centroid": {
                "x": 97362.40829166667,
                "y": 434000.7504166667
            },
            "Distances": [
                2.2163030235012995,
                2.1615214569155046,
                2.4664402503753684,
                2.394401649404448,
                2.6477394305371313,
                2.5859358896446807,
                1.1741430954883227,
                2.2838942091706933,
                1.8091091754390487,
                3.1583437788432445,
                2.824265525528866,
                2.9897412527934435,
                6.117042396079168,
                5.246937274151483,
                6.415616351930672,
                4.900584200750121,
                2.626941854799909,
                3.255345259535333,
                3.1014812066716484,
                3.196610119904109,
                2.2542014680764324,
                5.654554801979146,
                1.9960195411470663,
                5.052286323240796
            ],
            "UnitPairs": [
                [
                    -0.945850655092085,
                    -0.3246021230088823
                ],
                [
                    -0.94067614279811,
                    -0.33930575351807685
                ],
                [
                    -0.8851994960463896,
                    -0.46521162087722834
                ],
                [
                    -0.878838212956584,
                    -0.477119896302049
                ],
                [
                    -0.845359494538443,
                    -0.5341978331982529
                ],
                [
                    -0.8330800756865718,
                    -0.5531524089200514
                ],
                [
                    -0.4184257170639159,
                    -0.9082510221846976
                ],
                [
                    0.43596955118596264,
                    -0.8999614160833286
                ],
                [
                    0.6227973129722402,
                    -0.7823832225671493
                ],
                [
                    0.6888763496584259,
                    -0.7248788691093719
                ],
                [
                    0.807894411028663,
                    -0.5893272610601429
                ],
                [
                    0.8220471691426668,
                    -0.5694193987778495
                ],
                [
                    0.8783179820332432,
                    -0.4780769001291022
                ],
                [
                    0.9079026648188167,
                    -0.4191810482534861
                ],
                [
                    0.9746075809917323,
                    0.2239197692778465
                ],
                [
                    0.9326864198436546,
                    0.3606882895787248
                ],
                [
                    0.11142550901896482,
                    0.9937727888908332
                ],
                [
                    -0.4276940095939635,
                    0.9039235776089916
                ],
                [
                    -0.4595519275137829,
                    0.8881509026727198
                ],
                [
                    -0.4899852055493781,
                    0.8717307487651985
                ],
                [
                    -0.7249980491124075,
                    0.68875091926124
                ],
                [
                    -0.780130677152445,
                    0.6256165970989481
                ],
                [
                    -0.8803980273954293,
                    0.47423550410975884
                ],
                [
                    -0.9505185097242121,
                    0.31066792990532993
                ]
            ]
        },
        {
            "Type": "R",
            "Centroid": {
                "x": 97364.69,
                "y": 433999.086
            },
            "Distances": [
                0.0
            ],
            "UnitPairs": [
                [
                    0.0,
                    0.0
                ]
            ]
        }
    ]
}