{
    "Pand ID": "0599100000325982",
    "Archetype ID": "TI.1946",
    "Construction Year": 1920,
    "Number of Floors": 2,
    "Wall Area": 59.43,
    "Roof Area (Flat)": 18.44,
    "Roof Area (Sloped)": 22.37,
    "Floor Area": 34.34,
    "Shared Wall Area": 93.28,
    "Absolute Height (70%)": 5.3494110107421875,
    "Surfaces": [
        {
            "Type": "G",
            "Centroid": {
                "x": 94312.84959999999,
                "y": 434126.81179999997
            },
            "Distances": [
                4.448160007220822,
                4.415064104815263,
                2.8405246081712834,
                2.2153411136550463,
                2.8462935284394644,
                4.51535988048177,
                4.480326243737729,
                2.8537552540933024,
                2.2153614716668386,
                2.86579644251706
            ],
            "UnitPairs": [
                [
                    -0.9823387631959289,
                    -0.18711107482640543
                ],
                [
                    -0.33286039910358417,
                    -0.9429761156617927
                ],
                [
                    0.02936077362725579,
                    -0.9995688795535849
                ],
                [
                    0.6339430037918188,
                    -0.7733797695462469
                ],
                [
                    0.982822035766674,
                    -0.18455580730892873
                ],
                [
                    0.9814057167782259,
                    0.1919448334157939
                ],
                [
                    0.33734150545745945,
                    0.941382339273313
                ],
                [
                    -0.02719224077758935,
                    0.9996302226531036
                ],
                [
                    -0.6719445196800894,
                    0.7406014869495563
                ],
                [
                    -0.9849268978454866,
                    0.17297111290752143
                ]
            ]
        },
        {
            "Type": "F",
            "Centroid": {
                "x": 94312.69355555555,
                "y": 434127.0021666667
            },
            "Distances": [
                4.335884861347573,
                4.547509388880768,
                3.0391139749803253,
                3.0389163963850807,
                4.6370328129879255,
                4.35887425295166,
                2.6634887476169893,
                1.9695611405755766,
                2.683979689804428
            ],
            "UnitPairs": [
                [
                    -0.9717867725501084,
                    -0.23586112163017459
                ],
                [
                    -0.28885164234634925,
                    -0.9573738709165907
                ],
                [
                    0.07878758296249183,
                    -0.9968914267717065
                ],
                [
                    0.9718742009344828,
                    -0.2355006105256642
                ],
                [
                    0.9893060130176106,
                    0.14585476545934037
                ],
                [
                    0.3825401577728437,
                    0.9239388657758303
                ],
                [
                    0.029451764913079628,
                    0.9995662026816956
                ],
                [
                    -0.6765748613289888,
                    0.7363738568265848
                ],
                [
                    -0.9935080975766241,
                    0.11376141722779835
                ]
            ]
        },
        {
            "Type": "R",
            "Centroid": {
                "x": 94314.254,
                "y": 434125.0985
            },
            "Distances": [
                0.0
            ],
            "UnitPairs": [
                [
                    0.0,
                    0.0
                ]
            ]
        }
    ]
}