{
    "Pand ID": "0599100000035455",
    "Archetype ID": "TI.1946",
    "Construction Year": 1900,
    "Number of Floors": 2,
    "Wall Area": 76.86,
    "Roof Area (Flat)": 0.0,
    "Roof Area (Sloped)": 68.63,
    "Floor Area": 54.06,
    "Shared Wall Area": 89.77,
    "Absolute Height (70%)": 4.543567180633545,
    "Surfaces": [
        {
            "Type": "G",
            "Centroid": {
                "x": 90220.5449875,
                "y": 439088.55315000005
            },
            "Distances": [
                6.174913967015847,
                2.8283169730458724,
                3.8856959865983796,
                3.4216214431362735,
                7.408757878353891,
                6.966002763413481,
                7.307722114288752,
                2.633401469537265,
                2.9817354845629733,
                6.503665343466374
            ],
            "UnitPairs": [
                [
                    -0.994394421169003,
                    -0.10573426666868001
                ],
                [
                    -0.9883262826046104,
                    -0.15235208929631314
                ],
                [
                    -0.7062570024702753,
                    -0.7079555398905367
                ],
                [
                    -0.6109091945835559,
                    -0.7917006732176443
                ],
                [
                    0.9577448901012418,
                    -0.28761906314596103
                ],
                [
                    0.9996694282935679,
                    0.025710584108712697
                ],
                [
                    0.9340393481376335,
                    0.35717012211357313
                ],
                [
                    0.5330368408436984,
                    0.8460920318164978
                ],
                [
                    -0.7503348340558381,
                    0.661057967807966
                ],
                [
                    -0.9658092273017416,
                    0.25925380702858136
                ]
            ]
        },
        {
            "Type": "F",
            "Centroid": {
                "x": 90220.42633035714,
                "y": 439088.65575
            },
            "Distances": [
                6.068851864131446,
                2.7292928085080987,
                2.09941225252856,
                3.8776877985532097,
                3.433934741050065,
                7.552183209815701,
                1.4553090316391837,
                7.082770287752014,
                1.4582092071710615,
                7.383200686543654,
                2.6144447824601826,
                2.8248787241674718,
                2.7033221530672575,
                6.36283264235297
            ],
            "UnitPairs": [
                [
                    -0.9922210974894399,
                    -0.12448812673042932
                ],
                [
                    -0.9807093063757031,
                    -0.19547188132334356
                ],
                [
                    -0.9524774635013843,
                    -0.30460906342715627
                ],
                [
                    -0.6771155888608712,
                    -0.735876673989328
                ],
                [
                    -0.5741643350285439,
                    -0.8187400786459827
                ],
                [
                    0.9552677606501803,
                    -0.2957422956940549
                ],
                [
                    0.9670503736853854,
                    -0.2545851031677943
                ],
                [
                    0.9999416690260333,
                    0.010800858550639262
                ],
                [
                    0.985014451839821,
                    0.17247182281954637
                ],
                [
                    0.9405618833479007,
                    0.339622354377697
                ],
                [
                    0.5822869746870475,
                    0.8129833203146334
                ],
                [
                    -0.7499942702009536,
                    0.6614443246908532
                ],
                [
                    -0.7511656924909187,
                    0.6601137041636377
                ],
                [
                    -0.9685376315121272,
                    0.24886714597326567
                ]
            ]
        },
        {
            "Type": "R",
            "Centroid": {
                "x": 90218.4266875,
                "y": 439088.01625
            },
            "Distances": [
                0.0
            ],
            "UnitPairs": [
                [
                    0.0,
                    0.0
                ]
            ]
        }
    ]
}