{
    "Pand ID": "0599100000132533",
    "Archetype ID": "TI.1946",
    "Construction Year": 1924,
    "Number of Floors": 2,
    "Wall Area": 230.42,
    "Roof Area (Flat)": 6.36,
    "Roof Area (Sloped)": 71.07,
    "Floor Area": 63.0,
    "Shared Wall Area": 0.0,
    "Absolute Height (70%)": 4.0416154861450195,
    "Surfaces": [
        {
            "Type": "G",
            "Centroid": {
                "x": 91690.36633333332,
                "y": 440173.5987083333
            },
            "Distances": [
                7.577335050450455,
                5.1221421105042975,
                7.933485675707452,
                7.621643778304737,
                8.490306956555456,
                5.951592522172237,
                3.696318389089672,
                2.9012281681157335,
                4.665058525924367,
                4.23127239140709,
                4.293193611242346,
                4.120460710515154,
                3.7101072154924064,
                3.700051965906676,
                4.043445700610436,
                4.396287331433751,
                4.4924926785970225,
                4.770939544146607,
                4.530375348742126,
                4.795655043967193,
                4.931613424371255,
                3.3259733112497694,
                3.888302163805194,
                6.056467291283871
            ],
            "UnitPairs": [
                [
                    -0.974166152634654,
                    -0.22583247565617298
                ],
                [
                    -0.9670921318568114,
                    -0.25442643042861673
                ],
                [
                    -0.9667356376284852,
                    -0.2557776513674446
                ],
                [
                    -0.9650914615375917,
                    -0.26191309792989553
                ],
                [
                    -0.8569281853471399,
                    -0.5154358206000605
                ],
                [
                    -0.7642632314589561,
                    -0.6449044216315423
                ],
                [
                    -0.46250976062445814,
                    -0.8866141896716443
                ],
                [
                    0.29932725602997995,
                    -0.9541505089856436
                ],
                [
                    0.8907533836035226,
                    -0.4544869740695278
                ],
                [
                    0.9357508334183683,
                    -0.35266184618814234
                ],
                [
                    0.9390251248214355,
                    -0.3438485349017609
                ],
                [
                    0.9621294668706541,
                    -0.27259289972262823
                ],
                [
                    0.9976576017053012,
                    0.06840548047946624
                ],
                [
                    0.995774302798945,
                    0.09183429580105187
                ],
                [
                    0.9861432456156126,
                    0.1658960491594227
                ],
                [
                    0.9104083434338649,
                    0.41371082679331217
                ],
                [
                    0.8759984597022057,
                    0.4823139004832466
                ],
                [
                    0.7955281410621832,
                    0.6059166417735588
                ],
                [
                    0.6965022594765142,
                    0.7175545989986478
                ],
                [
                    0.6364962948101651,
                    0.7712797590323055
                ],
                [
                    0.609215769393079,
                    0.7930045058653821
                ],
                [
                    -0.05579820279887409,
                    0.9984420667041306
                ],
                [
                    -0.6747375133911648,
                    0.7380577809512665
                ],
                [
                    -0.9237370672133934,
                    0.3830271931025245
                ]
            ]
        },
        {
            "Type": "F",
            "Centroid": {
                "x": 91690.25275,
                "y": 440173.76949999994
            },
            "Distances": [
                7.841987630692749,
                7.507712567745547,
                7.8697608603913505,
                7.5592627285862175,
                5.0594738856850645,
                5.068589646039674,
                8.483481184019249,
                5.9784032985131725,
                3.799463119947682,
                4.8448985541347405,
                4.399420189052211,
                4.46022802105821,
                4.278378197376487,
                3.815902776542505,
                3.801758145908486,
                4.131367933265943,
                4.3560859725221075,
                2.7762078452525536,
                4.433662143206482,
                4.514246005720499,
                4.762213875936477,
                2.53848222370578,
                4.491409689629963,
                4.740289020759396,
                4.86924265162248,
                2.7191855398782034,
                3.150822749718984,
                3.685742937332222,
                5.8872372128311214
            ],