{
    "Pand ID": "0599100010045374",
    "Archetype ID": "TI.1946",
    "Construction Year": 1915,
    "Number of Floors": 2,
    "Wall Area": 237.38,
    "Roof Area (Flat)": 14.19,
    "Roof Area (Sloped)": 116.16,
    "Floor Area": 82.04,
    "Shared Wall Area": 114.7,
    "Absolute Height (70%)": 9.711262702941895,
    "Surfaces": [
        {
            "Type": "G",
            "Centroid": {
                "x": 94145.27469230769,
                "y": 434504.8584807692
            },
            "Distances": [
                4.662705727964417,
                4.624282398989679,
                5.6072434896044685,
                5.856240544993711,
                6.305277326752252,
                6.09841152819331,
                6.2069955148009885,
                5.866775009618746,
                7.058438992681604,
                7.106226993995871,
                5.8805087441622765,
                5.050967707555504,
                4.4171172566745485,
                3.800806100468524,
                3.148883039730344,
                5.877017010046392,
                7.405768526958533,
                6.9145431528996255,
                6.799559579474605,
                7.2027878319258996,
                7.473794562837595,
                7.3453583835264595,
                5.045250974738816,
                4.90066133037483,
                5.169265088163484,
                4.9493323417190345
            ],
            "UnitPairs": [
                [
                    -0.9987103152921399,
                    -0.05077111510568352
                ],
                [
                    -0.9981423947423312,
                    -0.06092421372528334
                ],
                [
                    -0.9797491972435934,
                    -0.2002286455543615
                ],
                [
                    -0.9365551612070542,
                    -0.3505202276851204
                ],
                [
                    -0.8681128559502522,
                    -0.4963668696981061
                ],
                [
                    -0.7547362598289031,
                    -0.6560283363540622
                ],
                [
                    -0.5527138370752787,
                    -0.833371114393535
                ],
                [
                    -0.5421534492936685,
                    -0.8402794995827148
                ],
                [
                    -0.2508617428764507,
                    -0.9680229263612455
                ],
                [
                    -0.2398871171896633,
                    -0.9708007885279207
                ],
                [
                    -0.11014222337945123,
                    -0.9939158367935542
                ],
                [
                    0.029758197045301058,
                    -0.9995571267859646
                ],
                [
                    0.19680430511429867,
                    -0.9804427905229749
                ],
                [
                    0.8612140703295174,
                    -0.508242388104795
                ],
                [
                    0.8877140424225922,
                    -0.4603952420320393
                ],
                [
                    0.9695918324832508,
                    0.24472776381475775
                ],
                [
                    0.9337731347040018,
                    0.3578655234932002
                ],
                [
                    0.8346621844264385,
                    0.550762233535022
                ],
                [
                    0.65832318108134,
                    0.752735404541958
                ],
                [
                    0.4327918252010439,
                    0.9014938912933071
                ],
                [
                    0.34993036941524336,
                    0.936775713050307
                ],
                [
                    0.34243498560359487,
                    0.9395415268282004
                ],
                [
                    0.17289678881640624,
                    0.9849399476196379
                ],
                [
                    0.15126686835438577,
                    0.9884929612992988
                ],
                [
                    0.14011811736307497,
                    0.9901347954630357
                ],
                [
                    0.10633912939698253,
                    0.9943299198752352
                ]
            ]
        },
        {
            "Type": "F",
            "Centroid": {
                "x": 94145.57148717949,
                "y": 434504.68618589744
            },
            "Distances": [
                4.953906258928101,
                4.9137059847248965,
                5.859618841344173,
                5.867969850893188,
                6.079607978392315,
                6.484207690719169,
                3.7650153494163865,
                6.217869091822574,
                6.2368677906224,
                5.89288667820741,
                3.865353142283002,
                6.973945051525936,
                7.017897891273372,
                4.957521221148986,
                5.441052692426228,
                4.394407607701756,
                5.750529109830684,
                4.071522321834753,
                4.878635624440614,
                4.1976612586928645,
                3.4576354995835348,
                2.806137699107613,
                5.636511108697521,
                7.195247047056919,
                5.014856639973925,
                4.15463382217362,
                6.347057678221301,
                6.768691246931515,
                5.243190926677786,
                6.742284178213279,
                5.057085348473602,
                5.027022421602079,
                7.2377508506167745,
                7.538933852500648,
                7.413306161714326,
                5.1736733978114,
                5.036219518906636,
                5.307808939162675,
                5.098732332795207
            ],