{
    "Pand ID": "0599100000092148",
    "Archetype ID": "TI.1946",
    "Construction Year": 1933,
    "Number of Floors": 3,
    "Wall Area": 67.41,
    "Roof Area (Flat)": 0.0,
    "Roof Area (Sloped)": 63.81,
    "Floor Area": 48.46,
    "Shared Wall Area": 143.87,
    "Absolute Height (70%)": 3.7622978687286377,
    "Surfaces": [
        {
            "Type": "G",
            "Centroid": {
                "x": 94596.89074999999,
                "y": 441139.24624999997
            },
            "Distances": [
                2.8658293002479516,
                6.204353820340391,
                6.244228781674277,
                2.9983783247224056,
                4.684936560722735,
                3.766574880223523,
                3.1114366582441186,
                4.051481683043648
            ],
            "UnitPairs": [
                [
                    -0.7049006721442476,
                    -0.709306028742593
                ],
                [
                    -0.08528285383268969,
                    -0.9963567808983649
                ],
                [
                    0.7094350887658922,
                    -0.7047707817636389
                ],
                [
                    0.9964969981841074,
                    -0.08362853944714733
                ],
                [
                    0.2859964020085733,
                    0.9582306914507334
                ],
                [
                    -0.39004269043007167,
                    0.9207967743438675
                ],
                [
                    -0.4017838501320705,
                    0.9157345345530276
                ],
                [
                    -0.861197278663642,
                    0.5082708404210666
                ]
            ]
        },
        {
            "Type": "F",
            "Centroid": {
                "x": 94597.1793392857,
                "y": 441139.53664285707
            },
            "Distances": [
                6.523594853732707,
                6.2575609204251395,
                2.7529945439781267,
                4.328464272625106,
                3.631574800420473,
                2.9858652901527143,
                4.171328423463202
            ],
            "UnitPairs": [
                [
                    -0.12534719032010563,
                    -0.9921129380664558
                ],
                [
                    0.6618050973772309,
                    -0.7496759387131977
                ],
                [
                    0.9804907605773666,
                    -0.19656517601654996
                ],
                [
                    0.24287729967835167,
                    0.9700570175515212
                ],
                [
                    -0.4840088342668616,
                    0.8750631110677868
                ],
                [
                    -0.5153327883818907,
                    0.8569901500125573
                ],
                [
                    -0.9056381809831435,
                    0.42405127655219105
                ]
            ]
        },
        {
            "Type": "R",
            "Centroid": {
                "x": 94594.870625,
                "y": 441137.21349999995
            },
            "Distances": [
                0.0
            ],
            "UnitPairs": [
                [
                    0.0,
                    0.0
                ]
            ]
        }
    ]
}