{
    "Pand ID": "0599100000122732",
    "Archetype ID": "TI.1946",
    "Construction Year": 1933,
    "Number of Floors": 2,
    "Wall Area": 61.09,
    "Roof Area (Flat)": 0.0,
    "Roof Area (Sloped)": 46.53,
    "Floor Area": 40.89,
    "Shared Wall Area": 100.37,
    "Absolute Height (70%)": 6.166556358337402,
    "Surfaces": [
        {
            "Type": "G",
            "Centroid": {
                "x": 95199.31020833335,
                "y": 433219.63875
            },
            "Distances": [
                4.457181726658918,
                2.733558171620018,
                4.85178616021585,
                4.849845043352303,
                2.742311241349269,
                4.460460321308552
            ],
            "UnitPairs": [
                [
                    -0.6887386518214135,
                    -0.7250097030297055
                ],
                [
                    -0.006523853609997496,
                    -0.9999787194406066
                ],
                [
                    0.9100085042622846,
                    -0.4145895828048742
                ],
                [
                    0.7309855541689839,
                    0.6823929363616414
                ],
                [
                    -0.3394338758165683,
                    0.9406299186971158
                ],
                [
                    -0.8837279225451615,
                    0.4680010244796617
                ]
            ]
        },
        {
            "Type": "F",
            "Centroid": {
                "x": 95199.313775,
                "y": 433220.18544999993
            },
            "Distances": [
                4.870378096157146,
                5.099666832245793,
                4.491769629048474,
                2.2372704798878855,
                4.235592733043071
            ],
            "UnitPairs": [
                [
                    -0.631039303174192,
                    -0.775750860682365
                ],
                [
                    0.8650761206813871,
                    -0.5016406138131583
                ],
                [
                    0.7884643008165754,
                    0.6150805202067683
                ],
                [
                    -0.41765178077400006,
                    0.9086071703526813
                ],
                [
                    -0.931487101962775,
                    0.3637743515931145
                ]
            ]
        },
        {
            "Type": "R",
            "Centroid": {
                "x": 95199.292375,
                "y": 433216.90525
            },
            "Distances": [
                0.0
            ],
            "UnitPairs": [
                [
                    0.0,
                    0.0
                ]
            ]
        }
    ]
}