{
    "Pand ID": "0599100000305419",
    "Archetype ID": "TI.1946",
    "Construction Year": 1941,
    "Number of Floors": 2,
    "Wall Area": 33.8,
    "Roof Area (Flat)": 0.0,
    "Roof Area (Sloped)": 48.19,
    "Floor Area": 45.43,
    "Shared Wall Area": 48.74,
    "Absolute Height (70%)": -0.90800541639328,
    "Surfaces": [
        {
            "Type": "G",
            "Centroid": {
                "x": 89118.57539583334,
                "y": 440093.32208333333
            },
            "Distances": [
                4.819276576642069,
                3.0948925757639705,
                4.781607336687525,
                4.789917611195086,
                3.0959761070873486,
                4.8110376623872755
            ],
            "UnitPairs": [
                [
                    -0.3081029506653235,
                    -0.9513530216440799
                ],
                [
                    0.5390063227826959,
                    -0.8423017179136442
                ],
                [
                    0.9896602404719237,
                    -0.1434315461432885
                ],
                [
                    0.3033803051773951,
                    0.952869555831474
                ],
                [
                    -0.5180380202774298,
                    0.8553575916229663
                ],
                [
                    -0.990396182217827,
                    0.13825846176040318
                ]
            ]
        },
        {
            "Type": "F",
            "Centroid": {
                "x": 89118.57539583334,
                "y": 440093.32208333333
            },
            "Distances": [
                4.819276576642069,
                3.0948925757639705,
                4.781607336687525,
                4.789917611195086,
                3.0959761070873486,
                4.8110376623872755
            ],
            "UnitPairs": [
                [
                    -0.3081029506653235,
                    -0.9513530216440799
                ],
                [
                    0.5390063227826959,
                    -0.8423017179136442
                ],
                [
                    0.9896602404719237,
                    -0.1434315461432885
                ],
                [
                    0.3033803051773951,
                    0.952869555831474
                ],
                [
                    -0.5180380202774298,
                    0.8553575916229663
                ],
                [
                    -0.990396182217827,
                    0.13825846176040318
                ]
            ]
        },
        {
            "Type": "R",
            "Centroid": {
                "x": 89118.5593125,
                "y": 440093.31175
            },
            "Distances": [
                4.804505886393442,
                4.796058622718884,
                4.804658761283,
                4.79655363907309
            ],
            "UnitPairs": [
                [
                    -0.30570261224147116,
                    -0.9521270466007888
                ],
                [
                    0.9900316850823666,
                    -0.14084481720308217
                ],
                [
                    0.3057969510413904,
                    0.9520967517714729
                ],
                [
                    -0.990033752841865,
                    0.14083028166503403
                ]
            ]
        }
    ]
}