{
    "Pand ID": "0599100000068144",
    "Archetype ID": "TI.1946",
    "Construction Year": 1941,
    "Number of Floors": 2,
    "Wall Area": 39.55,
    "Roof Area (Flat)": 0.0,
    "Roof Area (Sloped)": 58.46,
    "Floor Area": 37.05,
    "Shared Wall Area": 102.73,
    "Absolute Height (70%)": 6.285362720489502,
    "Surfaces": [
        {
            "Type": "G",
            "Centroid": {
                "x": 94432.93183333334,
                "y": 433518.911
            },
            "Distances": [
                4.6174907627969155,
                2.363493518323602,
                4.538540030804728,
                4.533486032963183,
                2.3630648765644793,
                4.624863343307882
            ],
            "UnitPairs": [
                [
                    -0.9682387173054229,
                    -0.25002757110116774
                ],
                [
                    -0.2381361865309985,
                    -0.9712317728866131
                ],
                [
                    0.673821679636618,
                    -0.7388940005519647
                ],
                [
                    0.9657395291014477,
                    0.2595133174442387
                ],
                [
                    0.3166086018530789,
                    0.9485562678263418
                ],
                [
                    -0.6812813913501584,
                    0.7320216293252491
                ]
            ]
        },
        {
            "Type": "F",
            "Centroid": {
                "x": 94432.78219999999,
                "y": 433518.46270000003
            },
            "Distances": [
                4.378525765591137,
                1.8928502529423692,
                4.327836397120591,
                4.810503911241164,
                4.868801072094549
            ],
            "UnitPairs": [
                [
                    -0.9869075189529746,
                    -0.16128716326504125
                ],
                [
                    -0.21829513420467803,
                    -0.9758827974621551
                ],
                [
                    0.7412017705054643,
                    -0.6712823067827461
                ],
                [
                    0.9412319548125122,
                    0.3377608728669101
                ],
                [
                    -0.6164145865777028,
                    0.7874217786258135
                ]
            ]
        },
        {
            "Type": "R",
            "Centroid": {
                "x": 94433.68,
                "y": 433521.15249999997
            },
            "Distances": [
                0.0
            ],
            "UnitPairs": [
                [
                    0.0,
                    0.0
                ]
            ]
        }
    ]
}