{
    "Pand ID": "0599100000057171",
    "Archetype ID": "TI.1946",
    "Construction Year": 1936,
    "Number of Floors": 3,
    "Wall Area": 102.18,
    "Roof Area (Flat)": 0.0,
    "Roof Area (Sloped)": 91.3,
    "Floor Area": 60.35,
    "Shared Wall Area": 194.04,
    "Absolute Height (70%)": 9.47064208984375,
    "Surfaces": [
        {
            "Type": "G",
            "Centroid": {
                "x": 89383.734375,
                "y": 439514.5865833333
            },
            "Distances": [
                6.058008713217613,
                5.422512277790439,
                5.922976453556612,
                6.807310903426196,
                3.4424426747954304,
                4.895490278770119,
                3.652192775508616,
                3.551543805565109,
                5.0484292510472795,
                5.720127568751206,
                4.3304901842678785,
                2.792860135450163
            ],
            "UnitPairs": [
                [
                    -0.9879896651417882,
                    -0.15451997143740798
                ],
                [
                    -0.8382184801336533,
                    -0.5453345574621401
                ],
                [
                    -0.8364460063014961,
                    -0.5480493395144982
                ],
                [
                    -0.4236988791787251,
                    -0.9058031021048074
                ],
                [
                    0.39528617570602387,
                    -0.918558021736083
                ],
                [
                    0.989839571538291,
                    -0.14218868666983497
                ],
                [
                    0.9295100802925137,
                    0.3687967063771104
                ],
                [
                    0.8350593889214686,
                    0.5501598103952192
                ],
                [
                    0.8289211934845352,
                    0.5593654038213068
                ],
                [
                    0.4483728674192718,
                    0.8938466153441653
                ],
                [
                    0.28028004875862395,
                    0.9599182747858609
                ],
                [
                    -0.7738482756696653,
                    0.6333710178426903
                ]
            ]
        },
        {
            "Type": "F",
            "Centroid": {
                "x": 89384.11330681818,
                "y": 439514.80750000005
            },
            "Distances": [
                6.468497446469708,
                5.860652743416872,
                6.361046871872204,
                7.172316542032451,
                4.559972990011646,
                3.098207566302502,
                3.2191668651496284,
                3.1136662161558926,
                4.610841683768855,
                5.358121417376732,
                4.023557803254159
            ],
            "UnitPairs": [
                [
                    -0.983873282913945,
                    -0.17886688672903153
                ],
                [
                    -0.840210473774872,
                    -0.5422604169206942
                ],
                [
                    -0.8384125955365371,
                    -0.5450360718756943
                ],
                [
                    -0.4549690185953239,
                    -0.8905072667409333
                ],
                [
                    0.9795711929897983,
                    -0.2010976823947587
                ],
                [
                    0.9646926869367636,
                    0.26337809280714214
                ],
                [
                    0.9368318910321096,
                    0.34977994217107633
                ],
                [
                    0.830794954321075,
                    0.5565786052972598
                ],
                [
                    0.8254063884294537,
                    0.5645390101134249
                ],
                [
                    0.40794487686216657,
                    0.9130065593641218
                ],
                [
                    0.20748258696307148,
                    0.9782387112086248
                ]
            ]
        },
        {
            "Type": "R",
            "Centroid": {
                "x": 89383.334125,
                "y": 439513.89
            },
            "Distances": [
                3.0298203329575015,
                3.0298203329490434
            ],
            "UnitPairs": [
                [
                    0.5812225830216765,
                    -0.8137446214787599
                ],
                [
                    -0.5812225830184962,
                    0.8137446214810315
                ]
            ]
        }
    ]
}