{
    "Pand ID": "0599100000158980",
    "Archetype ID": "TI.1946",
    "Construction Year": 1921,
    "Number of Floors": 3,
    "Wall Area": 136.96,
    "Roof Area (Flat)": 0.0,
    "Roof Area (Sloped)": 62.55,
    "Floor Area": 50.48,
    "Shared Wall Area": 52.41,
    "Absolute Height (70%)": 6.679664611816406,
    "Surfaces": [
        {
            "Type": "G",
            "Centroid": {
                "x": 94201.05883333333,
                "y": 433772.527
            },
            "Distances": [
                3.4748808532710243,
                5.013229658728633,
                5.001550587361216,
                3.474268692043561,
                5.0510686933013895,
                5.040172775911228
            ],
            "UnitPairs": [
                [
                    -0.9991229857741046,
                    -0.041871939265316405
                ],
                [
                    -0.6658049920997285,
                    -0.7461258020569189
                ],
                [
                    0.7162112237205699,
                    -0.6978835741129632
                ],
                [
                    0.9996828036448321,
                    0.02518515627920764
                ],
                [
                    0.6656347143193627,
                    0.7462777144555371
                ],
                [
                    -0.715815408267576,
                    0.6982895540438248
                ]
            ]
        },
        {
            "Type": "F",
            "Centroid": {
                "x": 94200.3642,
                "y": 433772.5095
            },
            "Distances": [
                2.7801481687113294,
                4.565877269478489,
                5.509332740000935,
                5.5496842468857,
                4.582259621633451
            ],
            "UnitPairs": [
                [
                    -0.9989395641758598,
                    -0.04604071159466596
                ],
                [
                    -0.5789029892810157,
                    -0.8153964244473386
                ],
                [
                    0.7762827554333176,
                    -0.6303848694383901
                ],
                [
                    0.7309965431424847,
                    0.6823811646827143
                ],
                [
                    -0.6357562077543167,
                    0.7718899172173774
                ]
            ]
        },
        {
            "Type": "R",
            "Centroid": {
                "x": 94204.532,
                "y": 433772.61449999997
            },
            "Distances": [
                0.0
            ],
            "UnitPairs": [
                [
                    0.0,
                    0.0
                ]
            ]
        }
    ]
}