{
    "Pand ID": "0599100000601558",
    "Archetype ID": "TI.1946",
    "Construction Year": 1908,
    "Number of Floors": 3,
    "Wall Area": 83.82,
    "Roof Area (Flat)": 0.0,
    "Roof Area (Sloped)": 79.54,
    "Floor Area": 56.38,
    "Shared Wall Area": 180.24,
    "Absolute Height (70%)": 8.102330207824707,
    "Surfaces": [
        {
            "Type": "G",
            "Centroid": {
                "x": 92552.8200267857,
                "y": 433803.84607142856
            },
            "Distances": [
                5.687162459140896,
                5.574314805511935,
                5.625644062896013,
                5.376476672333399,
                7.111414796499776,
                6.748996812818184,
                7.190253530766543
            ],
            "UnitPairs": [
                [
                    -0.20567625667541506,
                    -0.9786200884102005
                ],
                [
                    -0.16212114264137698,
                    -0.9867708625150291
                ],
                [
                    0.6150914767451079,
                    -0.7884557535052443
                ],
                [
                    0.631321573803893,
                    -0.7755211605428802
                ],
                [
                    0.08863014355421037,
                    0.9960646051605087
                ],
                [
                    -0.21347087954948427,
                    0.9769494273422599
                ],
                [
                    -0.5522356435301506,
                    0.833688067573742
                ]
            ]
        },
        {
            "Type": "F",
            "Centroid": {
                "x": 92553.49656249999,
                "y": 433802.162875
            },
            "Distances": [
                4.29900857209834,
                4.131530219301461,
                0.9671959228008921,
                3.565500484225651,
                3.914694394590463,
                3.6835072557382995,
                8.7667469994826,
                8.97456729894237
            ],
            "UnitPairs": [
                [
                    -0.4294594832795656,
                    -0.9030861266907207
                ],
                [
                    -0.3824854027731763,
                    -0.9239615341914625
                ],
                [
                    0.12691327280834236,
                    -0.9919138174181642
                ],
                [
                    0.699971858381022,
                    -0.7141704260711295
                ],
                [
                    0.7111027629255211,
                    -0.7030880887624894
                ],
                [
                    0.7378158399924154,
                    -0.6750020638903902
                ],
                [
                    -0.005275617056377643,
                    0.9999860838355075
                ],
                [
                    -0.5178244081519334,
                    0.855486927031676
                ]
            ]
        },
        {
            "Type": "R",
            "Centroid": {
                "x": 92551.3793125,
                "y": 433810.4395
            },
            "Distances": [
                0.0
            ],
            "UnitPairs": [
                [
                    0.0,
                    0.0
                ]
            ]
        }
    ]
}