{
    "Pand ID": "0599100000181632",
    "Archetype ID": "TI.1946",
    "Construction Year": 1926,
    "Number of Floors": 3,
    "Wall Area": 117.66,
    "Roof Area (Flat)": 11.2,
    "Roof Area (Sloped)": 81.75,
    "Floor Area": 66.87,
    "Shared Wall Area": 215.42,
    "Absolute Height (70%)": 9.5144681930542,
    "Surfaces": [
        {
            "Type": "G",
            "Centroid": {
                "x": 92358.47269117647,
                "y": 439986.1485
            },
            "Distances": [
                2.862142678030241,
                5.725642019280908,
                7.7453212596619645,
                7.388319267038248,
                8.079140839800383,
                7.271770494266988,
                3.505385906925456,
                4.669533948626588,
                3.956873744125203,
                3.5023668220862985,
                3.7979111523601827,
                3.949476816123899,
                4.606925484015499,
                4.685058522201352,
                4.644470083505309,
                4.31116280929768,
                4.370235449727057
            ],
            "UnitPairs": [
                [
                    -0.9957369345542595,
                    -0.09223858826156349
                ],
                [
                    -0.6835811885020355,
                    -0.729874481487156
                ],
                [
                    -0.5800845472833532,
                    -0.8145562706179771
                ],
                [
                    -0.19259335243082573,
                    -0.9812786559379837
                ],
                [
                    0.13962608721547112,
                    -0.9902043000153543
                ],
                [
                    0.1895080193483134,
                    -0.981879173117894
                ],
                [
                    0.8204685303974072,
                    -0.5716916919350138
                ],
                [
                    0.8797577806942035,
                    0.4754221779723886
                ],
                [
                    0.7751217304004739,
                    0.6318119206385513
                ],
                [
                    0.5930443408821967,
                    0.8051698018105254
                ],
                [
                    0.5732253168087398,
                    0.8193977887262816
                ],
                [
                    0.5641402462305193,
                    0.8256789827668917
                ],
                [
                    0.10594024696471149,
                    0.994372497645151
                ],
                [
                    -0.3549456572619365,
                    0.934886934549249
                ],
                [
                    -0.3617078259254497,
                    0.9322915041253378
                ],
                [
                    -0.39477543571474677,
                    0.918777641954914
                ],
                [
                    -0.4125501239493668,
                    0.9109349017516905
                ]
            ]
        },
        {
            "Type": "F",
            "Centroid": {
                "x": 92358.6508125,
                "y": 439986.16500000004
            },
            "Distances": [
                5.860648066055766,
                7.863254741475269,
                7.440794539514535,
                8.072586543626642,
                7.2564000891968545,
                3.370650827974041,
                4.505532266407938,
                3.8096892430710705,
                3.386085627805196,
                3.684816329056601,
                3.8378410602513906,
                4.575010546841606,
                4.735994444538191,
                4.696666743960607,
                4.369635597366823,
                4.431914809526806
            ],
            "UnitPairs": [
                [
                    -0.6982269629361748,
                    -0.7158764615692609
                ],
                [
                    -0.5940367765729314,
                    -0.8044378832941927
                ],
                [
                    -0.21517359355755877,
                    -0.9765758161226021
                ],
                [
                    0.11767448944246732,
                    -0.9930522214538643
                ],
                [
                    0.16536264335642595,
                    -0.9862328306146453
                ],
                [
                    0.8004203454173521,
                    -0.599439130055727
                ],
                [
                    0.8722471103576156,
                    0.48906541328618763
                ],
                [
                    0.7583131630103904,
                    0.651890440799048
                ],
                [
                    0.5608061073281412,
                    0.827947166178771
                ],
                [
                    0.5424795489093591,
                    0.8400690084838853
                ],
                [
                    0.5341381958826977,
                    0.8453971774847471
                ],
                [
                    0.06774574546411632,
                    0.9977026180037373
                ],
                [
                    -0.3887383149528936,
                    0.9213482091411396
                ],
                [
                    -0.3956130169108561,
                    0.9184173021294245
                ],
                [
                    -0.4302561296262987,
                    0.9027068532580206
                ],
                [
                    -0.4469992283554243,
                    0.8945343424652042
                ]
            ]
        },
        {
            "Type": "R",
            "Centroid": {
                "x": 92355.62275,
                "y": 439985.8845
            },
            "Distances": [
                0.0
            ],
            "UnitPairs": [
                [
                    0.0,
                    0.0
                ]
            ]
        }
    ]
}