{
    "Pand ID": "0599100000607481",
    "Archetype ID": "TI.1946",
    "Construction Year": 1925,
    "Number of Floors": 5,
    "Wall Area": 142.69,
    "Roof Area (Flat)": 77.0,
    "Roof Area (Sloped)": 24.46,
    "Floor Area": 85.48,
    "Shared Wall Area": 308.72,
    "Absolute Height (70%)": 10.45242977142334,
    "Surfaces": [
        {
            "Type": "G",
            "Centroid": {
                "x": 93341.371875,
                "y": 441197.679
            },
            "Distances": [
                8.324556752477285,
                9.62931477963557,
                9.355612920870701,
                7.936345073464604,
                4.249608643738529,
                5.002128609403713,
                4.748691885659979,
                5.207771032315919,
                4.868584920154254,
                4.22412945170973,
                5.491872415186436,
                4.786395786491716
            ],
            "UnitPairs": [
                [
                    -0.9000779528321601,
                    -0.43572890519848195
                ],
                [
                    -0.870440959903658,
                    -0.4922728261056042
                ],
                [
                    -0.356123113277273,
                    -0.9344390446624663
                ],
                [
                    -0.30300471788227346,
                    -0.9529890560447606
                ],
                [
                    0.9822669214838939,
                    0.18748785282933303
                ],
                [
                    0.9514449490674187,
                    0.30781895473491694
                ],
                [
                    0.9219907514352873,
                    0.38721189840679493
                ],
                [
                    0.8654854393609384,
                    0.5009340817454963
                ],
                [
                    0.5704429614655241,
                    0.8213372192433767
                ],
                [
                    0.4872601617757665,
                    0.8732568549666553
                ],
                [
                    -0.0387390645525095,
                    0.9992493607091257
                ],
                [
                    -0.1735648360585384,
                    0.9848224447503077
                ]
            ]
        },
        {
            "Type": "F",
            "Centroid": {
                "x": 93340.57455357142,
                "y": 441195.93575
            },
            "Distances": [
                6.955445331192645,
                8.155094466360513,
                5.644441517192539,
                6.19064046173962,
                5.728529109239092,
                7.443744298657656,
                6.037899188651881,
                5.582841791531462,
                6.4539580910358865,
                6.294224623587482,
                6.861368816854874,
                6.763736016257454,
                6.136848717655484,
                7.254590598694982
            ],
            "UnitPairs": [
                [
                    -0.9626168063465903,
                    -0.2708669122264491
                ],
                [
                    -0.9300233863276571,
                    -0.3675003413381235
                ],
                [
                    -0.7183046469838027,
                    -0.6957287072713576
                ],
                [
                    -0.505348128478106,
                    -0.8629155631020197
                ],
                [
                    -0.42217269482468217,
                    -0.9065154249898155
                ],
                [
                    -0.34047765072756064,
                    -0.9402526093316844
                ],
                [
                    -0.2662231549756118,
                    -0.963911423189305
                ],
                [
                    0.8905091016749972,
                    0.45496542707549714
                ],
                [
                    0.8609556105259533,
                    0.5086800926946946
                ],
                [
                    0.8222730738227656,
                    0.5690931312764727
                ],
                [
                    0.7731068785485506,
                    0.634275771522858
                ],
                [
                    0.5284906773388547,
                    0.8489391049809866
                ],
                [
                    0.46531559762267133,
                    0.8851448438583689
                ],
                [
                    0.08057952004528378,
                    0.9967481833187717
                ]
            ]
        },
        {
            "Type": "R",
            "Centroid": {
                "x": 93340.541125,
                "y": 441202.39275
            },
            "Distances": [
                0.0
            ],
            "UnitPairs": [
                [
                    0.0,
                    0.0
                ]
            ]
        }
    ]
}