{
    "Pand ID": "0599100000130987",
    "Archetype ID": "TI.1946",
    "Construction Year": 1921,
    "Number of Floors": 2,
    "Wall Area": 70.52,
    "Roof Area (Flat)": 0.0,
    "Roof Area (Sloped)": 66.06,
    "Floor Area": 50.55,
    "Shared Wall Area": 139.2,
    "Absolute Height (70%)": 6.05539083480835,
    "Surfaces": [
        {
            "Type": "G",
            "Centroid": {
                "x": 94021.59833333333,
                "y": 433740.81283333333
            },
            "Distances": [
                3.3212862645720866,
                2.03063896792494,
                2.186489946153697,
                8.655154569263416,
                8.876967797886445,
                3.1021734775218506,
                2.662737742415226,
                4.823051242211652,
                6.362937053851881,
                6.399940386579593,
                6.574004509018898,
                3.11569001742906
            ],
            "UnitPairs": [
                [
                    -0.6916998868303477,
                    -0.7221850639267502
                ],
                [
                    0.14363295065176668,
                    -0.9896310299738319
                ],
                [
                    0.14437142380514992,
                    -0.9895235681824226
                ],
                [
                    0.1481968526848857,
                    -0.9889578822448882
                ],
                [
                    0.366416409378172,
                    -0.9304509739574719
                ],
                [
                    0.7506564940811693,
                    -0.6606926879372644
                ],
                [
                    0.6469531862743028,
                    0.7625297205811241
                ],
                [
                    0.2769339572791783,
                    0.9608889547214571
                ],
                [
                    0.17172363287835113,
                    0.9851451638774162
                ],
                [
                    -0.4695877073537244,
                    0.8828858278975107
                ],
                [
                    -0.5291041903851177,
                    0.8485568665192151
                ],
                [
                    -0.9119435237253367,
                    0.4103157437089347
                ]
            ]
        },
        {
            "Type": "F",
            "Centroid": {
                "x": 94021.2145,
                "y": 433740.95900000003
            },
            "Distances": [
                3.1839024502238944,
                8.86382001807747,
                2.413347325303985,
                2.2591056444188853,
                9.158644294491964,
                3.48983872299677,
                4.8063570729219025,
                6.297777172299722,
                6.096640904016198,
                6.251821359575508,
                4.414109571842929,
                2.7057894065213297
            ],
            "UnitPairs": [
                [
                    -0.600992030982326,
                    -0.7992550148080017
                ],
                [
                    0.18801148901865242,
                    -0.9821668290046194
                ],
                [
                    0.28984638582835726,
                    -0.9570731803902139
                ],
                [
                    0.29901213414537575,
                    -0.9542493089511922
                ],
                [
                    0.3970565820729876,
                    -0.9177941330344822
                ],
                [
                    0.7772565483097512,
                    -0.629183803120846
                ],
                [
                    0.35775535897640687,
                    0.9338153474449122
                ],
                [
                    0.2344477995321944,
                    0.972128710251123
                ],
                [
                    -0.42999088207433267,
                    0.9028332300779238
                ],
                [
                    -0.4949757553879679,
                    0.8689067853217114
                ],
                [
                    -0.5662523685296267,
                    0.8242319182939883
                ],
                [
                    -0.9082377194918263,
                    0.4184545911951338
                ]
            ]
        },
        {
            "Type": "R",
            "Centroid": {
                "x": 94023.321,
                "y": 433742.84325000003
            },
            "Distances": [
                0.0
            ],
            "UnitPairs": [
                [
                    0.0,
                    0.0
                ]
            ]
        }
    ]
}