{
    "Pand ID": "0599100000290207",
    "Archetype ID": "TI.1946",
    "Construction Year": 1939,
    "Number of Floors": 3,
    "Wall Area": 91.61,
    "Roof Area (Flat)": 0.0,
    "Roof Area (Sloped)": 109.84,
    "Floor Area": 63.54,
    "Shared Wall Area": 190.54,
    "Absolute Height (70%)": 9.284088134765625,
    "Surfaces": [
        {
            "Type": "G",
            "Centroid": {
                "x": 91448.52100000001,
                "y": 433759.51900000003
            },
            "Distances": [
                5.743101432373141,
                3.4610206677214075,
                3.1510154811568323,
                6.391697666708206,
                6.397610926148701,
                3.1528733819381554,
                3.495251430527097,
                5.747312333791293
            ],
            "UnitPairs": [
                [
                    -0.9855737473300918,
                    -0.1692465319400082
                ],
                [
                    -0.7790331982526694,
                    -0.6269826760128364
                ],
                [
                    -0.09750824832038599,
                    -0.9952347167927221
                ],
                [
                    0.6398534807584932,
                    -0.7684969246270544
                ],
                [
                    0.9954887962885396,
                    0.09487916770289767
                ],
                [
                    0.6333111920841709,
                    0.7738972373519152
                ],
                [
                    -0.1291037308667101,
                    0.9916310940447037
                ],
                [
                    -0.5811847009522777,
                    0.8137716776707159
                ]
            ]
        },
        {
            "Type": "F",
            "Centroid": {
                "x": 91448.68102777778,
                "y": 433759.1593333334
            },
            "Distances": [
                4.182245073513373,
                5.852399979633887,
                3.4047068350651646,
                2.8975224990894,
                3.3816607638167295,
                2.815381910048672,
                4.037408777022243,
                6.013855296048283,
                5.104745425108085,
                5.2632471567193395,
                6.2835241765279495,
                4.1331009033341815,
                3.9960953121566454,
                3.874194879724001,
                3.3838551107067305,
                6.133510873245719,
                3.9395285348596483,
                3.405399172126653
            ],
            "UnitPairs": [
                [
                    -0.9985731836294194,
                    -0.05340034584350297
                ],
                [
                    -0.9945112770882486,
                    -0.10462944014139082
                ],
                [
                    -0.9611041232920368,
                    -0.2761862853058519
                ],
                [
                    -0.9056971183503804,
                    -0.42392538236323746
                ],
                [
                    -0.8446375840922512,
                    -0.5353385391869386
                ],
                [
                    -0.1659731406621366,
                    -0.9861302736346484
                ],
                [
                    0.567126676707829,
                    -0.8236305801549222
                ],
                [
                    0.6534447586068942,
                    -0.7569742052733222
                ],
                [
                    0.7751066689366097,
                    -0.6318303979471016
                ],
                [
                    0.9999002641369621,
                    -0.01412309381238484
                ],
                [
                    0.9880955412586278,
                    0.1538414812227818
                ],
                [
                    0.9875689748905456,
                    0.15718625841223102
                ],
                [
                    0.9846417352103137,
                    0.17458709368685418
                ],
                [
                    -0.15778188675369978,
                    0.9874739876130625
                ],
                [
                    -0.24506893783912953,
                    0.9695056553246097
                ],
                [
                    -0.5706809444225673,
                    0.8211718819303099
                ],
                [
                    -0.579835317239436,
                    0.8147337018203202
                ],
                [
                    -0.946226158787284,
                    0.3235058831407269
                ]
            ]
        },
        {
            "Type": "R",
            "Centroid": {
                "x": 91450.51775000001,
                "y": 433761.95900000003
            },
            "Distances": [
                0.0
            ],
            "UnitPairs": [
                [
                    0.0,
                    0.0
                ]
            ]
        }
    ]
}