{
    "Pand ID": "0599100000612831",
    "Archetype ID": "TI.1946",
    "Construction Year": 1910,
    "Number of Floors": 3,
    "Wall Area": 183.2,
    "Roof Area (Flat)": 28.42,
    "Roof Area (Sloped)": 80.65,
    "Floor Area": 84.98,
    "Shared Wall Area": 152.69,
    "Absolute Height (70%)": 12.287800788879395,
    "Surfaces": [
        {
            "Type": "G",
            "Centroid": {
                "x": 96999.56499999999,
                "y": 434780.2925
            },
            "Distances": [
                3.160656300527127,
                10.089529932068604,
                10.159925258098644,
                8.567405164362569,
                8.07026011042649,
                1.6746695942759635
            ],
            "UnitPairs": [
                [
                    -0.8555185198551761,
                    -0.5177722107112437
                ],
                [
                    0.7346229259356121,
                    -0.678475612450293
                ],
                [
                    0.9847513387984332,
                    -0.17396781522653376
                ],
                [
                    -0.6799024778502443,
                    0.7333025437110512
                ],
                [
                    -0.9038122563820244,
                    0.42792920584324906
                ],
                [
                    -0.951829546225494,
                    0.3066276486753442
                ]
            ]
        },
        {
            "Type": "F",
            "Centroid": {
                "x": 97001.76968965518,
                "y": 434779.21320689656
            },
            "Distances": [
                3.449580724327312,
                4.940213928219789,
                4.094858492107969,
                7.062499840808877,
                6.937254410793625,
                7.769505968937476,
                6.562489634908018,
                6.610383501407356,
                6.4671087155656215,
                6.660237854386382,
                7.4564231325909,
                5.683682475641213,
                7.415268174818256,
                6.092860392270041,
                7.830611100541583,
                4.103181192417678,
                3.853066973799431,
                4.032204620854433,
                5.06965366780917,
                3.302035109334751,
                4.100166653591602,
                4.668312480419542,
                10.893663922514168,
                4.81589295632433,
                4.707447734566745,
                10.524795412928242,
                5.032317293854709,
                4.768570569585519,
                4.119105845538539
            ],
            "UnitPairs": [
                [
                    -0.9994517973922792,
                    -0.03310747180535913
                ],
                [
                    -0.993618844550278,
                    -0.11279003393283664
                ],
                [
                    -0.9667463876520861,
                    -0.25573701719079023
                ],
                [
                    0.6416014792142516,
                    -0.7670381619385599
                ],
                [
                    0.6602482875193373,
                    -0.7510474011856925
                ],
                [
                    0.6702241256572807,
                    -0.7421587575356997
                ],
                [
                    0.7224865270032919,
                    -0.6913850000533145
                ],
                [
                    0.7338924199764701,
                    -0.6792657181847767
                ],
                [
                    0.7399458637979116,
                    -0.6726664244990695
                ],
                [
                    0.7452151789962413,
                    -0.6668240674972671
                ],
                [
                    0.7634103166624888,
                    -0.6459138397753053
                ],
                [
                    0.9503188061538181,
                    -0.3112782785071611
                ],
                [
                    0.964538325006415,
                    -0.26394283395049667
                ],
                [
                    0.9756189970076045,
                    -0.21947112037321861
                ],
                [
                    0.9961304736834826,
                    -0.08788674188477201
                ],
                [
                    -0.3026163352186812,
                    0.9531124559351928
                ],
                [
                    -0.3692356413368096,
                    0.9293358064588898
                ],
                [
                    -0.4116084899546925,
                    0.9113607688490972
                ],
                [
                    -0.46703183498029466,
                    0.8842405018516957
                ],
                [
                    -0.5783371744835762,
                    0.8157978380765382
                ],
                [
                    -0.6562390952631046,
                    0.754553013278896
                ],
                [
                    -0.6918323631358454,
                    0.7220581564651645
                ],
                [
                    -0.7370972440771731,
                    0.6757866917702925
                ],
                [
                    -0.8901131511979602,
                    0.4557395945761539
                ],
                [
                    -0.8942615813383172,
                    0.447544661617466
                ],
                [
                    -0.9025058713747186,
                    0.4306775500698404
                ],
                [
                    -0.9166134378727862,
                    0.3997746934349797
                ],
                [
                    -0.9180297515376322,
                    0.39651150713661903
                ],
                [
                    -0.9222121978979415,
                    0.3866841890331799
                ]
            ]
        },
        {
            "Type": "R",
            "Centroid": {
                "x": 97008.92199999999,
                "y": 434777.256
            },
            "Distances": [
                0.0
            ],
            "UnitPairs": [
                [
                    0.0,
                    0.0
                ]
            ]
        }
    ]
}