{
    "Pand ID": "0599100000199148",
    "Archetype ID": "TI.1946",
    "Construction Year": 1906,
    "Number of Floors": 3,
    "Wall Area": 178.44,
    "Roof Area (Flat)": 87.38,
    "Roof Area (Sloped)": 1.99,
    "Floor Area": 90.16,
    "Shared Wall Area": 269.67,
    "Absolute Height (70%)": 9.969253540039062,
    "Surfaces": [
        {
            "Type": "G",
            "Centroid": {
                "x": 94817.47283333335,
                "y": 437629.4533888889
            },
            "Distances": [
                4.459595012903592,
                4.77898305211468,
                3.4669549737672596,
                10.665796006710082,
                11.42365675600389,
                3.4363916655145794,
                4.912019850551036,
                4.085853863042586,
                3.699196235690691
            ],
            "UnitPairs": [
                [
                    -0.9804328242130141,
                    -0.19685394892074903
                ],
                [
                    -0.9582233884081016,
                    -0.28602086970655927
                ],
                [
                    -0.774550968691714,
                    -0.6325114994201508
                ],
                [
                    0.7618434349904587,
                    -0.6477612064348549
                ],
                [
                    0.9925601678029831,
                    -0.12175513660997707
                ],
                [
                    0.06043160584354036,
                    0.9981723403376648
                ],
                [
                    -0.4298299676276527,
                    0.9029098509426127
                ],
                [
                    -0.6584506992972212,
                    0.7526238612979264
                ],
                [
                    -0.8740637498874146,
                    0.48581124022890937
                ]
            ]
        },
        {
            "Type": "F",
            "Centroid": {
                "x": 94816.73826923079,
                "y": 437629.6415
            },
            "Distances": [
                3.7907414810881477,
                4.1473214775255745,
                3.3000135278726774,
                3.0780938243879707,
                11.352140691691462,
                12.17604788948391,
                3.3761461494218286,
                4.4645831288737385,
                0.7628984050013897,
                3.48709080524444,
                1.6858551742909205,
                2.351007569470652,
                2.971990691214639
            ],
            "UnitPairs": [
                [
                    -0.9596458236299215,
                    -0.2812114741429475
                ],
                [
                    -0.9270487594503367,
                    -0.3749407921280262
                ],
                [
                    -0.9078051363962246,
                    -0.4193922201622628
                ],
                [
                    -0.6337588592412279,
                    -0.773530677047302
                ],
                [
                    0.7804898661716424,
                    -0.6251684323471328
                ],
                [
                    0.991555788775321,
                    -0.12968083029557922
                ],
                [
                    0.2790847100550316,
                    0.9602664862492594
                ],
                [
                    -0.3083757634356452,
                    0.9512646259193511
                ],
                [
                    -0.5082842331886084,
                    0.8611893742330244
                ],
                [
                    -0.5608598513823757,
                    0.8279107603524304
                ],
                [
                    -0.7727646186028361,
                    0.6346927163877125
                ],
                [
                    -0.81869971657171,
                    0.5742218857596788
                ],
                [
                    -0.8407728995125419,
                    0.5413879675844978
                ]
            ]
        },
        {
            "Type": "R",
            "Centroid": {
                "x": 94825.59850000001,
                "y": 437622.5445
            },
            "Distances": [
                0.0
            ],
            "UnitPairs": [
                [
                    0.0,
                    0.0
                ]
            ]
        }
    ]
}