{
    "Pand ID": "0599100000265084",
    "Archetype ID": "TI.1946",
    "Construction Year": 1924,
    "Number of Floors": 3,
    "Wall Area": 106.28,
    "Roof Area (Flat)": 0.0,
    "Roof Area (Sloped)": 64.19,
    "Floor Area": 50.38,
    "Shared Wall Area": 201.39,
    "Absolute Height (70%)": 10.7821044921875,
    "Surfaces": [
        {
            "Type": "G",
            "Centroid": {
                "x": 91782.342625,
                "y": 434340.12025
            },
            "Distances": [
                5.75688054091507,
                5.764213134723642,
                5.758833611314955,
                5.768450533954844
            ],
            "UnitPairs": [
                [
                    0.3715553909436476,
                    -0.9284107881001347
                ],
                [
                    0.9468768542092426,
                    -0.32159636652612933
                ],
                [
                    -0.3703875027419983,
                    0.9288773319510742
                ],
                [
                    -0.9472214363015616,
                    0.3205800221642121
                ]
            ]
        },
        {
            "Type": "F",
            "Centroid": {
                "x": 91783.34218055556,
                "y": 434339.21372222225
            },
            "Distances": [
                3.99942950409897,
                3.946695428172079,
                3.934993424019776,
                2.9353404350124723,
                2.08274144189027,
                2.0611720566477953,
                4.58215562112043,
                1.937504329005088,
                3.9741796669082663,
                3.8837898762080085,
                3.626914991853732,
                3.9499405371658223,
                3.2768421659218845,
                2.2767063984473723,
                4.557955331353846,
                1.1436242206429117,
                0.9884786414976697,
                3.2631438185048847,
                2.6016457018234234,
                5.473435831562647,
                6.99626042348845,
                5.435412610506171,
                6.785077287836428,
                5.79598929545719,
                6.598345097405121,
                5.909286479006826,
                7.026511337794109
            ],
            "UnitPairs": [
                [
                    0.15638341513667756,
                    -0.9876964247531675
                ],
                [
                    0.1772228075797029,
                    -0.9841707557500211
                ],
                [
                    0.1820700487228012,
                    -0.9832855624680334
                ],
                [
                    0.2062603837100546,
                    -0.9784971405741465
                ],
                [
                    0.24508296333743373,
                    -0.9695021098902995
                ],
                [
                    0.24716250290567424,
                    -0.9689740435932237
                ],
                [
                    0.2486699576926077,
                    -0.9685882779288404
                ],
                [
                    0.2593255854558649,
                    -0.9657899568373928
                ],
                [
                    0.5619887955845247,
                    -0.8271448444120626
                ],
                [
                    0.7251794083131186,
                    -0.6885599652598423
                ],
                [
                    0.7329767723854075,
                    -0.6802536667622385
                ],
                [
                    0.8383529861470747,
                    -0.5451277562354379
                ],
                [
                    0.8479030431601119,
                    -0.5301513268867876
                ],
                [
                    0.9625503077320317,
                    -0.27110312629140104
                ],
                [
                    0.9781676476245361,
                    -0.20781735524416914
                ],
                [
                    0.9972195620408244,
                    -0.07451942755487469
                ],
                [
                    0.999965404360506,
                    -0.008318057593556772
                ],
                [
                    0.9982534100932388,
                    0.059077315758421074
                ],
                [
                    0.3388026447358114,
                    0.9408574641889278
                ],
                [
                    -0.3536271576238674,
                    0.9353864620523779
                ],
                [
                    -0.44774713431697855,
                    0.8941602226172519
                ],
                [
                    -0.5163463671785449,
                    0.8563798392661514
                ],
                [
                    -0.5353742339920442,
                    0.8446149593616205
                ],
                [
                    -0.7504423030880254,
                    0.6609359649284794
                ],
                [
                    -0.771035082350381,
                    0.6367926678165675
                ],
                [
                    -0.7812373916824288,
                    0.6242340409151325
                ],
                [
                    -0.9198811821154749,
                    0.3921971580593572
                ]
            ]
        },
        {
            "Type": "R",
            "Centroid": {
                "x": 91778.254625,
                "y": 434343.4155
            },
            "Distances": [
                0.0
            ],
            "UnitPairs": [
                [
                    0.0,
                    0.0
                ]
            ]
        }
    ]
}