{
    "Pand ID": "0599100000100705",
    "Archetype ID": "TI.1946",
    "Construction Year": 1932,
    "Number of Floors": 4,
    "Wall Area": 78.74,
    "Roof Area (Flat)": 0.0,
    "Roof Area (Sloped)": 112.51,
    "Floor Area": 68.31,
    "Shared Wall Area": 191.46,
    "Absolute Height (70%)": 5.017181873321533,
    "Surfaces": [
        {
            "Type": "G",
            "Centroid": {
                "x": 94059.0272159091,
                "y": 441524.8604545454
            },
            "Distances": [
                4.1557642810912645,
                4.300765728460122,
                3.2848566366881684,
                2.523346611906614,
                3.87130609108846,
                3.458219186513364,
                4.214623884434953,
                3.59485272635684,
                8.51383384620677,
                8.684303313104,
                3.956412463185902
            ],
            "UnitPairs": [
                [
                    -0.7981903411068916,
                    -0.6024053281335284
                ],
                [
                    -0.6619962790014265,
                    -0.7495071224399842
                ],
                [
                    -0.160156429114984,
                    -0.9870916463090634
                ],
                [
                    -0.026588067119871082,
                    -0.9996464748533999
                ],
                [
                    0.6080400349437737,
                    -0.7939063646964764
                ],
                [
                    0.6806708782611095,
                    -0.7325893498319845
                ],
                [
                    0.6842625036015396,
                    -0.7292357822850941
                ],
                [
                    0.8139162612841764,
                    0.5809822024960734
                ],
                [
                    0.3493031629033204,
                    0.9370097653630598
                ],
                [
                    -0.39002448290586267,
                    0.92080448670389
                ],
                [
                    -0.8459913975708727,
                    0.5331965446587981
                ]
            ]
        },
        {
            "Type": "F",
            "Centroid": {
                "x": 94058.73462500001,
                "y": 441524.6516
            },
            "Distances": [
                3.796417970908261,
                3.9513647528462488,
                3.042573123163238,
                2.324563445030621,
                3.899986590973657,
                4.277392360978149,
                3.522460419919907,
                8.81403240350771,
                8.769522188273406,
                3.834703223236284
            ],
            "UnitPairs": [
                [
                    -0.7966720269412139,
                    -0.604411847575292
                ],
                [
                    -0.6464854954665634,
                    -0.762926277009353
                ],
                [
                    -0.0767442524961685,
                    -0.997050810996513
                ],
                [
                    0.09700746197421821,
                    -0.9952836542018163
                ],
                [
                    0.6785920767300109,
                    -0.7345153459249515
                ],
                [
                    0.7426253501936042,
                    -0.6697070921304528
                ],
                [
                    0.7513214300497902,
                    -0.65993644296094
                ],
                [
                    0.37060222273495835,
                    0.9287916841272366
                ],
                [
                    -0.3528698523785573,
                    0.9356724145139341
                ],
                [
                    -0.7965414328556795,
                    0.6045839443321507
                ]
            ]
        },
        {
            "Type": "R",
            "Centroid": {
                "x": 94061.953125,
                "y": 441526.949
            },
            "Distances": [
                0.0
            ],
            "UnitPairs": [
                [
                    0.0,
                    0.0
                ]
            ]
        }
    ]
}