{
    "Pand ID": "0599100000190655",
    "Archetype ID": "TI.1946",
    "Construction Year": 1922,
    "Number of Floors": 3,
    "Wall Area": 65.91,
    "Roof Area (Flat)": 0.0,
    "Roof Area (Sloped)": 68.78,
    "Floor Area": 45.14,
    "Shared Wall Area": 147.41,
    "Absolute Height (70%)": 7.7981672286987305,
    "Surfaces": [
        {
            "Type": "G",
            "Centroid": {
                "x": 94659.001125,
                "y": 433145.9435
            },
            "Distances": [
                5.193525380601653,
                5.412639640597559,
                4.901930806207035,
                5.0905945997236115,
                4.90707160675653,
                1.2304541352129457,
                1.0219391512734122,
                2.723327629721043,
                3.960477986170022,
                7.370201167808643,
                7.181926604605002,
                7.308343023820534,
                7.328636699881582,
                3.639238176329999,
                2.269907405382783,
                5.251441838098905
            ],
            "UnitPairs": [
                [
                    -0.9995979839427899,
                    -0.02835261006521126
                ],
                [
                    -0.9990388902758149,
                    -0.04383258738048842
                ],
                [
                    -0.928906930761462,
                    -0.3703132646602338
                ],
                [
                    -0.9286611627361911,
                    -0.37092916416138766
                ],
                [
                    -0.9146875896036231,
                    -0.4041616179514257
                ],
                [
                    -0.880518394787766,
                    -0.47401197921611216
                ],
                [
                    -0.870342915119969,
                    -0.49244614944222526
                ],
                [
                    0.007550505407429928,
                    -0.9999714945277652
                ],
                [
                    0.9555822588132599,
                    -0.2947245267047656
                ],
                [
                    0.9990992555487909,
                    0.042434391262886936
                ],
                [
                    0.9935443360594045,
                    0.11344448988063253
                ],
                [
                    0.9927780450844318,
                    0.11996563340529634
                ],
                [
                    0.7833056453853597,
                    0.6216367636388835
                ],
                [
                    0.5576888353173417,
                    0.8300500966582601
                ],
                [
                    -0.7654221911815065,
                    0.643528452554276
                ],
                [
                    -0.9999991739228493,
                    0.0012853612795432302
                ]
            ]
        },
        {
            "Type": "F",
            "Centroid": {
                "x": 94658.6430763889,
                "y": 433145.9093611111
            },
            "Distances": [
                5.112634474982507,
                4.8347122225448285,
                5.053472298810274,
                4.746502636114777,
                4.557811395745571,
                4.752135864508442,
                4.567181460919258,
                0.9097868170373414,
                0.7088295887060371,
                2.7156334327936227,
                7.729399074468265,
                7.837364980027527,
                7.5415396193431805,
                7.667906671243228,
                7.632832861830637,
                3.8772455353508914,
                2.0340615765029115,
                4.893559718573862
            ],
            "UnitPairs": [
                [
                    -0.9999519648654978,
                    -0.009801426509969395
                ],
                [
                    -0.999726284920163,
                    -0.023395624371431126
                ],
                [
                    -0.999191959574402,
                    -0.04019238636690559
                ],
                [
                    -0.9205491335136319,
                    -0.39062679476362294
                ],
                [
                    -0.9204832154337694,
                    -0.390782100542884
                ],
                [
                    -0.9051485503647863,
                    -0.42509540314207833
                ],
                [
                    -0.9043627725846672,
                    -0.42676454346978443
                ],
                [
                    -0.7973174322942759,
                    -0.6035601976270991
                ],
                [
                    -0.7496708621634973,
                    -0.6618108479188283
                ],
                [
                    0.13941907862991812,
                    -0.9902334676802157
                ],
                [
                    0.9989924231769493,
                    0.04487915368015758
                ],
                [
                    0.9987554657786265,
                    0.04987503962222877
                ],
                [
                    0.9936447316250487,
                    0.11256174889270705
                ],
                [
                    0.9929191156760449,
                    0.11879238075356933
                ],
                [
                    0.7989970724493474,
                    0.6013349135193902
                ],
                [
                    0.6158008538105341,
                    0.7879018393468931
                ],
                [
                    -0.6781450988698556,
                    0.7349280406126806
                ],
                [
                    -0.9999650909188466,
                    0.00835565339534322
                ]
            ]
        },
        {
            "Type": "R",
            "Centroid": {
                "x": 94662.7856875,
                "y": 433144.77625
            },
            "Distances": [
                0.0
            ],
            "UnitPairs": [
                [
                    0.0,
                    0.0
                ]
            ]
        }
    ]
}