{
    "Pand ID": "0599100000080771",
    "Archetype ID": "TI.1946",
    "Construction Year": 1922,
    "Number of Floors": 2,
    "Wall Area": 61.06,
    "Roof Area (Flat)": 0.0,
    "Roof Area (Sloped)": 74.79,
    "Floor Area": 48.02,
    "Shared Wall Area": 110.72,
    "Absolute Height (70%)": 6.054291725158691,
    "Surfaces": [
        {
            "Type": "G",
            "Centroid": {
                "x": 94622.3604875,
                "y": 433083.10395
            },
            "Distances": [
                4.700495477079696,
                1.6154432611394178,
                1.3204942748775061,
                3.496511937623144,
                3.866990707252845,
                6.564592990435821,
                6.24255882870263,
                3.241062253363853,
                3.181026144195416,
                5.264709045143013
            ],
            "UnitPairs": [
                [
                    -0.9104997592004545,
                    -0.41350959903721035
                ],
                [
                    -0.908605108769498,
                    -0.41765626574728737
                ],
                [
                    -0.9078418761864798,
                    -0.41931268504805846
                ],
                [
                    0.04009710319755709,
                    -0.999195787778934
                ],
                [
                    0.847480702203438,
                    -0.5308262045083755
                ],
                [
                    0.9964364903562241,
                    -0.0843464325657631
                ],
                [
                    0.672993257296864,
                    0.7396486163259937
                ],
                [
                    0.2894729957841445,
                    0.95718618079857
                ],
                [
                    -0.9090777217516491,
                    0.41662656638149126
                ],
                [
                    -0.999067556231293,
                    0.04317427574415538
                ]
            ]
        },
        {
            "Type": "F",
            "Centroid": {
                "x": 94621.7869875,
                "y": 433083.38085
            },
            "Distances": [
                4.686562476912935,
                4.320616165553434,
                1.3058771190066487,
                1.0396616997741828,
                3.8375502667595622,
                7.163019785680937,
                6.452660865862181,
                3.2043910576241235,
                2.5443383128144927,
                1.9348537024921635
            ],
            "UnitPairs": [
                [
                    -0.9999439937239677,
                    -0.010583450068936514
                ],
                [
                    -0.8578174635261866,
                    -0.5139544719812247
                ],
                [
                    -0.6848270690891682,
                    -0.7287056233093989
                ],
                [
                    -0.6014456434583616,
                    -0.7989137237305148
                ],
                [
                    0.1859780199297868,
                    -0.9825539049349892
                ],
                [
                    0.9932542716450417,
                    -0.11595668095835503
                ],
                [
                    0.7399583054573726,
                    0.6726527381826775
                ],
                [
                    0.4717588998402674,
                    0.8817275885564093
                ],
                [
                    -0.9111602762584449,
                    0.4120521216650077
                ],
                [
                    -0.9738720801361469,
                    0.2270972732801834
                ]
            ]
        },
        {
            "Type": "R",
            "Centroid": {
                "x": 94625.6376875,
                "y": 433081.05125
            },
            "Distances": [
                0.0
            ],
            "UnitPairs": [
                [
                    0.0,
                    0.0
                ]
            ]
        }
    ]
}