{
    "Pand ID": "0599100000228983",
    "Archetype ID": "TI.1946",
    "Construction Year": 1931,
    "Number of Floors": 3,
    "Wall Area": 74.39,
    "Roof Area (Flat)": 12.16,
    "Roof Area (Sloped)": 80.66,
    "Floor Area": 69.54,
    "Shared Wall Area": 174.16,
    "Absolute Height (70%)": 3.8081178665161133,
    "Surfaces": [
        {
            "Type": "G",
            "Centroid": {
                "x": 93827.26432500001,
                "y": 441693.6296
            },
            "Distances": [
                7.107499616607676,
                5.39425145872945,
                3.0144220341601478,
                6.3396842981358885,
                5.61528522871552,
                4.853916398120504,
                5.6477135373453855,
                2.985896883683243,
                5.3362208350188265,
                7.156623463633836
            ],
            "UnitPairs": [
                [
                    -0.9981287910913457,
                    -0.061146679341799536
                ],
                [
                    -0.9771884088704368,
                    -0.21237423000275732
                ],
                [
                    -0.22432160869939258,
                    -0.9745151696461768
                ],
                [
                    0.6509472405765729,
                    -0.7591229742181073
                ],
                [
                    0.9039255876148087,
                    -0.4276897614570903
                ],
                [
                    0.9591842170573769,
                    -0.28278196149688717
                ],
                [
                    0.9872667873682992,
                    0.1590732238922608
                ],
                [
                    0.5043040863961532,
                    0.8635261365147793
                ],
                [
                    -0.5601717193550799,
                    0.8283765115180255
                ],
                [
                    -0.6859659481814434,
                    0.7276336426633483
                ]
            ]
        },
        {
            "Type": "F",
            "Centroid": {
                "x": 93827.980625,
                "y": 441693.97719999996
            },
            "Distances": [
                7.849569866547719,
                6.170883444837148,
                6.185400091337687,
                5.153963609673902,
                4.298691462526369,
                5.773653513172448,
                4.890615594185126,
                2.366385194787136,
                5.50621740309672,
                7.433969753118276
            ],
            "UnitPairs": [
                [
                    -0.9950226742076779,
                    -0.09964877225837429
                ],
                [
                    -0.9702824649844558,
                    -0.2419750775259476
                ],
                [
                    0.5513790457611476,
                    -0.8342548458927442
                ],
                [
                    0.8458538573736202,
                    -0.5334147091767976
                ],
                [
                    0.9164416740187289,
                    -0.4001682872514388
                ],
                [
                    0.9994538097667306,
                    0.033046666136965226
                ],
                [
                    0.9936376937463282,
                    0.11262385877991514
                ],
                [
                    0.33363122865739625,
                    0.9427036667291351
                ],
                [
                    -0.6729665265146273,
                    0.7396729373113751
                ],
                [
                    -0.756728933102661,
                    0.6537287830632122
                ]
            ]
        },
        {
            "Type": "R",
            "Centroid": {
                "x": 93826.58812500001,
                "y": 441690.692
            },
            "Distances": [
                0.0
            ],
            "UnitPairs": [
                [
                    0.0,
                    0.0
                ]
            ]
        }
    ]
}