{
    "Pand ID": "0599100000203203",
    "Archetype ID": "TI.1946",
    "Construction Year": 1934,
    "Number of Floors": 3,
    "Wall Area": 103.13,
    "Roof Area (Flat)": 44.8,
    "Roof Area (Sloped)": 22.21,
    "Floor Area": 60.53,
    "Shared Wall Area": 160.1,
    "Absolute Height (70%)": 8.280735969543457,
    "Surfaces": [
        {
            "Type": "G",
            "Centroid": {
                "x": 91540.14137499999,
                "y": 433984.04675
            },
            "Distances": [
                5.835455912183923,
                3.940899605832116,
                3.8834058123093165,
                5.951839291618562,
                5.964392756447416,
                3.9170291935510315,
                4.057929854396701,
                5.814209916497849
            ],
            "UnitPairs": [
                [
                    -0.9890615380956435,
                    -0.1475034706706255
                ],
                [
                    -0.8920869221832614,
                    -0.4518638326637747
                ],
                [
                    0.30549858998621626,
                    -0.9521925285972547
                ],
                [
                    0.6131507961156201,
                    -0.7899658861133063
                ],
                [
                    0.9907756315368346,
                    0.13551253799109003
                ],
                [
                    0.8885241411346255,
                    0.4588298711079915
                ],
                [
                    -0.3532897441381992,
                    0.9355139532293283
                ],
                [
                    -0.6027689144904201,
                    0.7979158074158204
                ]
            ]
        },
        {
            "Type": "F",
            "Centroid": {
                "x": 91539.97189285714,
                "y": 433984.575
            },
            "Distances": [
                5.771769710572002,
                4.065483122672991,
                6.475845109173067,
                6.085302306643564,
                3.8641710835780434,
                3.5039807595264496,
                5.293722591644139
            ],
            "UnitPairs": [
                [
                    -0.9706109456998914,
                    -0.24065409218952108
                ],
                [
                    -0.823061554107817,
                    -0.5679521794567083
                ],
                [
                    0.5897079189637173,
                    -0.8076165985859144
                ],
                [
                    0.9989408638285808,
                    0.04601250453310183
                ],
                [
                    0.9445381852692851,
                    0.3284016086565437
                ],
                [
                    -0.36077334434557445,
                    0.9326535230243381
                ],
                [
                    -0.6300184415400846,
                    0.7765801718556836
                ]
            ]
        },
        {
            "Type": "R",
            "Centroid": {
                "x": 91541.32775,
                "y": 433980.349
            },
            "Distances": [
                0.0
            ],
            "UnitPairs": [
                [
                    0.0,
                    0.0
                ]
            ]
        }
    ]
}