{
    "Pand ID": "0599100000064588",
    "Archetype ID": "TI.1946",
    "Construction Year": 1920,
    "Number of Floors": 3,
    "Wall Area": 151.37,
    "Roof Area (Flat)": 0.0,
    "Roof Area (Sloped)": 123.26,
    "Floor Area": 81.77,
    "Shared Wall Area": 240.62,
    "Absolute Height (70%)": 10.225475311279297,
    "Surfaces": [
        {
            "Type": "G",
            "Centroid": {
                "x": 90989.46606250001,
                "y": 437229.12868749996
            },
            "Distances": [
                6.968913294611652,
                7.861459526233273,
                7.200544164016904,
                3.8367606789664395,
                4.890977944921652,
                7.1270038415588,
                6.0730831756041,
                4.933202142907586,
                5.572820684619556,
                5.523079418015863,
                5.572669244429886,
                4.036920377343064,
                2.7607973953166196,
                4.305702353600793,
                7.462708515211557,
                7.059063279431687
            ],
            "UnitPairs": [
                [
                    -0.9993398117587463,
                    -0.03633098724220992
                ],
                [
                    -0.9178082614210453,
                    -0.39702392278964516
                ],
                [
                    -0.895947910749229,
                    -0.44415913952556657
                ],
                [
                    -0.18409084097183565,
                    -0.9829092339938019
                ],
                [
                    0.542976789080093,
                    -0.8397477040875266
                ],
                [
                    0.7865419501115547,
                    -0.6175368496816304
                ],
                [
                    0.9788582385763372,
                    -0.20453984641441
                ],
                [
                    0.998476721064592,
                    -0.05517460912503924
                ],
                [
                    0.9199448161232383,
                    0.3920478737195001
                ],
                [
                    0.9177285199741841,
                    0.39720821193171924
                ],
                [
                    0.9113563495746129,
                    0.41161827472797646
                ],
                [
                    0.7906243377787607,
                    0.6123015241789752
                ],
                [
                    0.06580979114995682,
                    0.9978321859855991
                ],
                [
                    -0.7040227705185437,
                    0.710177399380883
                ],
                [
                    -0.8903352564909127,
                    0.45530553593083045
                ],
                [
                    -0.9585283814817384,
                    0.284997091027258
                ]
            ]
        },
        {
            "Type": "F",
            "Centroid": {
                "x": 90989.89297580645,
                "y": 437228.8846290322
            },
            "Distances": [
                7.391231444148985,
                7.151838151019343,
                8.165873299572482,
                7.4857777540972394,
                3.704705108163667,
                3.107190885145938,
                2.856485055794435,
                4.459955193238733,
                4.052749584732229,
                3.1925183562082524,
                6.640890297134589,
                2.7476773951162703,
                2.659819743450834,
                2.6115576435804435,
                2.5860445390508637,
                5.607324996483071,
                4.498862132485673,
                5.290301659501706,
                5.2430222695755,
                5.346300122823133,
                5.299036912195412,
                2.0447019034987073,
                2.045689867835322,
                2.677041271796427,
                2.8644876651747886,
                3.008880651917832,
                4.781388670239906,
                4.501434861212719,
                3.6973279021387966,
                7.95395867172405,
                7.538663762611114
            ],