{
    "Pand ID": "0599100000280087",
    "Archetype ID": "TI.1946",
    "Construction Year": 1931,
    "Number of Floors": 2,
    "Wall Area": 40.41,
    "Roof Area (Flat)": 0.0,
    "Roof Area (Sloped)": 50.48,
    "Floor Area": 34.28,
    "Shared Wall Area": 90.1,
    "Absolute Height (70%)": 4.976537227630615,
    "Surfaces": [
        {
            "Type": "G",
            "Centroid": {
                "x": 95016.44692500001,
                "y": 433414.9760000001
            },
            "Distances": [
                4.358714637381172,
                2.0072779304517008,
                1.401095175225483,
                4.695425528149338,
                2.5977952364144303,
                2.771239883187202,
                5.834467387008087,
                6.120971825573376,
                3.277373779356378,
                2.8107309173706527
            ],
            "UnitPairs": [
                [
                    -0.9790271570911333,
                    -0.20372978593728805
                ],
                [
                    -0.9696215807905312,
                    -0.2446098731966299
                ],
                [
                    -0.960891182705014,
                    -0.2769262266376359
                ],
                [
                    -0.8494011833648992,
                    -0.5277476951141603
                ],
                [
                    -0.6102482512032733,
                    -0.7922102447604088
                ],
                [
                    0.8717036784341621,
                    -0.4900333631543376
                ],
                [
                    0.9912987109806836,
                    -0.13163155247901334
                ],
                [
                    0.82580023957549,
                    0.5639627330924123
                ],
                [
                    0.5115986496741975,
                    0.8592245466998355
                ],
                [
                    -0.6394422137309929,
                    0.7688391608774929
                ]
            ]
        },
        {
            "Type": "F",
            "Centroid": {
                "x": 95016.26062500001,
                "y": 433414.66311111115
            },
            "Distances": [
                1.1624292146273267,
                1.7689894199603975,
                4.121324276268342,
                4.3752611491897815,
                2.2366523624050676,
                2.80404372908252,
                5.987322116227486,
                6.453097655036968,
                2.952193630950015
            ],
            "UnitPairs": [
                [
                    -0.9979102257640582,
                    -0.0646156429630346
                ],
                [
                    -0.9949183302909265,
                    -0.10068523253742322
                ],
                [
                    -0.9902156992365411,
                    -0.13954522200880906
                ],
                [
                    -0.8689767011312353,
                    -0.49485300129541077
                ],
                [
                    -0.6254883519317002,
                    -0.7802335045342296
                ],
                [
                    0.9279455855170716,
                    -0.3727156963683969
                ],
                [
                    0.997106867496009,
                    -0.07601246471662607
                ],
                [
                    0.8121680904524455,
                    0.5834235107114113
                ],
                [
                    -0.5456959134099901,
                    0.8379832755417238
                ]
            ]
        },
        {
            "Type": "R",
            "Centroid": {
                "x": 95018.12362500001,
                "y": 433417.792
            },
            "Distances": [
                0.0
            ],
            "UnitPairs": [
                [
                    0.0,
                    0.0
                ]
            ]
        }
    ]
}