{
    "Pand ID": "0599100000182040",
    "Archetype ID": "TI.1946",
    "Construction Year": 1922,
    "Number of Floors": 2,
    "Wall Area": 79.88,
    "Roof Area (Flat)": 0.0,
    "Roof Area (Sloped)": 77.38,
    "Floor Area": 46.91,
    "Shared Wall Area": 71.7,
    "Absolute Height (70%)": 6.021387100219727,
    "Surfaces": [
        {
            "Type": "G",
            "Centroid": {
                "x": 94729.14468750001,
                "y": 433080.0654166667
            },
            "Distances": [
                4.249175099708073,
                5.0464091881958355,
                5.048366702308485,
                4.248458076470645,
                5.083505617266644,
                5.087717794966768
            ],
            "UnitPairs": [
                [
                    -0.9345343288612356,
                    -0.3558729944515036
                ],
                [
                    -0.6109294520200191,
                    -0.7916850413229488
                ],
                [
                    0.9739783755681445,
                    -0.22664095818196353
                ],
                [
                    0.9448133717528892,
                    0.3276090544489526
                ],
                [
                    0.6031270998457516,
                    0.7976450974159202
                ],
                [
                    -0.9715554594839985,
                    0.23681213893471906
                ]
            ]
        },
        {
            "Type": "F",
            "Centroid": {
                "x": 94729.9388875,
                "y": 433080.36785000004
            },
            "Distances": [
                5.788095161660825,
                4.3692254920122835,
                3.3991034700069385,
                4.386522654626926,
                5.807735324545142
            ],
            "UnitPairs": [
                [
                    -0.6698576805862525,
                    -0.7424895203028836
                ],
                [
                    0.9435997312417443,
                    -0.33108842806795247
                ],
                [
                    0.9472497758313583,
                    0.3204962748417545
                ],
                [
                    0.5179045405375833,
                    0.8554384179416742
                ],
                [
                    -0.9878549347378441,
                    0.15537898157115645
                ]
            ]
        },
        {
            "Type": "R",
            "Centroid": {
                "x": 94725.17368749999,
                "y": 433078.55325
            },
            "Distances": [
                0.0
            ],
            "UnitPairs": [
                [
                    0.0,
                    0.0
                ]
            ]
        }
    ]
}