{
    "Pand ID": "0599100000052348",
    "Archetype ID": "TI.1946",
    "Construction Year": 1935,
    "Number of Floors": 3,
    "Wall Area": 99.18,
    "Roof Area (Flat)": 8.25,
    "Roof Area (Sloped)": 54.24,
    "Floor Area": 54.48,
    "Shared Wall Area": 171.4,
    "Absolute Height (70%)": 8.403594970703125,
    "Surfaces": [
        {
            "Type": "G",
            "Centroid": {
                "x": 92806.56008653846,
                "y": 434065.2914038461
            },
            "Distances": [
                2.8341812421801875,
                3.429784519760159,
                3.1708361924902038,
                3.914839136851891,
                3.9103873512182505,
                4.133432621526382,
                2.3675669282466956,
                4.844448155259708,
                3.163142109661181,
                6.025155555480535,
                8.11093190170526,
                7.958498834473077,
                5.972032742957123
            ],
            "UnitPairs": [
                [
                    -0.004396874231179295,
                    -0.999990333701779
                ],
                [
                    0.25964851622741153,
                    -0.9657031883663343
                ],
                [
                    0.3354126157792629,
                    -0.9420713227649553
                ],
                [
                    0.9276341465336153,
                    -0.37349014737319525
                ],
                [
                    0.9384079202248976,
                    -0.34552941301600115
                ],
                [
                    0.9393012580667416,
                    -0.3430934954123097
                ],
                [
                    0.9467687839306638,
                    -0.3219143826772144
                ],
                [
                    0.9971287351466839,
                    0.07572506549864742
                ],
                [
                    0.8923211046747768,
                    0.45140120309098214
                ],
                [
                    -0.5993972280412239,
                    0.8004517243510049
                ],
                [
                    -0.6899899550748518,
                    0.723818942758342
                ],
                [
                    -0.9861736115948762,
                    0.16571544223130913
                ],
                [
                    -0.9985647760394372,
                    0.053557334262534256
                ]
            ]
        },
        {
            "Type": "F",
            "Centroid": {
                "x": 92806.1873125,
                "y": 434065.18724999996
            },
            "Distances": [
                2.7536748351157834,
                2.502704556598584,
                3.4477851546395555,
                3.22097541087822,
                4.427773153357692,
                4.2283191220184735,
                4.453569408089504,
                4.230283601313876,
                2.695847519356671,
                5.22458629679821,
                3.5435922413105354,
                7.9364687423417255,
                7.948885745685913,
                7.728907804326714,
                7.6099167273837764,
                5.606742612492344
            ],
            "UnitPairs": [
                [
                    0.1308478747740189,
                    -0.9914024579690744
                ],
                [
                    0.22068625661282792,
                    -0.9753448498568171
                ],
                [
                    0.3664127674252873,
                    -0.9304524081691349
                ],
                [
                    0.4459247019221759,
                    -0.8950704777924576
                ],
                [
                    0.9450151024174144,
                    -0.3270266903526436
                ],
                [
                    0.9470222999824788,
                    -0.3211678117992149
                ],
                [
                    0.9554835930631917,
                    -0.29504423971169663
                ],
                [
                    0.9555653665250248,
                    -0.2947792908226341
                ],
                [
                    0.9697553297147472,
                    -0.2440790865474588
                ],
                [
                    0.9959281375427529,
                    0.09015067859214064
                ],
                [
                    0.9017156270830613,
                    0.432329651856314
                ],
                [
                    -0.6581878754388779,
                    0.7528537179460935
                ],
                [
                    -0.6586693616571875,
                    0.7524325032945568
                ],
                [
                    -0.9814695286902166,
                    0.19161827744921392
                ],
                [
                    -0.982361275137392,
                    0.18699284775209282
                ],
                [
                    -0.997136463434359,
                    0.07562323247269409
                ]
            ]
        },
        {
            "Type": "R",
            "Centroid": {
                "x": 92802.94862499999,
                "y": 434070.11425
            },
            "Distances": [
                0.0
            ],
            "UnitPairs": [
                [
                    0.0,
                    0.0
                ]
            ]
        }
    ]
}