{
    "Pand ID": "0599100000034181",
    "Archetype ID": "TI.1946",
    "Construction Year": 1928,
    "Number of Floors": 3,
    "Wall Area": 85.8,
    "Roof Area (Flat)": 5.34,
    "Roof Area (Sloped)": 74.05,
    "Floor Area": 57.21,
    "Shared Wall Area": 153.14,
    "Absolute Height (70%)": 7.142127990722656,
    "Surfaces": [
        {
            "Type": "G",
            "Centroid": {
                "x": 92316.72490384616,
                "y": 440374.59750000003
            },
            "Distances": [
                2.408071879653064,
                2.8567213900941697,
                2.7206525420304386,
                3.528150488569228,
                3.8604677906073626,
                7.789480165864336,
                7.88735666603635,
                4.154477087405093,
                3.8059859463260515,
                3.1968784811966016,
                3.262309673899333,
                2.328446433341942,
                2.177441658810758
            ],
            "UnitPairs": [
                [
                    -0.9801010784222295,
                    -0.1984990581226589
                ],
                [
                    -0.9000366136780141,
                    -0.435814288475049
                ],
                [
                    -0.8902841537969229,
                    -0.455405451765893
                ],
                [
                    -0.797628631568191,
                    -0.6031488755710773
                ],
                [
                    0.4633754899318146,
                    -0.8861620367237872
                ],
                [
                    0.8005471509082213,
                    -0.5992697716160308
                ],
                [
                    0.9896656743626017,
                    0.1433940479532429
                ],
                [
                    0.8214863343888401,
                    0.5702282020493084
                ],
                [
                    -0.2903725504368639,
                    0.9569136752877927
                ],
                [
                    -0.4392265312615342,
                    0.8983763433194134
                ],
                [
                    -0.6489739043177455,
                    0.7608106673243888
                ],
                [
                    -0.9809776224428369,
                    0.19412084964371737
                ],
                [
                    -0.994356766069112,
                    0.1060878021856289
                ]
            ]
        },
        {
            "Type": "F",
            "Centroid": {
                "x": 92316.23480555555,
                "y": 440374.74644444446
            },
            "Distances": [
                1.9723506577859076,
                2.5047701170835603,
                2.3789132919350884,
                3.2535688448899966,
                1.6635580360935853,
                1.4710935484833259,
                4.23533837106688,
                8.272924661243161,
                8.353869004209114,
                1.9314895822300897,
                2.3665015918191115,
                3.546791571358013,
                2.8723734292753065,
                2.8443730427484404,
                2.8494397510921385,
                2.2310270693102985,
                1.8194719031000637,
                1.6770641694245894
            ],
            "UnitPairs": [
                [
                    -0.9481354383780894,
                    -0.3178666237458538
                ],
                [
                    -0.8308369464156388,
                    -0.5565159193327149
                ],
                [
                    -0.8121588803156246,
                    -0.5834363316802196
                ],
                [
                    -0.714309629317721,
                    -0.6998298032121668
                ],
                [
                    -0.5885310486978508,
                    -0.8084746160013979
                ],
                [
                    0.5070679870923115,
                    -0.8619060601168502
                ],
                [
                    0.5380784827058976,
                    -0.842894742212169
                ],
                [
                    0.8130068530612187,
                    -0.582254117096216
                ],
                [
                    0.9930661398044852,
                    0.11755697331004464
                ],
                [
                    0.7543113138448495,
                    0.6565169013861387
                ],
                [
                    0.019414499699096824,
                    0.9998115208385197
                ],
                [
                    -0.17341181266961295,
                    0.9848494012927251
                ],
                [
                    -0.3182230925246307,
                    0.9480158560826186
                ],
                [
                    -0.5720260778384972,
                    0.8202354334413415
                ],
                [
                    -0.5839939429888855,
                    0.8117580147755206
                ],
                [
                    -0.9296415915716497,
                    0.3684650746273385
                ],
                [
                    -0.9860309205640739,
                    0.1665623717757558
                ],
                [
                    -0.9988023035057096,
                    0.04892809532046155
                ]
            ]
        },
        {
            "Type": "R",
            "Centroid": {
                "x": 92320.13775,
                "y": 440376.96650000004
            },
            "Distances": [
                0.0
            ],
            "UnitPairs": [
                [
                    0.0,
                    0.0
                ]
            ]
        }
    ]
}