{
    "Pand ID": "0599100000055100",
    "Archetype ID": "TI.1946",
    "Construction Year": 1931,
    "Number of Floors": 3,
    "Wall Area": 54.11,
    "Roof Area (Flat)": 16.22,
    "Roof Area (Sloped)": 47.44,
    "Floor Area": 48.21,
    "Shared Wall Area": 109.28,
    "Absolute Height (70%)": 5.404008865356445,
    "Surfaces": [
        {
            "Type": "G",
            "Centroid": {
                "x": 95172.7603125,
                "y": 433507.33841666667
            },
            "Distances": [
                5.377031742608573,
                4.236841200821038,
                2.9954675251963927,
                2.7689895318804423,
                5.349212935361354,
                5.08159256805136,
                5.33705821226794,
                4.06139007745099,
                2.6985564711250327,
                2.8860293417281597,
                4.309266375428237,
                5.293342078613315
            ],
            "UnitPairs": [
                [
                    -0.7717082953254943,
                    -0.6359766559598078
                ],
                [
                    -0.6616957934287938,
                    -0.7497724167763434
                ],
                [
                    -0.31631122422106445,
                    -0.9486554745700736
                ],
                [
                    0.4783333359526883,
                    -0.878178353021966
                ],
                [
                    0.9443445346151946,
                    -0.3289580519495023
                ],
                [
                    0.9736120977310033,
                    -0.22820929681289326
                ],
                [
                    0.7814229926153791,
                    0.6240016879881216
                ],
                [
                    0.6582721553473175,
                    0.7527800272950904
                ],
                [
                    0.17620531757937566,
                    0.9843534355386541
                ],
                [
                    -0.6325299516577935,
                    0.7745358999141289
                ],
                [
                    -0.9021257126651322,
                    0.4314732883370968
                ],
                [
                    -0.9501558609493377,
                    0.31177530354988514
                ]
            ]
        },
        {
            "Type": "F",
            "Centroid": {
                "x": 95173.28527403847,
                "y": 433507.11421153846
            },
            "Distances": [
                5.66229327377976,
                4.449234242992685,
                3.0032062679147793,
                2.3477964552186847,
                4.779873699154806,
                3.990623216586806,
                4.520390993441075,
                2.836965761830505,
                5.09162983229646,
                3.9223350437450732,
                3.4020580371072753,
                4.879646436897085,
                5.862246789945985
            ],
            "UnitPairs": [
                [
                    -0.8255421103164632,
                    -0.5643405214001921
                ],
                [
                    -0.7480976178582999,
                    -0.6635886935103229
                ],
                [
                    -0.49029650550743326,
                    -0.8715556991306979
                ],
                [
                    0.34054845757940655,
                    -0.9402269662375606
                ],
                [
                    0.9469995958961157,
                    -0.3212347511907662
                ],
                [
                    0.9511142133785919,
                    -0.30883936457197647
                ],
                [
                    0.9783530822763744,
                    -0.20694261620149187
                ],
                [
                    0.8651984787966588,
                    0.5014295486785235
                ],
                [
                    0.7159865468620173,
                    0.6981140771482868
                ],
                [
                    0.547770253576071,
                    0.8366288001839327
                ],
                [
                    -0.6908940155742246,
                    0.7229560562328273
                ],
                [
                    -0.9042584530510064,
                    0.426985538497267
                ],
                [
                    -0.9474970497655718,
                    0.31976450817052465
                ]
            ]
        },
        {
            "Type": "R",
            "Centroid": {
                "x": 95173.2358125,
                "y": 433509.99475
            },
            "Distances": [
                0.0
            ],
            "UnitPairs": [
                [
                    0.0,
                    0.0
                ]
            ]
        }
    ]
}