{
    "Pand ID": "0599100000274005",
    "Archetype ID": "TI.1946",
    "Construction Year": 1933,
    "Number of Floors": 2,
    "Wall Area": 62.84,
    "Roof Area (Flat)": 0.0,
    "Roof Area (Sloped)": 46.56,
    "Floor Area": 41.05,
    "Shared Wall Area": 103.14,
    "Absolute Height (70%)": 6.143617153167725,
    "Surfaces": [
        {
            "Type": "G",
            "Centroid": {
                "x": 95118.879875,
                "y": 433213.17808333336
            },
            "Distances": [
                4.898476185995096,
                2.7424338845905902,
                4.434150006250891,
                4.467687576089451,
                2.7547461366471384,
                4.86227898667837
            ],
            "UnitPairs": [
                [
                    -0.719917759338107,
                    -0.6940593777117341
                ],
                [
                    0.3549766524827872,
                    -0.9348751661008622
                ],
                [
                    0.8913771510723626,
                    -0.45326236833220385
                ],
                [
                    0.6740623530000174,
                    0.7386744508023004
                ],
                [
                    0.0205100568994067,
                    0.9997896466587274
                ],
                [
                    -0.9188078290527659,
                    0.3947051725925859
                ]
            ]
        },
        {
            "Type": "F",
            "Centroid": {
                "x": 95118.685175,
                "y": 433213.69085
            },
            "Distances": [
                5.139000875686829,
                4.854150656918737,
                4.24844879924981,
                2.2554324196778466,
                4.498308659928785
            ],
            "UnitPairs": [
                [
                    -0.6483361417124947,
                    -0.7613542193679339
                ],
                [
                    0.8543616160905617,
                    -0.5196789672010247
                ],
                [
                    0.7546754477932476,
                    0.6560982917963294
                ],
                [
                    0.11137553837000769,
                    0.993778390514098
                ],
                [
                    -0.9498681222274651,
                    0.3126508441953572
                ]
            ]
        },
        {
            "Type": "R",
            "Centroid": {
                "x": 95119.853375,
                "y": 433210.61425
            },
            "Distances": [
                0.0
            ],
            "UnitPairs": [
                [
                    0.0,
                    0.0
                ]
            ]
        }
    ]
}