{
    "Pand ID": "0599100000108565",
    "Archetype ID": "TI.1946",
    "Construction Year": 1915,
    "Number of Floors": 3,
    "Wall Area": 181.22,
    "Roof Area (Flat)": 5.26,
    "Roof Area (Sloped)": 100.86,
    "Floor Area": 73.96,
    "Shared Wall Area": 114.26,
    "Absolute Height (70%)": 8.244100570678711,
    "Surfaces": [
        {
            "Type": "G",
            "Centroid": {
                "x": 94238.18634782611,
                "y": 434481.3755760869
            },
            "Distances": [
                5.898829904177641,
                5.280309936048488,
                6.333734342108442,
                4.23271663962146,
                3.98855170113534,
                3.5967230645937565,
                3.6481025173718176,
                3.409888392133677,
                4.437075336563012,
                4.693564527852864,
                4.905974075490919,
                6.369919207978524,
                5.353503275907343,
                6.0537177203712815,
                3.818753031616747,
                3.8943614617332885,
                4.8713772156762465,
                4.780517388242545,
                4.221861620503314,
                4.3232028358781465,
                4.247589610494611,
                3.744718074257757,
                3.5332397344260453
            ],
            "UnitPairs": [
                [
                    -0.9792362078474464,
                    -0.20272259183562358
                ],
                [
                    -0.6076059672560982,
                    -0.7942386219233999
                ],
                [
                    -0.24303953133561343,
                    -0.9700163845050068
                ],
                [
                    0.17309265804454252,
                    -0.984905544573222
                ],
                [
                    0.28272221557764415,
                    -0.9592018290322784
                ],
                [
                    0.4147253338952415,
                    -0.9099466453729474
                ],
                [
                    0.7334366732183693,
                    -0.6797577850811058
                ],
                [
                    0.7380453212799563,
                    -0.6747511420788899
                ],
                [
                    0.9843538463062058,
                    -0.1762030228519895
                ],
                [
                    0.9859568663494968,
                    -0.1670001727492539
                ],
                [
                    0.9932078928511818,
                    -0.11635326200032038
                ],
                [
                    0.9939925401186057,
                    0.10944784232026683
                ],
                [
                    0.8690855191661646,
                    0.4946618646870587
                ],
                [
                    0.33395217076081435,
                    0.9425900209763203
                ],
                [
                    -0.05403539437837974,
                    0.9985390208471439
                ],
                [
                    -0.0686499773391778,
                    0.9976408074108288
                ],
                [
                    -0.2086366506043975,
                    0.9779932249379739
                ],
                [
                    -0.917337490892999,
                    0.3981104467382601
                ],
                [
                    -0.9264509777164356,
                    0.3764154432117002
                ],
                [
                    -0.9373485306938926,
                    0.3483930711222607
                ],
                [
                    -0.940850739495014,
                    0.3388213186794555
                ],
                [
                    -0.9649185210878037,
                    0.26254951468575544
                ],
                [
                    -0.9751242726409898,
                    0.2216588660676146
                ]
            ]
        },
        {
            "Type": "F",
            "Centroid": {
                "x": 94238.275,
                "y": 434481.0597115385
            },
            "Distances": [
                5.930645606440619,
                5.090068240605664,
                6.05107591212935,
                3.9064112197056846,
                3.660512396049915,
                3.2729238519005315,
                1.906457427971534,
                3.3727286490720716,
                3.1361212204669946,
                2.024162163259237,
                1.888536613384572,
                2.484455319052946,
                4.304295663105852,
                4.563059171386849,
                4.790789223736371,
                6.324657771335465,
                6.324668863378665,
                4.139563215655085,
                4.216095368316064,
                5.198828307432102,
                4.9940772614714835,
                4.43048208885499,
                4.524124794381453,
                4.446052743859885,
                3.9233028081324552,
                3.700951437101325
            ],