{
    "Pand ID": "0599100000208789",
    "Archetype ID": "TI.1946",
    "Construction Year": 1938,
    "Number of Floors": 2,
    "Wall Area": 59.23,
    "Roof Area (Flat)": 3.98,
    "Roof Area (Sloped)": 51.39,
    "Floor Area": 47.86,
    "Shared Wall Area": 128.05,
    "Absolute Height (70%)": 6.921301364898682,
    "Surfaces": [
        {
            "Type": "G",
            "Centroid": {
                "x": 83924.70447727274,
                "y": 432057.08915909095
            },
            "Distances": [
                5.05997341809105,
                2.418704666679691,
                5.389582324107824,
                6.001720684427441,
                6.038924692877258,
                5.200053853818169,
                2.570783448104233,
                4.768707266294665,
                4.065059911283406,
                4.121239949179361,
                4.862709550601461
            ],
            "UnitPairs": [
                [
                    -0.9999513544165398,
                    -0.009863508530314464
                ],
                [
                    -0.33271001780960613,
                    -0.9430291851523639
                ],
                [
                    0.5871090813691114,
                    -0.8095078298410202
                ],
                [
                    0.6266990626577723,
                    -0.7792613713407521
                ],
                [
                    0.9987328926923417,
                    -0.0503250340723932
                ],
                [
                    0.9996574792110922,
                    0.026171057627170174
                ],
                [
                    0.5684153320417219,
                    0.8227417640425817
                ],
                [
                    -0.49588434363308426,
                    0.8683885753161341
                ],
                [
                    -0.7979531282483772,
                    0.602719507829827
                ],
                [
                    -0.7992078387438799,
                    0.6010547649676662
                ],
                [
                    -0.9973302378558835,
                    0.07302326107704983
                ]
            ]
        },
        {
            "Type": "F",
            "Centroid": {
                "x": 83924.4458409091,
                "y": 432057.5384318182
            },
            "Distances": [
                4.592056832226351,
                4.826971763438919,
                5.905370479136609,
                6.514400136029957,
                6.3348432674437465,
                5.465888736303445,
                2.3943762227010996,
                4.250310624537442,
                3.5936111548246603,
                3.6501812838310714,
                4.048658694313036
            ],
            "UnitPairs": [
                [
                    -0.9997896534880382,
                    -0.020509723992992827
                ],
                [
                    -0.9946382834597077,
                    -0.10341511048355563
                ],
                [
                    0.5796264777967086,
                    -0.8148822898044734
                ],
                [
                    0.6170804689548508,
                    -0.786900053904218
                ],
                [
                    0.9929068211095783,
                    -0.11889509911712848
                ],
                [
                    0.9983571481546013,
                    -0.057297510666796586
                ],
                [
                    0.7183119655931797,
                    0.6957211510983857
                ],
                [
                    -0.49551458590572633,
                    0.8685996172890457
                ],
                [
                    -0.8306660850274558,
                    0.55677091804903
                ],
                [
                    -0.8314904584428217,
                    0.5555390332987828
                ],
                [
                    -0.8375837938266273,
                    0.546308876295264
                ]
            ]
        },
        {
            "Type": "R",
            "Centroid": {
                "x": 83923.89975000001,
                "y": 432054.80825
            },
            "Distances": [
                0.0
            ],
            "UnitPairs": [
                [
                    0.0,
                    0.0
                ]
            ]
        }
    ]
}