{
    "Pand ID": "0599100000310193",
    "Archetype ID": "TI.1946",
    "Construction Year": 1921,
    "Number of Floors": 3,
    "Wall Area": 67.5,
    "Roof Area (Flat)": 27.44,
    "Roof Area (Sloped)": 23.61,
    "Floor Area": 43.67,
    "Shared Wall Area": 109.04,
    "Absolute Height (70%)": 5.241964817047119,
    "Surfaces": [
        {
            "Type": "G",
            "Centroid": {
                "x": 93952.81385,
                "y": 434038.97505
            },
            "Distances": [
                2.737209719779147,
                2.3884048337632167,
                3.173919540555608,
                4.776219556295789,
                4.764826528834165,
                3.1444748766586095,
                2.388957356255357,
                2.705777420611568,
                5.6022423948141435,
                5.600092557272231
            ],
            "UnitPairs": [
                [
                    -0.9826064771644333,
                    -0.18570005663569966
                ],
                [
                    -0.6835524601745921,
                    -0.7299013866196328
                ],
                [
                    -0.1362983511355542,
                    -0.9906678350878911
                ],
                [
                    0.18663296138012606,
                    -0.9824297113414702
                ],
                [
                    0.947022934137418,
                    -0.3211659418707962
                ],
                [
                    0.9999761878623876,
                    0.006900993276822014
                ],
                [
                    0.8201904462052753,
                    0.5720905802000165
                ],
                [
                    0.34090017640377407,
                    0.9400994999083213
                ],
                [
                    -0.2808875248703975,
                    0.9597406932980292
                ],
                [
                    -0.910984943165656,
                    0.4124396117317858
                ]
            ]
        },
        {
            "Type": "F",
            "Centroid": {
                "x": 93952.99524999999,
                "y": 434039.16875
            },
            "Distances": [
                2.955578623549303,
                3.3940005892644014,
                4.937316680140685,
                4.661516598705302,
                2.9679880390640148,
                2.1300734729213513,
                2.4640578320940496,
                5.472066702824736,
                5.691005622899259
            ],
            "UnitPairs": [
                [
                    -0.9713833958345021,
                    -0.23751694317886274
                ],
                [
                    -0.18090745238629208,
                    -0.9835001238795558
                ],
                [
                    0.14380280747682805,
                    -0.9896063624299222
                ],
                [
                    0.9290967667493638,
                    -0.36983671804713814
                ],
                [
                    0.9983193870746825,
                    -0.05795171603007236
                ],
                [
                    0.8347129911754708,
                    0.5506852298390599
                ],
                [
                    0.30072346125876054,
                    0.9537113818386308
                ],
                [
                    -0.3207197746847925,
                    0.9471741266135472
                ],
                [
                    -0.9283069373079281,
                    0.3718147793538797
                ]
            ]
        },
        {
            "Type": "R",
            "Centroid": {
                "x": 93951.18125,
                "y": 434037.23175000004
            },
            "Distances": [
                0.0
            ],
            "UnitPairs": [
                [
                    0.0,
                    0.0
                ]
            ]
        }
    ]
}