{
    "Pand ID": "0599100000273997",
    "Archetype ID": "TI.1946",
    "Construction Year": 1918,
    "Number of Floors": 3,
    "Wall Area": 46.32,
    "Roof Area (Flat)": 5.1,
    "Roof Area (Sloped)": 65.26,
    "Floor Area": 45.77,
    "Shared Wall Area": 122.89,
    "Absolute Height (70%)": 6.202620029449463,
    "Surfaces": [
        {
            "Type": "G",
            "Centroid": {
                "x": 94814.5111875,
                "y": 433362.547875
            },
            "Distances": [
                3.2924290258937914,
                4.303728429015148,
                4.166814267595314,
                4.354468783967324,
                2.5852563491181164,
                6.293194112728435,
                6.2514282080745955,
                2.5103505513372126
            ],
            "UnitPairs": [
                [
                    -0.6033539324237357,
                    -0.7974735307386787
                ],
                [
                    -0.4088315582688276,
                    -0.9126098602160084
                ],
                [
                    0.6555367781212201,
                    -0.7551632489273098
                ],
                [
                    0.7051376763353716,
                    -0.7090704178093689
                ],
                [
                    0.9041656549092704,
                    0.42718200861282796
                ],
                [
                    0.23207610854511576,
                    0.9726976302235735
                ],
                [
                    -0.5375571610427631,
                    0.8432273113530211
                ],
                [
                    -0.9932875704027153,
                    0.11567109614536823
                ]
            ]
        },
        {
            "Type": "F",
            "Centroid": {
                "x": 94814.51479861111,
                "y": 433361.88991666667
            },
            "Distances": [
                2.798616505644211,
                3.714738335519823,
                1.7181653041592677,
                3.69253836377825,
                3.9126829117491546,
                3.209388330650246,
                6.93411030188455,
                6.817201577307921,
                2.6711233614859804
            ],
            "UnitPairs": [
                [
                    -0.7111053290426469,
                    -0.7030854933840899
                ],
                [
                    -0.47462592297625056,
                    -0.8801876125230019
                ],
                [
                    -0.1682673433164486,
                    -0.9857413967026162
                ],
                [
                    0.7387570879850018,
                    -0.6739717834983303
                ],
                [
                    0.7838327199173277,
                    -0.6209720341424436
                ],
                [
                    0.8262910610008667,
                    -0.5632433599342844
                ],
                [
                    0.21010466021774338,
                    0.9776789001276373
                ],
                [
                    -0.49347390904567295,
                    0.8697605998728517
                ],
                [
                    -0.9348542815779658,
                    0.35503164959668787
                ]
            ]
        },
        {
            "Type": "R",
            "Centroid": {
                "x": 94816.84868750001,
                "y": 433363.65225
            },
            "Distances": [
                0.0
            ],
            "UnitPairs": [
                [
                    0.0,
                    0.0
                ]
            ]
        }
    ]
}