{
    "Pand ID": "0599100000202445",
    "Archetype ID": "TI.1946",
    "Construction Year": 1903,
    "Number of Floors": 4,
    "Wall Area": 121.33,
    "Roof Area (Flat)": 0.0,
    "Roof Area (Sloped)": 112.61,
    "Floor Area": 74.1,
    "Shared Wall Area": 254.79,
    "Absolute Height (70%)": 9.531006813049316,
    "Surfaces": [
        {
            "Type": "G",
            "Centroid": {
                "x": 91080.27417857142,
                "y": 436839.8984642857
            },
            "Distances": [
                8.366148037147541,
                6.591639107430093,
                6.791982015146497,
                6.789064282848685,
                5.9186656538790485,
                8.335359978992548,
                7.948611791251672
            ],
            "UnitPairs": [
                [
                    -0.949472628998759,
                    -0.31384984751021444
                ],
                [
                    0.9145785032095597,
                    -0.4044084092436275
                ],
                [
                    0.9196978753254711,
                    -0.3926268178841253
                ],
                [
                    0.9217133860974399,
                    0.3878716719338907
                ],
                [
                    0.8962444812358099,
                    0.4435604015851211
                ],
                [
                    -0.9534595496119967,
                    0.3015209565746439
                ],
                [
                    -0.9997253331916627,
                    0.023436257696550708
                ]
            ]
        },
        {
            "Type": "F",
            "Centroid": {
                "x": 91080.89175,
                "y": 436840.12325
            },
            "Distances": [
                8.564086539145663,
                9.023085461749133,
                6.134648421070269,
                6.32822354615933,
                4.6004598954919524,
                6.132737745070081,
                5.265963278438251,
                8.86546429973548
            ],
            "UnitPairs": [
                [
                    -0.9999898951106133,
                    -0.00449551739677482
                ],
                [
                    -0.9487885309624404,
                    -0.31591189201126035
                ],
                [
                    0.882039137142396,
                    -0.471176145989053
                ],
                [
                    0.889507135603185,
                    -0.45692127955591777
                ],
                [
                    0.9396886611793137,
                    0.34203102205944563
                ],
                [
                    0.9196545220824485,
                    0.3927283539716775
                ],
                [
                    0.8900555799889373,
                    0.4558520204304863
                ],
                [
                    -0.9661084530291192,
                    0.2581365084324223
                ]
            ]
        },
        {
            "Type": "R",
            "Centroid": {
                "x": 91083.30875,
                "y": 436839.95375
            },
            "Distances": [
                0.0
            ],
            "UnitPairs": [
                [
                    0.0,
                    0.0
                ]
            ]
        }
    ]
}