{
    "Pand ID": "0599100000125295",
    "Archetype ID": "TI.1946",
    "Construction Year": 1941,
    "Number of Floors": 2,
    "Wall Area": 57.46,
    "Roof Area (Flat)": 0.0,
    "Roof Area (Sloped)": 43.03,
    "Floor Area": 37.92,
    "Shared Wall Area": 99.58,
    "Absolute Height (70%)": 5.802354335784912,
    "Surfaces": [
        {
            "Type": "G",
            "Centroid": {
                "x": 94057.95047916665,
                "y": 433029.3704166666
            },
            "Distances": [
                4.5530254654202444,
                4.54092878406461,
                2.5338992788788195,
                4.497997430962904,
                4.485818753476391,
                2.5324587306185617
            ],
            "UnitPairs": [
                [
                    -0.995089243639928,
                    -0.09898180232808425
                ],
                [
                    -0.2864318575589294,
                    -0.9581006163109077
                ],
                [
                    0.6599841387837885,
                    -0.7512795328995866
                ],
                [
                    0.9958505761924124,
                    0.09100346090803395
                ],
                [
                    0.2785073142717309,
                    0.9604341080454959
                ],
                [
                    -0.6198192482604734,
                    0.7847446078093315
                ]
            ]
        },
        {
            "Type": "F",
            "Centroid": {
                "x": 94057.61601249999,
                "y": 433029.75115
            },
            "Distances": [
                4.277770494073661,
                4.829046324114514,
                4.813884959160519,
                4.234910176087686,
                2.0265444973647213
            ],
            "UnitPairs": [
                [
                    -0.9809315403443347,
                    -0.19435357768173678
                ],
                [
                    -0.20008091352746873,
                    -0.9797793772283705
                ],
                [
                    0.9999823512282282,
                    0.005941147369344432
                ],
                [
                    0.37398668074484803,
                    0.9274340745440892
                ],
                [
                    -0.6095104260487542,
                    0.7927780525076776
                ]
            ]
        },
        {
            "Type": "R",
            "Centroid": {
                "x": 94059.62281249999,
                "y": 433027.46674999996
            },
            "Distances": [
                0.0
            ],
            "UnitPairs": [
                [
                    0.0,
                    0.0
                ]
            ]
        }
    ]
}