{
    "Pand ID": "0599100000310148",
    "Archetype ID": "TI.1946",
    "Construction Year": 1919,
    "Number of Floors": 2,
    "Wall Area": 37.54,
    "Roof Area (Flat)": 0.0,
    "Roof Area (Sloped)": 56.63,
    "Floor Area": 38.6,
    "Shared Wall Area": 93.31,
    "Absolute Height (70%)": 5.214872360229492,
    "Surfaces": [
        {
            "Type": "G",
            "Centroid": {
                "x": 94076.54233333333,
                "y": 434121.1499166666
            },
            "Distances": [
                2.5123353083074256,
                3.665761999162154,
                2.8474821102090835,
                5.0419462381087365,
                2.8926898153836484,
                5.483309435726444,
                3.61060491719138,
                2.538757478565475,
                5.383071090761518,
                5.139167980808973,
                5.049465602248853,
                5.232899550113109
            ],
            "UnitPairs": [
                [
                    -0.9664646774272093,
                    -0.2567995858359594
                ],
                [
                    0.03762291897438181,
                    -0.9992920073571323
                ],
                [
                    0.6679292768339004,
                    -0.7442247517706885
                ],
                [
                    0.7312487068596547,
                    -0.6821109357839698
                ],
                [
                    0.7805595521031448,
                    -0.6250814231926414
                ],
                [
                    0.9041832719421279,
                    -0.42714471873128423
                ],
                [
                    0.9823607810938713,
                    -0.18699544317613553
                ],
                [
                    0.3926789679941755,
                    0.9196756102534357
                ],
                [
                    -0.26417695574910244,
                    0.9644742277796421
                ],
                [
                    -0.8661097185293236,
                    0.49985393413381846
                ],
                [
                    -0.8719899649137461,
                    0.4895237492601599
                ],
                [
                    -0.9138496329889604,
                    0.40605276539625035
                ]
            ]
        },
        {
            "Type": "F",
            "Centroid": {
                "x": 94076.05425,
                "y": 434121.1399166666
            },
            "Distances": [
                2.041332088227212,
                3.7064137240948867,
                3.1875827875728886,
                5.4027593901279545,
                3.282364903698356,
                5.924349530615371,
                4.089458606515495,
                5.285019018699276,
                4.728186794262308,
                4.63537719012722,
                4.905534360437242,
                4.795409196446091
            ],
            "UnitPairs": [
                [
                    -0.9503598219959962,
                    -0.31115303105664666
                ],
                [
                    0.16889641756242743,
                    -0.985633806306672
                ],
                [
                    0.7497844477379765,
                    -0.6616821608070278
                ],
                [
                    0.7727532726390826,
                    -0.6347065303158521
                ],
                [
                    0.8365919331227221,
                    -0.547826557802729
                ],
                [
                    0.9192570377309576,
                    -0.3936578445580692
                ],
                [
                    0.9866831745343413,
                    -0.16265396733813417
                ],
                [
                    -0.17672594870590524,
                    0.9842600972578324
                ],
                [
                    -0.8381648552490581,
                    0.5454169739065016
                ],
                [
                    -0.8445914624481078,
                    0.5354113013000066
                ],
                [
                    -0.8912382788025849,
                    0.45353536840802844
                ],
                [
                    -0.895439747496684,
                    0.44518272496029626
                ]
            ]
        },
        {
            "Type": "R",
            "Centroid": {
                "x": 94077.53925,
                "y": 434123.48475
            },
            "Distances": [
                0.0
            ],
            "UnitPairs": [
                [
                    0.0,
                    0.0
                ]
            ]
        }
    ]
}