{
    "Pand ID": "0599100000067581",
    "Archetype ID": "TI.1946",
    "Construction Year": 1931,
    "Number of Floors": 3,
    "Wall Area": 72.77,
    "Roof Area (Flat)": 2.34,
    "Roof Area (Sloped)": 74.79,
    "Floor Area": 58.29,
    "Shared Wall Area": 156.41,
    "Absolute Height (70%)": 4.100868225097656,
    "Surfaces": [
        {
            "Type": "G",
            "Centroid": {
                "x": 92243.01659615384,
                "y": 442006.6097884616
            },
            "Distances": [
                4.908933928420207,
                4.81970314341757,
                5.067094510196348,
                4.574972089702737,
                3.5248999994442793,
                3.392545482688224,
                4.38673402325398,
                3.178406423136227,
                6.53436267904836,
                7.232245316182238,
                7.053317495867916,
                6.423808719696231,
                2.751425100305011
            ],
            "UnitPairs": [
                [
                    -0.9419247073331716,
                    -0.33582412914398974
                ],
                [
                    -0.9352953946981294,
                    -0.3538679480490855
                ],
                [
                    -0.9255493743828984,
                    -0.378626934566765
                ],
                [
                    -0.4452149901482549,
                    -0.8954237055982431
                ],
                [
                    -0.3840807268445761,
                    -0.923299515469678
                ],
                [
                    -0.37312577246115003,
                    -0.9277807704006751
                ],
                [
                    0.05725303718519514,
                    -0.9983596995737911
                ],
                [
                    0.948951595428193,
                    -0.31542173281859837
                ],
                [
                    0.9157976286424739,
                    0.40164001714572906
                ],
                [
                    0.8951789607671436,
                    0.4457068859686338
                ],
                [
                    0.31533442914714194,
                    0.9489806098095187
                ],
                [
                    0.27914184939195946,
                    0.9602498778536952
                ],
                [
                    -0.4597058279755184,
                    0.8880712537433824
                ]
            ]
        },
        {
            "Type": "F",
            "Centroid": {
                "x": 92242.41667307694,
                "y": 442006.5451730769
            },
            "Distances": [
                4.324438604318212,
                4.238453883147855,
                4.545091411057182,
                4.4904901236165795,
                4.280321439685292,
                3.2778055528675614,
                3.154024134704468,
                4.39805560315606,
                7.112046374103375,
                7.800898292228635,
                7.324412206156553,
                6.6766806939697085,
                2.5947201294852484
            ],
            "UnitPairs": [
                [
                    -0.9305076207853885,
                    -0.3662725319489784
                ],
                [
                    -0.9220161843638426,
                    -0.38715133445610217
                ],
                [
                    -0.9203166006210939,
                    -0.39117432766125393
                ],
                [
                    -0.9107965866427132,
                    -0.4128553957016701
                ],
                [
                    -0.33570447855026986,
                    -0.9419673577578427
                ],
                [
                    -0.23000848121481396,
                    -0.9731886243525736
                ],
                [
                    -0.2111344265257413,
                    -0.9774570343169292
                ],
                [
                    0.19351208803559428,
                    -0.9810978910303011
                ],
                [
                    0.925764059560268,
                    0.3781017138634692
                ],
                [
                    0.9068285033415712,
                    0.421499781171101
                ],
                [
                    0.38557045174051324,
                    0.9226783983298928
                ],
                [
                    0.35842314957880955,
                    0.9335592353171845
                ],
                [
                    -0.25626003721326035,
                    0.9666078798186255
                ]
            ]
        },
        {
            "Type": "R",
            "Centroid": {
                "x": 92246.03275,
                "y": 442005.60725
            },
            "Distances": [
                0.0
            ],
            "UnitPairs": [
                [
                    0.0,
                    0.0
                ]
            ]
        }
    ]
}