{
    "Pand ID": "0599100000199053",
    "Archetype ID": "TI.1946",
    "Construction Year": 1913,
    "Number of Floors": 3,
    "Wall Area": 107.36,
    "Roof Area (Flat)": 0.0,
    "Roof Area (Sloped)": 94.39,
    "Floor Area": 67.92,
    "Shared Wall Area": 221.02,
    "Absolute Height (70%)": 8.407190322875977,
    "Surfaces": [
        {
            "Type": "G",
            "Centroid": {
                "x": 92144.90062500001,
                "y": 439279.61275000003
            },
            "Distances": [
                7.2741358636465465,
                5.7194140051866285,
                6.5895938465534,
                6.395392056982451,
                6.433109633937131,
                6.563083921629145,
                5.990638451990587,
                7.322287795661031
            ],
            "UnitPairs": [
                [
                    -0.8722685579363029,
                    -0.48902715960948695
                ],
                [
                    -0.8133700403193779,
                    -0.5817466609365742
                ],
                [
                    0.9603019772309397,
                    -0.2789625647400522
                ],
                [
                    0.9783606609647071,
                    -0.20690678354442962
                ],
                [
                    0.8770253145117917,
                    0.48044416710528703
                ],
                [
                    0.8524955747629345,
                    0.5227344402367361
                ],
                [
                    -0.9504829987046078,
                    0.3107765582753891
                ],
                [
                    -0.9738759522992413,
                    0.22708066745816569
                ]
            ]
        },
        {
            "Type": "F",
            "Centroid": {
                "x": 92144.51547115386,
                "y": 439279.29996153846
            },
            "Distances": [
                4.2725421461513715,
                4.79049893080879,
                4.777248194692494,
                6.7857421740178685,
                5.224265926190095,
                6.884291355489665,
                6.627705300033538,
                6.718574271117593,
                4.0993482791181295,
                6.92175249082303,
                7.055233535230917,
                5.736938644092709,
                7.0291672724838
            ],
            "UnitPairs": [
                [
                    -0.9925814676112859,
                    -0.12158137256432765
                ],
                [
                    -0.992348860218133,
                    -0.12346554022792124
                ],
                [
                    -0.9791926153345826,
                    -0.20293304825537933
                ],
                [
                    -0.8782895077696452,
                    -0.47812920904474604
                ],
                [
                    -0.8167360188281435,
                    -0.5770115038270505
                ],
                [
                    0.9751408677360388,
                    -0.22158584808377352
                ],
                [
                    0.9870918440059039,
                    -0.16015521064587399
                ],
                [
                    0.9886254997131628,
                    -0.15039820915456137
                ],
                [
                    0.987755509030979,
                    0.1560097893689738
                ],
                [
                    0.8707554703999149,
                    0.4917162909327114
                ],
                [
                    0.8476195460107789,
                    0.5306044715421093
                ],
                [
                    -0.9253796289635744,
                    0.37904161024778993
                ],
                [
                    -0.9596935017138909,
                    0.28104871956322824
                ]
            ]
        },
        {
            "Type": "R",
            "Centroid": {
                "x": 92139.761625,
                "y": 439278.7085
            },
            "Distances": [
                0.0
            ],
            "UnitPairs": [
                [
                    0.0,
                    0.0
                ]
            ]
        }
    ]
}