{
    "Pand ID": "0599100000152476",
    "Archetype ID": "TI.1946",
    "Construction Year": 1922,
    "Number of Floors": 3,
    "Wall Area": 111.27,
    "Roof Area (Flat)": 17.5,
    "Roof Area (Sloped)": 56.06,
    "Floor Area": 66.4,
    "Shared Wall Area": 122.72,
    "Absolute Height (70%)": 3.2709548473358154,
    "Surfaces": [
        {
            "Type": "G",
            "Centroid": {
                "x": 94222.293125,
                "y": 441454.14885
            },
            "Distances": [
                3.70390434845019,
                4.691694920012959,
                4.323599186139297,
                4.760472752006689,
                4.38319908545145,
                3.9768575436799467,
                4.020257631379189,
                3.6518820794909583,
                5.227390622734933,
                4.552984089893684,
                3.7878070598370823,
                4.282849474659787,
                5.265841473366952,
                7.415531830053486,
                6.800519408270925,
                6.575529417672033,
                6.682544786424317,
                4.696609779664412,
                3.582026747869422,
                2.683903523319319
            ],
            "UnitPairs": [
                [
                    -0.9978659415281005,
                    -0.0652959626488308
                ],
                [
                    -0.964683355836257,
                    -0.26341226807515555
                ],
                [
                    -0.9147471423036236,
                    -0.40402681303021754
                ],
                [
                    -0.8885672117780419,
                    -0.45874645519393
                ],
                [
                    -0.594086636090791,
                    -0.8044010621688212
                ],
                [
                    -0.559235520900623,
                    -0.8290088251418128
                ],
                [
                    -0.5041965430687905,
                    -0.8635889334385206
                ],
                [
                    -0.49125354021411355,
                    -0.871016623967132
                ],
                [
                    0.11803212052481209,
                    -0.9930097776580129
                ],
                [
                    0.28596629689540526,
                    -0.9582396761979378
                ],
                [
                    0.7444940978932216,
                    -0.667629042359721
                ],
                [
                    0.9792545885204846,
                    -0.20263378509413565
                ],
                [
                    0.9969916539583424,
                    0.07750897972111964
                ],
                [
                    0.9414024725403906,
                    0.3372853164530575
                ],
                [
                    0.3280631766598494,
                    0.9446557849925276
                ],
                [
                    0.3120661272529252,
                    0.9500603834606309
                ],
                [
                    0.2795342283073179,
                    0.9601357274909794
                ],
                [
                    0.0885745291876719,
                    0.9960695521795565
                ],
                [
                    -0.1487984421983548,
                    0.988867546034019
                ],
                [
                    -0.7980912806222743,
                    0.6025365613759036
                ]
            ]
        },
        {
            "Type": "F",
            "Centroid": {
                "x": 94221.93144318182,
                "y": 441454.31636363635
            },
            "Distances": [
                3.3593535575125824,
                4.394425493197964,
                4.863994043140195,
                4.07145228240364,
                4.526897006369842,
                4.320755232486198,
                3.933197734090039,
                4.401348383989774,
                4.002280890251092,
                3.641850410878388,
                5.447006421947718,
                4.826181914310887,
                4.671853453185717,
                5.616838851891038,
                7.704598299768259,
                6.772554731935226,
                6.541241337376677,
                6.858451326418619,
                6.634526163602276,
                4.577185752770974,
                3.37898217016024,
                2.2958611489684615
            ],
            "UnitPairs": [
                [
                    -0.9925475615281356,
                    -0.12185786024935713
                ],
                [
                    -0.9476365427671,
                    -0.3193508772689032
                ],
                [
                    -0.9274925383961851,
                    -0.3738416659755857
                ],
                [
                    -0.8825642381566938,
                    -0.47019183906879386
                ],
                [
                    -0.8545187081518493,
                    -0.519420617051821
                ],
                [
                    -0.5189644081100936,
                    -0.8547958487936989
                ],
                [
                    -0.4734870473635082,
                    -0.8808007810958088
                ],
                [
                    -0.4367566513937815,
                    -0.8995796948927264
                ],
                [
                    -0.4160922802463621,
                    -0.9093223929494879
                ],
                [
                    -0.3932940731282407,
                    -0.9194127321514522
                ],
                [
                    0.17967333657727963,
                    -0.9837263298922052
                ],
                [
                    0.344720080536881,
                    -0.9387055268158627
                ],
                [
                    0.9751337159501304,
                    -0.22161731885683109
                ],
                [
                    0.9990818619091313,
                    0.042841956119946484
                ],
                [
                    0.9530259116054718,
                    0.30288877795085034
                ],
                [
                    0.3828218332389565,
                    0.9238221928464182
                ],
                [
                    0.36899446048490836,
                    0.9294315941108583
                ],
                [
                    0.3472623344290827,
                    0.9377680262660184
                ],
                [
                    0.33607250362667646,
                    0.9418361175417397
                ],
                [
                    0.1699039235446115,
                    0.9854606317677773
                ],
                [
                    -0.050701120394308255,
                    0.9987138711316479
                ],
                [
                    -0.7754468002632298,
                    0.6314129076614752
                ]
            ]
        },
        {
            "Type": "R",
            "Centroid": {
                "x": 94225.113125,
                "y": 441451.62
            },
            "Distances": [
                0.0
            ],
            "UnitPairs": [
                [
                    0.0,
                    0.0
                ]
            ]
        }
    ]
}