{
    "Pand ID": "0599100000244959",
    "Archetype ID": "TI.1946",
    "Construction Year": 1918,
    "Number of Floors": 3,
    "Wall Area": 125.68,
    "Roof Area (Flat)": 0.0,
    "Roof Area (Sloped)": 65.97,
    "Floor Area": 48.04,
    "Shared Wall Area": 81.2,
    "Absolute Height (70%)": 6.429836750030518,
    "Surfaces": [
        {
            "Type": "G",
            "Centroid": {
                "x": 94616.49935227273,
                "y": 433570.62427272723
            },
            "Distances": [
                3.5568080894538765,
                6.884802041348942,
                6.929760271578514,
                3.770791605287371,
                3.2101036465270565,
                2.8079366516620974,
                7.341522814780442,
                1.5199814184432372,
                7.675653781084832,
                1.1245092115833375,
                3.1464361316565905
            ],
            "UnitPairs": [
                [
                    0.037750905838702636,
                    -0.9992871804983577
                ],
                [
                    0.3807332021345142,
                    -0.9246849348791182
                ],
                [
                    0.878136109878169,
                    -0.47841088253512404
                ],
                [
                    0.9942932730636184,
                    -0.10668124080847875
                ],
                [
                    0.996002957949665,
                    0.08932025389304503
                ],
                [
                    0.44561999877348213,
                    0.8952222163759799
                ],
                [
                    -0.6970934235105863,
                    0.7169803057952779
                ],
                [
                    -0.8228569491454686,
                    0.5682485734632439
                ],
                [
                    -0.8531816910334473,
                    0.5216138438397769
                ],
                [
                    -0.8703594978543335,
                    0.4924168401819259
                ],
                [
                    -0.9988212508467209,
                    0.048539765728647544
                ]
            ]
        },
        {
            "Type": "F",
            "Centroid": {
                "x": 94617.05371590909,
                "y": 433570.65772727266
            },
            "Distances": [
                6.725222847967013,
                6.465673183739475,
                6.527273194463933,
                3.224484820141069,
                2.6550170502654473,
                2.576322006831123,
                7.715462920860946,
                8.13738078204798,
                1.9868834872217223,
                1.6189661658874945,
                3.6990143516267775
            ],
            "UnitPairs": [
                [
                    0.30733689241712775,
                    -0.9516007747786793
                ],
                [
                    0.8554266406201525,
                    -0.5179239929925246
                ],
                [
                    0.869874589549424,
                    -0.4932729451898019
                ],
                [
                    0.9908277660193932,
                    -0.13513081841319047
                ],
                [
                    0.9954395926171329,
                    0.0953940116057426
                ],
                [
                    0.2705054294702479,
                    0.9627184493023475
                ],
                [
                    -0.7351588579031908,
                    0.6778948691696052
                ],
                [
                    -0.8728964637812773,
                    0.4879054862554234
                ],
                [
                    -0.9085036544444058,
                    0.41787690754713847
                ],
                [
                    -0.9469567316399121,
                    0.32136108725521745
                ],
                [
                    -0.9994800121450724,
                    0.032244461888607856
                ]
            ]
        },
        {
            "Type": "R",
            "Centroid": {
                "x": 94616.633625,
                "y": 433567.06999999995
            },
            "Distances": [
                0.0
            ],
            "UnitPairs": [
                [
                    0.0,
                    0.0
                ]
            ]
        }
    ]
}