{
    "Pand ID": "0599100000242218",
    "Archetype ID": "TI.1946",
    "Construction Year": 1921,
    "Number of Floors": 3,
    "Wall Area": 51.86,
    "Roof Area (Flat)": 0.0,
    "Roof Area (Sloped)": 58.17,
    "Floor Area": 43.01,
    "Shared Wall Area": 125.82,
    "Absolute Height (70%)": 6.436775207519531,
    "Surfaces": [
        {
            "Type": "G",
            "Centroid": {
                "x": 94162.0894375,
                "y": 433701.1291875
            },
            "Distances": [
                6.749317273921682,
                5.303458568601145,
                3.230634696003524,
                2.606538492723477,
                3.4841146348671046,
                3.6896383852515036,
                4.051276161775793,
                3.1580508290815046,
                2.728735749223237,
                4.5309744304111295,
                3.83342371961656,
                2.895937139177179,
                2.1794031669327962,
                2.8485225844299316,
                5.047344949484773,
                6.575279017966996
            ],
            "UnitPairs": [
                [
                    -0.8291857195138428,
                    -0.5589732037891538
                ],
                [
                    -0.7614724330852287,
                    -0.6481972953131337
                ],
                [
                    -0.45205900308443975,
                    -0.8919880367641163
                ],
                [
                    0.4671185571951181,
                    -0.8841946920921608
                ],
                [
                    0.8299274860409094,
                    -0.5578712825677766
                ],
                [
                    0.8598573000210202,
                    -0.5105344489851407
                ],
                [
                    0.9605769502239538,
                    0.27801424909246597
                ],
                [
                    0.9542476239602186,
                    0.2990175114709463
                ],
                [
                    0.9493636387249397,
                    0.3141793778511601
                ],
                [
                    0.777881789916748,
                    0.6284106308107116
                ],
                [
                    0.7156950811237156,
                    0.6984128799322921
                ],
                [
                    0.5475127476169063,
                    0.8367973417721796
                ],
                [
                    0.15718179416828007,
                    0.9875696854308765
                ],
                [
                    -0.8377807896071667,
                    0.5460067294138345
                ],
                [
                    -0.9804040638252871,
                    0.19699713610827546
                ],
                [
                    -0.9951573890817539,
                    0.09829430785140492
                ]
            ]
        },
        {
            "Type": "F",
            "Centroid": {
                "x": 94162.24853333335,
                "y": 433701.02550000005
            },
            "Distances": [
                6.825520123156849,
                5.360488978134955,
                3.2156138166904986,
                2.442284316921181,
                3.294233459314546,
                3.499911620476748,
                3.929911884189198,
                3.0407702890801356,
                2.6144886978133006,
                4.4760213230088235,
                3.7965021995002743,
                2.901816009122242,
                2.2634478163817673,
                5.224222502064459,
                6.7443645426756555
            ],
            "UnitPairs": [
                [
                    -0.8432373254335885,
                    -0.5375414523509869
                ],
                [
                    -0.7830504549978206,
                    -0.6219581858354356
                ],
                [
                    -0.5036467143346635,
                    -0.863909710062283
                ],
                [
                    0.4333920745103514,
                    -0.9012054758775127
                ],
                [
                    0.8294696476133173,
                    -0.5585517914108228
                ],
                [
                    0.8610122178587548,
                    -0.5085842709895266
                ],
                [
                    0.9497583601479914,
                    0.3129841167359746
                ],
                [
                    0.9387314381844241,
                    0.34464951322205994
                ],
                [
                    0.9299970080938041,
                    0.36756708902807483
                ],
                [
                    0.7518879879671725,
                    0.6592908717331655
                ],
                [
                    0.68074941902912,
                    0.7325163673881393
                ],
                [
                    0.4915772268718943,
                    0.8708339853387316
                ],
                [
                    0.0810562829532548,
                    0.9967095258869567
                ],
                [
                    -0.9776638210421791,
                    0.2101748153923445
                ],
                [
                    -0.9937976055317105,
                    0.11120395334446867
                ]
            ]
        },
        {
            "Type": "R",
            "Centroid": {
                "x": 94159.70300000001,
                "y": 433702.6845
            },
            "Distances": [
                0.0
            ],
            "UnitPairs": [
                [
                    0.0,
                    0.0
                ]
            ]
        }
    ]
}