{
    "Pand ID": "0599100000308813",
    "Archetype ID": "TI.1946",
    "Construction Year": 1920,
    "Number of Floors": 2,
    "Wall Area": 74.75,
    "Roof Area (Flat)": 0.0,
    "Roof Area (Sloped)": 45.94,
    "Floor Area": 33.77,
    "Shared Wall Area": 69.63,
    "Absolute Height (70%)": 5.685342788696289,
    "Surfaces": [
        {
            "Type": "G",
            "Centroid": {
                "x": 94295.07025,
                "y": 434072.12325
            },
            "Distances": [
                4.083816184041418,
                3.8114963105124025,
                3.603183609684708,
                4.511457926774108,
                4.550338792329782,
                3.6143597807734573,
                3.7588270278060887,
                4.05143346543322
            ],
            "UnitPairs": [
                [
                    -0.976843672736241,
                    -0.21395429192977558
                ],
                [
                    -0.9332948821665784,
                    -0.3591109340046229
                ],
                [
                    -0.6672571426918479,
                    -0.7448274333875673
                ],
                [
                    -0.19511430989480527,
                    -0.9807805086125406
                ],
                [
                    0.9978927300213714,
                    0.06488527853445915
                ],
                [
                    0.832720089463082,
                    0.5536941868979633
                ],
                [
                    0.5027499233198512,
                    0.8644319028135667
                ],
                [
                    0.3432735627702636,
                    0.9392354662719087
                ]
            ]
        },
        {
            "Type": "F",
            "Centroid": {
                "x": 94295.41371428572,
                "y": 434072.5066428571
            },
            "Distances": [
                4.5114101171216285,
                4.2761637632976885,
                4.961422617291998,
                4.198211110769121,
                3.1187403298330527,
                3.2563993418642676,
                3.5785351295783174
            ],
            "UnitPairs": [
                [
                    -0.9603902489983387,
                    -0.27865851795505703
                ],
                [
                    -0.9121994623300435,
                    -0.4097464349140573
                ],
                [
                    -0.24664584739351278,
                    -0.969105683588501
                ],
                [
                    0.9997795736179211,
                    -0.02099533701486567
                ],
                [
                    0.8549239219357581,
                    0.518753397773915
                ],
                [
                    0.47484523608812396,
                    0.8800693164543426
                ],
                [
                    0.2926576591724,
                    0.9562172841607348
                ]
            ]
        },
        {
            "Type": "R",
            "Centroid": {
                "x": 94292.66600000001,
                "y": 434069.4395
            },
            "Distances": [
                0.0
            ],
            "UnitPairs": [
                [
                    0.0,
                    0.0
                ]
            ]
        }
    ]
}