{
    "Pand ID": "0599100000683869",
    "Archetype ID": "TI.1946",
    "Construction Year": 1927,
    "Number of Floors": 3,
    "Wall Area": 88.97,
    "Roof Area (Flat)": 0.0,
    "Roof Area (Sloped)": 53.04,
    "Floor Area": 45.23,
    "Shared Wall Area": 153.59,
    "Absolute Height (70%)": 8.449995994567871,
    "Surfaces": [
        {
            "Type": "G",
            "Centroid": {
                "x": 94664.03577777777,
                "y": 434133.3568333334
            },
            "Distances": [
                5.389961352622689,
                5.483495138924507,
                3.264211959458209,
                2.7726742294944575,
                4.777714614578882,
                4.0369436244681225,
                4.679292793683684,
                2.573047683696803,
                3.096166167724694
            ],
            "UnitPairs": [
                [
                    -0.9786299813082787,
                    -0.20562918004154523
                ],
                [
                    -0.3597664861175332,
                    -0.9330423760294293
                ],
                [
                    0.08523411643788482,
                    -0.9963609513600244
                ],
                [
                    0.8112104185588022,
                    -0.5847543559663777
                ],
                [
                    0.9955015328290836,
                    0.09474543859703656
                ],
                [
                    0.6361798581129218,
                    0.771540788378309
                ],
                [
                    0.31654830922824045,
                    0.9485763901366838
                ],
                [
                    -0.42120392273733864,
                    0.9069659615832768
                ],
                [
                    -0.9695144301555303,
                    0.24503422152874318
                ]
            ]
        },
        {
            "Type": "F",
            "Centroid": {
                "x": 94663.6785,
                "y": 434134.39125000004
            },
            "Distances": [
                2.6588377747597436,
                5.364064113403696,
                6.359368350148168,
                3.7211356213835796,
                5.146485724509798,
                3.5897061596294786,
                3.8689792338861495,
                1.4383649788693216,
                1.4009505031757155,
                1.4001454611616126,
                1.4118756363301441,
                1.488574086983219
            ],
            "UnitPairs": [
                [
                    -0.9946075029845846,
                    -0.10371072753948649
                ],
                [
                    -0.9167489232106867,
                    -0.39946390549340816
                ],
                [
                    -0.25403466367257116,
                    -0.9671951145724237
                ],
                [
                    0.7004582109371827,
                    -0.7136934178838146
                ],
                [
                    0.9935906313028415,
                    -0.11303830053225665
                ],
                [
                    0.8149692119367004,
                    0.5795042567533681
                ],
                [
                    0.4751899374118278,
                    0.8798832441764891
                ],
                [
                    -0.39524043503953793,
                    0.9185777041218435
                ],
                [
                    -0.47574842828582603,
                    0.8795813964514974
                ],
                [
                    -0.4774503925079004,
                    0.8786587066057286
                ],
                [
                    -0.4791498504498653,
                    0.8777331147984971
                ],
                [
                    -0.48805095180858504,
                    0.8728151399000444
                ]
            ]
        },
        {
            "Type": "R",
            "Centroid": {
                "x": 94664.314,
                "y": 434130.1045
            },
            "Distances": [
                0.0
            ],
            "UnitPairs": [
                [
                    0.0,
                    0.0
                ]
            ]
        }
    ]
}