{
    "Pand ID": "0599100000654816",
    "Archetype ID": "TI.1946",
    "Construction Year": 1925,
    "Number of Floors": 2,
    "Wall Area": 70.5,
    "Roof Area (Flat)": 48.33,
    "Roof Area (Sloped)": 0.0,
    "Floor Area": 48.33,
    "Shared Wall Area": 103.32,
    "Absolute Height (70%)": 4.904406547546387,
    "Surfaces": [
        {
            "Type": "G",
            "Centroid": {
                "x": 93648.7295,
                "y": 434164.68700000003
            },
            "Distances": [
                5.115748246856683,
                5.146227465360407,
                5.111059687083335,
                5.142378547409048
            ],
            "UnitPairs": [
                [
                    0.13736993418871574,
                    -0.9905198136236286
                ],
                [
                    0.9645415080116884,
                    -0.26393120187378
                ],
                [
                    -0.13857204637737464,
                    0.9903523554587966
                ],
                [
                    -0.9641938947676698,
                    0.2651982905162699
                ]
            ]
        },
        {
            "Type": "F",
            "Centroid": {
                "x": 93648.7295,
                "y": 434164.68700000003
            },
            "Distances": [
                5.115748246856683,
                5.146227465360407,
                5.111059687083335,
                5.142378547409048
            ],
            "UnitPairs": [
                [
                    0.13736993418871574,
                    -0.9905198136236286
                ],
                [
                    0.9645415080116884,
                    -0.26393120187378
                ],
                [
                    -0.13857204637737464,
                    0.9903523554587966
                ],
                [
                    -0.9641938947676698,
                    0.2651982905162699
                ]
            ]
        },
        {
            "Type": "R",
            "Centroid": {
                "x": 93653.69325000001,
                "y": 434163.32875
            },
            "Distances": [
                0.0
            ],
            "UnitPairs": [
                [
                    0.0,
                    0.0
                ]
            ]
        }
    ]
}