{
    "Pand ID": "0599100000216459",
    "Archetype ID": "TI.1946",
    "Construction Year": 1922,
    "Number of Floors": 2,
    "Wall Area": 61.14,
    "Roof Area (Flat)": 0.0,
    "Roof Area (Sloped)": 70.43,
    "Floor Area": 46.54,
    "Shared Wall Area": 132.23,
    "Absolute Height (70%)": 6.314108371734619,
    "Surfaces": [
        {
            "Type": "G",
            "Centroid": {
                "x": 94604.44950568183,
                "y": 433180.16961363633
            },
            "Distances": [
                7.047067970685378,
                7.057021350872194,
                3.3648452188516647,
                2.9256109822915772,
                5.95688646417726,
                1.4563185159388599,
                1.8660385803835473,
                5.529338443255357,
                2.810219335024203,
                2.453552449046294,
                3.4092890730595817
            ],
            "UnitPairs": [
                [
                    -0.9959912705567927,
                    -0.08945048336742405
                ],
                [
                    -0.7209583093010389,
                    -0.6929784385172365
                ],
                [
                    -0.3800526023167856,
                    -0.9249648747234887
                ],
                [
                    0.897310624709567,
                    -0.44139964066968457
                ],
                [
                    0.9990423443465962,
                    0.0437537907209985
                ],
                [
                    0.9415397821076499,
                    0.3369018235460877
                ],
                [
                    0.9352335136682234,
                    0.3540314603418586
                ],
                [
                    0.9189493228400223,
                    0.39437563572292905
                ],
                [
                    0.11784909955434518,
                    0.9930315149753456
                ],
                [
                    -0.2065650489833895,
                    0.9784328697148771
                ],
                [
                    -0.9423718883840164,
                    0.33456721893147695
                ]
            ]
        },
        {
            "Type": "F",
            "Centroid": {
                "x": 94605.06304464287,
                "y": 433180.10910714284
            },
            "Distances": [
                7.653601290860473,
                7.472147836503184,
                3.590939650892305,
                2.3583291311253722,
                2.1284488327411197,
                5.347295017582028,
                0.2348528523297859,
                1.3293801474948939,
                4.9982550960552485,
                1.3418876914732207,
                0.9368997534332241,
                2.8650900767846825,
                1.0880193036636003,
                2.7041494579921683
            ],
            "UnitPairs": [
                [
                    -0.9972242938732406,
                    -0.07445607906018616
                ],
                [
                    -0.7630144996618432,
                    -0.6463813683157854
                ],
                [
                    -0.5269810486484203,
                    -0.8498770348499901
                ],
                [
                    0.8529949575675377,
                    -0.5219191530920805
                ],
                [
                    0.8901519397561424,
                    -0.45566382800083766
                ],
                [
                    0.9981949452172013,
                    0.0600570673845158
                ],
                [
                    0.9905898729000673,
                    0.13686381445739598
                ],
                [
                    0.932496892986835,
                    0.3611779956889664
                ],
                [
                    0.8938405045925211,
                    0.44838504920412703
                ],
                [
                    0.8433215866877202,
                    0.5374092494798596
                ],
                [
                    0.8086701425178247,
                    0.5882623569464572
                ],
                [
                    -0.09855087808503019,
                    0.9951320135683855
                ],
                [
                    -0.40840924547456525,
                    0.9127989308773846
                ],
                [
                    -0.41431036274713845,
                    0.9101356620418379
                ]
            ]
        },
        {
            "Type": "R",
            "Centroid": {
                "x": 94601.2366875,
                "y": 433181.31025000004
            },
            "Distances": [
                0.0
            ],
            "UnitPairs": [
                [
                    0.0,
                    0.0
                ]
            ]
        }
    ]
}