{
    "Pand ID": "0599100000144706",
    "Archetype ID": "TI.1946",
    "Construction Year": 1935,
    "Number of Floors": 3,
    "Wall Area": 62.93,
    "Roof Area (Flat)": 0.0,
    "Roof Area (Sloped)": 75.3,
    "Floor Area": 55.35,
    "Shared Wall Area": 168.09,
    "Absolute Height (70%)": 3.861769676208496,
    "Surfaces": [
        {
            "Type": "G",
            "Centroid": {
                "x": 94097.41169642858,
                "y": 441893.5160357143
            },
            "Distances": [
                5.459799608538153,
                5.634785309103871,
                3.4896143945299047,
                2.7428793618713767,
                2.5443360165878475,
                2.5660831842015996,
                3.166232289044869,
                6.144859156323481,
                5.957483581365352,
                2.8000471515559338,
                3.068010298869046,
                3.0453613521570766,
                3.2527302895793184,
                3.1641796128673896
            ],
            "UnitPairs": [
                [
                    -0.9214754733315932,
                    -0.388436548291116
                ],
                [
                    -0.16044469824245863,
                    -0.9870448312036726
                ],
                [
                    0.28023972303790023,
                    -0.9599300483012504
                ],
                [
                    0.3601793739673846,
                    -0.9328830680039504
                ],
                [
                    0.911801175747602,
                    -0.41063197136278956
                ],
                [
                    0.9227793494809466,
                    -0.3853287845094378
                ],
                [
                    0.9597933107903376,
                    -0.28070767813175773
                ],
                [
                    0.9287322013803024,
                    0.3707512617905666
                ],
                [
                    0.2589899829931708,
                    0.9658800074073368
                ],
                [
                    -0.37894770021374796,
                    0.9254180895696341
                ],
                [
                    -0.5841151932353524,
                    0.811670771330117
                ],
                [
                    -0.6078330991063453,
                    0.794064810724399
                ],
                [
                    -0.9659796997752724,
                    0.25861790274858104
                ],
                [
                    -0.999017696632406,
                    0.04431299826554222
                ]
            ]
        },
        {
            "Type": "F",
            "Centroid": {
                "x": 94097.23324038462,
                "y": 441893.59640384617
            },
            "Distances": [
                5.328503948156875,
                5.688621775977164,
                3.61983159650034,
                2.8854091728132167,
                2.7617321659220595,
                3.360181980317007,
                6.282378513510494,
                5.9292238253772895,
                2.661457932295725,
                2.900191906543119,
                2.8745724662685896,
                3.0597227027578953,
                2.983215730502099
            ],
            "UnitPairs": [
                [
                    -0.9106900232843659,
                    -0.4130904035321095
                ],
                [
                    -0.12755556850148403,
                    -0.9918314256688298
                ],
                [
                    0.3194581252082683,
                    -0.9476003937517219
                ],
                [
                    0.4042354291974509,
                    -0.9146549719875537
                ],
                [
                    0.9220244623312006,
                    -0.387131619559628
                ],
                [
                    0.9575030859148972,
                    -0.2884230234628451
                ],
                [
                    0.936808344597988,
                    0.3498430012042221
                ],
                [
                    0.2903220836440412,
                    0.9569289878295998
                ],
                [
                    -0.33162853107932777,
                    0.9434100473146168
                ],
                [
                    -0.5563822797298165,
                    0.830926446084521
                ],
                [
                    -0.5818657919575725,
                    0.8132848210495429
                ],
                [
                    -0.968589533277305,
                    0.24866506796422427
                ],
                [
                    -0.9997987588113444,
                    0.020060954097331787
                ]
            ]
        },
        {
            "Type": "R",
            "Centroid": {
                "x": 94099.731625,
                "y": 441892.47125
            },
            "Distances": [
                0.0
            ],
            "UnitPairs": [
                [
                    0.0,
                    0.0
                ]
            ]
        }
    ]
}