{
    "Pand ID": "0599100000016573",
    "Archetype ID": "TI.1946",
    "Construction Year": 1941,
    "Number of Floors": 3,
    "Wall Area": 60.08,
    "Roof Area (Flat)": 12.35,
    "Roof Area (Sloped)": 36.12,
    "Floor Area": 40.9,
    "Shared Wall Area": 93.89,
    "Absolute Height (70%)": 5.329440116882324,
    "Surfaces": [
        {
            "Type": "G",
            "Centroid": {
                "x": 95249.7966875,
                "y": 433765.00549999997
            },
            "Distances": [
                4.664423820589193,
                5.00165723315165,
                3.36473792855997,
                4.768534636374146,
                3.7256699166893963,
                4.361228247660762,
                2.313802082739081,
                2.8026343996481264
            ],
            "UnitPairs": [
                [
                    -0.9402822660824715,
                    -0.34039574041226267
                ],
                [
                    -0.07714942908023265,
                    -0.9970195412290543
                ],
                [
                    0.35875750968737,
                    -0.9334307951010169
                ],
                [
                    0.9822986215270506,
                    0.18732169694420392
                ],
                [
                    0.7169515978972113,
                    0.6971229491794367
                ],
                [
                    0.14792277848700955,
                    0.9889989138541473
                ],
                [
                    -0.7121935848741024,
                    0.7019831177914285
                ],
                [
                    -0.9947337406350786,
                    0.10249285459067045
                ]
            ]
        },
        {
            "Type": "F",
            "Centroid": {
                "x": 95250.45392361112,
                "y": 433764.8381944444
            },
            "Distances": [
                5.239335081745257,
                4.93103696428506,
                3.0238633656565996,
                1.0465468025349027,
                1.210223206631555,
                4.164206071985846,
                3.420309324672072,
                4.4805719239161474,
                2.9194534665158915
            ],
            "UnitPairs": [
                [
                    -0.9625479249611764,
                    -0.27111158616505815
                ],
                [
                    -0.21153990908308493,
                    -0.977369360510713
                ],
                [
                    0.18184978035999505,
                    -0.983326322938129
                ],
                [
                    0.5760744645369694,
                    -0.8173972175805617
                ],
                [
                    0.9997237553015488,
                    -0.023503469653837143
                ],
                [
                    0.9670244025595089,
                    0.2546837349624528
                ],
                [
                    0.5888031454826358,
                    0.8082764724212589
                ],
                [
                    -0.0027030279422296864,
                    0.9999963468132989
                ],
                [
                    -0.7895693963101877,
                    0.6136612814984873
                ]
            ]
        },
        {
            "Type": "R",
            "Centroid": {
                "x": 95247.0088125,
                "y": 433765.29274999996
            },
            "Distances": [
                0.0
            ],
            "UnitPairs": [
                [
                    0.0,
                    0.0
                ]
            ]
        }
    ]
}