{
    "Pand ID": "0599100000199880",
    "Archetype ID": "TI.1946",
    "Construction Year": 1922,
    "Number of Floors": 3,
    "Wall Area": 66.49,
    "Roof Area (Flat)": 0.0,
    "Roof Area (Sloped)": 66.46,
    "Floor Area": 42.79,
    "Shared Wall Area": 149.88,
    "Absolute Height (70%)": 7.8846235275268555,
    "Surfaces": [
        {
            "Type": "G",
            "Centroid": {
                "x": 94665.98241477273,
                "y": 433133.9334318182
            },
            "Distances": [
                7.00189959410006,
                2.966859652619461,
                7.360042102045031,
                3.9879366296241643,
                2.6167672141328637,
                5.605316771373594,
                5.486937547749405,
                5.297746941196739,
                5.6331491610949245,
                2.569316803099704,
                3.6294330158550347
            ],
            "UnitPairs": [
                [
                    -0.8870060458969075,
                    -0.46175780940048367
                ],
                [
                    -0.8260341100298861,
                    -0.5636201283374592
                ],
                [
                    -0.7541705870383623,
                    -0.6566785557989632
                ],
                [
                    -0.531033331122906,
                    -0.8473509315723387
                ],
                [
                    0.7888637231907449,
                    -0.6145681623983101
                ],
                [
                    0.9998137403926122,
                    -0.019299858085856103
                ],
                [
                    0.739624370052284,
                    0.673019904033129
                ],
                [
                    0.7299844198278385,
                    0.6834637860257221
                ],
                [
                    0.6937989063503763,
                    0.7201687840687221
                ],
                [
                    0.1320478373331565,
                    0.9912433448228726
                ],
                [
                    -0.9675691099396972,
                    0.25260644784031544
                ]
            ]
        },
        {
            "Type": "F",
            "Centroid": {
                "x": 94666.30559659092,
                "y": 433134.0703409091
            },
            "Distances": [
                7.351835195655196,
                3.311703724971892,
                7.694453304362033,
                4.280295839193847,
                5.2867750797460324,
                5.3014850164982805,
                5.157072188942544,
                4.969728657146045,
                5.312114843211861,
                2.409962809621644,
                3.9134110345918973
            ],
            "UnitPairs": [
                [
                    -0.8887453155604552,
                    -0.4584013133372842
                ],
                [
                    -0.8376078663074912,
                    -0.5462719673384422
                ],
                [
                    -0.7633952483118704,
                    -0.6459316487484242
                ],
                [
                    -0.5702664448019275,
                    -0.8214597871673148
                ],
                [
                    0.9989248321388745,
                    -0.04635924650295231
                ],
                [
                    0.9989825289723944,
                    -0.0450988559491169
                ],
                [
                    0.724265779544008,
                    0.6895209065586849
                ],
                [
                    0.7131356968527698,
                    0.7010260179724533
                ],
                [
                    0.6748895712742845,
                    0.737918739825201
                ],
                [
                    0.006676828799029633,
                    0.9999777097301661
                ],
                [
                    -0.979940276403321,
                    0.19929138135549893
                ]
            ]
        },
        {
            "Type": "R",
            "Centroid": {
                "x": 94668.0466875,
                "y": 433132.32525
            },
            "Distances": [
                0.0
            ],
            "UnitPairs": [
                [
                    0.0,
                    0.0
                ]
            ]
        }
    ]
}