{
    "Pand ID": "0599100000062730",
    "Archetype ID": "TI.1946",
    "Construction Year": 1918,
    "Number of Floors": 3,
    "Wall Area": 65.4,
    "Roof Area (Flat)": 6.54,
    "Roof Area (Sloped)": 68.48,
    "Floor Area": 49.27,
    "Shared Wall Area": 120.98,
    "Absolute Height (70%)": 6.482131481170654,
    "Surfaces": [
        {
            "Type": "G",
            "Centroid": {
                "x": 94805.51052083333,
                "y": 433382.7804166667
            },
            "Distances": [
                5.565882923864265,
                6.079495871839546,
                3.1301703983045908,
                5.260213372319351,
                3.6689244639798577,
                4.719749434274635,
                3.7668050195863256,
                3.696788072857919,
                4.027514956146015,
                2.7464225315775748,
                4.703473190666849,
                5.89550167970196
            ],
            "UnitPairs": [
                [
                    -0.8691942319845178,
                    -0.49447081520029507
                ],
                [
                    -0.761548890060241,
                    -0.6481074664343986
                ],
                [
                    -0.0015441118885543635,
                    -0.9999988078585272
                ],
                [
                    0.8992347518765609,
                    -0.4374664113020563
                ],
                [
                    0.9185707418514133,
                    -0.3952566156493072
                ],
                [
                    0.9642814157932283,
                    -0.2648798806172472
                ],
                [
                    0.7035582284969603,
                    0.7106376144802772
                ],
                [
                    0.6928086263546496,
                    0.7211214927101975
                ],
                [
                    0.6153091158323265,
                    0.7882859201924393
                ],
                [
                    -0.3556748177267593,
                    0.934609770992705
                ],
                [
                    -0.9061034602641749,
                    0.4230561656533194
                ],
                [
                    -0.9549371095438026,
                    0.29680821554688713
                ]
            ]
        },
        {
            "Type": "F",
            "Centroid": {
                "x": 94805.44361057693,
                "y": 433383.04363461543
            },
            "Distances": [
                5.643957067937451,
                6.203926920194942,
                4.618542710575953,
                5.439486691001371,
                3.8404667184502843,
                4.859729155167715,
                3.6342875822771328,
                3.5608073522686996,
                3.9320171080914093,
                3.8671592535062174,
                2.4768132440490573,
                4.5363620124000095,
                5.758136717851438
            ],
            "UnitPairs": [
                [
                    -0.8453152671957878,
                    -0.5342678158430602
                ],
                [
                    -0.7354894948993055,
                    -0.6775361266329378
                ],
                [
                    -0.7292176965706573,
                    -0.6842817774924194
                ],
                [
                    0.8818988253082926,
                    -0.4714387149140955
                ],
                [
                    0.894963340408938,
                    -0.44613968588781183
                ],
                [
                    0.9502745473293974,
                    -0.3114133662801081
                ],
                [
                    0.7476229829258635,
                    0.6641233886869472
                ],
                [
                    0.7380564751433015,
                    0.6747389417389849
                ],
                [
                    0.6681244895068942,
                    0.7440495054236325
                ],
                [
                    0.6581257083630537,
                    0.7529080634391085
                ],
                [
                    -0.3673765388274282,
                    0.9300722975764729
                ],
                [
                    -0.9247328730505795,
                    0.38061675409737394
                ],
                [
                    -0.9660977759837044,
                    0.258176465308789
                ]
            ]
        },
        {
            "Type": "R",
            "Centroid": {
                "x": 94805.5056875,
                "y": 433379.65025
            },
            "Distances": [
                0.0
            ],
            "UnitPairs": [
                [
                    0.0,
                    0.0
                ]
            ]
        }
    ]
}