{
    "Pand ID": "0599100000280072",
    "Archetype ID": "TI.1946",
    "Construction Year": 1941,
    "Number of Floors": 2,
    "Wall Area": 59.61,
    "Roof Area (Flat)": 0.0,
    "Roof Area (Sloped)": 42.25,
    "Floor Area": 38.91,
    "Shared Wall Area": 103.27,
    "Absolute Height (70%)": 5.499272346496582,
    "Surfaces": [
        {
            "Type": "G",
            "Centroid": {
                "x": 94320.02437500001,
                "y": 432733.8115
            },
            "Distances": [
                5.945888118321759,
                5.465496136272575,
                1.943758412348681,
                3.285725302819553,
                3.17008052194893,
                3.1843516240495147,
                4.090147401432689,
                3.077295284113691
            ],
            "UnitPairs": [
                [
                    -0.9879306309012894,
                    -0.1548969609998222
                ],
                [
                    -0.4911036314134729,
                    -0.8711011555568616
                ],
                [
                    0.5210909923607598,
                    -0.8535011292789709
                ],
                [
                    0.9973064386070153,
                    0.0733475801440763
                ],
                [
                    0.9923643826144614,
                    0.12334071557364644
                ],
                [
                    0.9919994312614878,
                    0.12624233987408792
                ],
                [
                    0.02368496547801118,
                    0.9997194718571333
                ],
                [
                    -0.6931817726493998,
                    0.7207628112400332
                ]
            ]
        },
        {
            "Type": "F",
            "Centroid": {
                "x": 94320.30850000001,
                "y": 432734.049875
            },
            "Distances": [
                6.266433870487475,
                5.8141429680819225,
                2.992751151209699,
                3.0017654310588555,
                2.865817065533083,
                2.8794028379253067,
                3.855175152031242,
                3.124421979038994
            ],
            "UnitPairs": [
                [
                    -0.9827359750831655,
                    -0.18501352187702397
                ],
                [
                    -0.5105223618167368,
                    -0.8598644765805022
                ],
                [
                    0.999999615330743,
                    0.0008771193567325809
                ],
                [
                    0.9999948593374796,
                    0.003206446415321144
                ],
                [
                    0.9985808356068481,
                    0.053257062993831525
                ],
                [
                    0.9983840962174874,
                    0.056826018864519975
                ],
                [
                    -0.04857107462523926,
                    0.9988197288348631
                ],
                [
                    -0.773663101920903,
                    0.633597194379936
                ]
            ]
        },
        {
            "Type": "R",
            "Centroid": {
                "x": 94321.03725000001,
                "y": 432732.1525
            },
            "Distances": [
                0.0
            ],
            "UnitPairs": [
                [
                    0.0,
                    0.0
                ]
            ]
        }
    ]
}