{
    "Pand ID": "0599100000080991",
    "Archetype ID": "TI.1946",
    "Construction Year": 1941,
    "Number of Floors": 2,
    "Wall Area": 50.96,
    "Roof Area (Flat)": 0.0,
    "Roof Area (Sloped)": 45.56,
    "Floor Area": 38.46,
    "Shared Wall Area": 116.33,
    "Absolute Height (70%)": 6.581538200378418,
    "Surfaces": [
        {
            "Type": "G",
            "Centroid": {
                "x": 96179.754,
                "y": 434205.658875
            },
            "Distances": [
                4.371395275683775,
                3.4091971058035373,
                2.5703874039448626,
                5.378515283635597,
                5.364306703205009,
                2.5719941497367067,
                3.2098368581792984,
                4.377920071922573
            ],
            "UnitPairs": [
                [
                    -0.7144458011772302,
                    -0.6996907868338882
                ],
                [
                    -0.5802319251728748,
                    -0.8144512956648662
                ],
                [
                    0.6943992167321726,
                    -0.7195899719991552
                ],
                [
                    0.9829617880032472,
                    -0.18381001965469515
                ],
                [
                    0.7896407186165699,
                    0.6135695034001503
                ],
                [
                    0.28883230550383415,
                    0.9573797048701941
                ],
                [
                    -0.861764981278102,
                    0.5073077143536775
                ],
                [
                    -0.9555051100233762,
                    0.29497454927368844
                ]
            ]
        },
        {
            "Type": "F",
            "Centroid": {
                "x": 96179.64787500001,
                "y": 434205.3071071428
            },
            "Distances": [
                4.053315259333403,
                3.0633831237612625,
                2.4123550775662848,
                5.430472909451038,
                5.667932063613827,
                3.3161070149895875,
                4.395662344760467
            ],
            "UnitPairs": [
                [
                    -0.7443289768936623,
                    -0.6678131281701747
                ],
                [
                    -0.6110890882314975,
                    -0.7915618271773829
                ],
                [
                    0.7838812857916636,
                    -0.6209107260996609
                ],
                [
                    0.9930995126797465,
                    -0.1172747113202591
                ],
                [
                    0.7660642278801796,
                    0.6427640303893368
                ],
                [
                    -0.8021454036252943,
                    0.5971287561680593
                ],
                [
                    -0.9275052722974656,
                    0.3738100719087225
                ]
            ]
        },
        {
            "Type": "R",
            "Centroid": {
                "x": 96180.49687500001,
                "y": 434208.12125
            },
            "Distances": [
                0.0
            ],
            "UnitPairs": [
                [
                    0.0,
                    0.0
                ]
            ]
        }
    ]
}