{
    "Pand ID": "0599100000239720",
    "Archetype ID": "TI.1946",
    "Construction Year": 1933,
    "Number of Floors": 3,
    "Wall Area": 61.39,
    "Roof Area (Flat)": 0.0,
    "Roof Area (Sloped)": 46.55,
    "Floor Area": 41.1,
    "Shared Wall Area": 99.89,
    "Absolute Height (70%)": 6.151193618774414,
    "Surfaces": [
        {
            "Type": "G",
            "Centroid": {
                "x": 95285.59554166667,
                "y": 433263.1745833333
            },
            "Distances": [
                4.887090900745374,
                2.750025176638095,
                4.448512538543853,
                4.46798763116872,
                2.749323275356787,
                4.867027272596306
            ],
            "UnitPairs": [
                [
                    -0.7456719632755981,
                    -0.6663132320348404
                ],
                [
                    0.32648185949837993,
                    -0.9452034677351117
                ],
                [
                    0.873288160856014,
                    -0.4872040518188663
                ],
                [
                    0.7016208620322169,
                    0.7125504655539627
                ],
                [
                    0.04395020928145403,
                    0.999033722706154
                ],
                [
                    -0.9028440607691633,
                    0.4299681406032863
                ]
            ]
        },
        {
            "Type": "F",
            "Centroid": {
                "x": 95285.415975,
                "y": 433263.69445
            },
            "Distances": [
                5.124757516225688,
                4.872411230618789,
                4.252185061814015,
                2.2469709388468413,
                4.498505640746058
            ],
            "UnitPairs": [
                [
                    -0.6760514988314393,
                    -0.7368543756589659
                ],
                [
                    0.8341660437981466,
                    -0.5515133827697644
                ],
                [
                    0.7794580790397173,
                    0.6264543902150529
                ],
                [
                    0.13369109266785822,
                    0.9910230530826587
                ],
                [
                    -0.9368888996864939,
                    0.34962721525108786
                ]
            ]
        },
        {
            "Type": "R",
            "Centroid": {
                "x": 95286.493375,
                "y": 433260.57525
            },
            "Distances": [
                0.0
            ],
            "UnitPairs": [
                [
                    0.0,
                    0.0
                ]
            ]
        }
    ]
}