{
    "Pand ID": "0599100000136842",
    "Archetype ID": "TI.1946",
    "Construction Year": 1935,
    "Number of Floors": 3,
    "Wall Area": 83.27,
    "Roof Area (Flat)": 12.94,
    "Roof Area (Sloped)": 44.92,
    "Floor Area": 50.94,
    "Shared Wall Area": 134.95,
    "Absolute Height (70%)": 7.571466445922852,
    "Surfaces": [
        {
            "Type": "G",
            "Centroid": {
                "x": 86047.98916666667,
                "y": 433783.08525
            },
            "Distances": [
                2.62945540674086,
                3.828136740325977,
                6.224637545216947,
                6.230852234615596,
                3.680176816759443,
                2.501748735603527,
                2.587352295842028,
                4.25478280715056,
                5.787729684682482,
                5.778347765810887,
                3.9825807256128214,
                2.5680966822523015
            ],
            "UnitPairs": [
                [
                    -0.8370237658437676,
                    -0.5471665335276983
                ],
                [
                    -0.5425398327060482,
                    -0.8400300767992139
                ],
                [
                    -0.303136793582451,
                    -0.9529470522419126
                ],
                [
                    0.43189650982063993,
                    -0.9019231701230154
                ],
                [
                    0.6763488433486695,
                    -0.7365814565280047
                ],
                [
                    0.942973728638688,
                    -0.33286716133804806
                ],
                [
                    0.8530277600287306,
                    0.5218655388319547
                ],
                [
                    0.4797150467703424,
                    0.8774243408420627
                ],
                [
                    0.33209625156220896,
                    0.9432455034074269
                ],
                [
                    -0.46015172060072074,
                    0.887840297591969
                ],
                [
                    -0.6317302372530518,
                    0.7751883044397683
                ],
                [
                    -0.922830002094941,
                    0.3852074599919518
                ]
            ]
        },
        {
            "Type": "F",
            "Centroid": {
                "x": 86048.11383333332,
                "y": 433783.3201666667
            },
            "Distances": [
                2.8652221469469215,
                4.093173538718242,
                6.486466317258633,
                6.392465587338813,
                3.777223621229702,
                2.4763945468135096,
                2.3622928730467576,
                3.988858101153183,
                5.524886012514451,
                3.710239855385252,
                5.631396329293025,
                3.8869635687012516
            ],
            "UnitPairs": [
                [
                    -0.8116589967735082,
                    -0.584131554494895
                ],
                [
                    -0.5378670883368978,
                    -0.8430296526718308
                ],
                [
                    -0.3101200615153802,
                    -0.9506974005674449
                ],
                [
                    0.4014752416917315,
                    -0.9158698762971549
                ],
                [
                    0.62596682213599,
                    -0.779849689097181
                ],
                [
                    0.9022862166889452,
                    -0.43113754553871786
                ],
                [
                    0.8815234937342232,
                    0.47214015926905517
                ],
                [
                    0.480442426899106,
                    0.8770262678137395
                ],
                [
                    0.3253309955375286,
                    0.9456002026980327
                ],
                [
                    -0.2691425277721606,
                    0.9631003580854967
                ],
                [
                    -0.4942971814722816,
                    0.8692929865060217
                ],
                [
                    -0.6793434738079627,
                    0.7338204443830453
                ]
            ]
        },
        {
            "Type": "R",
            "Centroid": {
                "x": 86045.61925,
                "y": 433784.0745
            },
            "Distances": [
                0.0
            ],
            "UnitPairs": [
                [
                    0.0,
                    0.0
                ]
            ]
        }
    ]
}