{
    "Pand ID": "0599100000163831",
    "Archetype ID": "TI.1946",
    "Construction Year": 1930,
    "Number of Floors": 3,
    "Wall Area": 90.68,
    "Roof Area (Flat)": 0.0,
    "Roof Area (Sloped)": 95.69,
    "Floor Area": 60.3,
    "Shared Wall Area": 151.45,
    "Absolute Height (70%)": 3.8935563564300537,
    "Surfaces": [
        {
            "Type": "G",
            "Centroid": {
                "x": 95642.09623214285,
                "y": 440801.23814285715
            },
            "Distances": [
                5.545475340775704,
                5.053672954089799,
                3.9117424741303397,
                2.558891509065046,
                6.276503226719272,
                6.686414288706316,
                3.4083167249729605
            ],
            "UnitPairs": [
                [
                    -0.9854623466941164,
                    -0.16989397649159058
                ],
                [
                    -0.20892866484386438,
                    -0.9779308835529023
                ],
                [
                    -0.028595221590412747,
                    -0.9995910730404685
                ],
                [
                    0.7675756671161853,
                    -0.6409583412758924
                ],
                [
                    0.9167752567459179,
                    0.3994034659569901
                ],
                [
                    0.20252153077549756,
                    0.9792778102113563
                ],
                [
                    -0.7158539947253164,
                    0.6982499969465139
                ]
            ]
        },
        {
            "Type": "F",
            "Centroid": {
                "x": 95641.18782954545,
                "y": 440801.2398181818
            },
            "Distances": [
                4.653178567937236,
                3.9487624947216156,
                4.946016685958907,
                3.326587640574234,
                3.9920929534093483,
                3.3086378361034607,
                7.117966554862737,
                6.926153934945452,
                2.5022206616694347,
                2.4882293382515313,
                2.828621887970417
            ],
            "UnitPairs": [
                [
                    -0.9792133439388631,
                    -0.2028330028670623
                ],
                [
                    -0.9720651851287395,
                    -0.23471104758964662
                ],
                [
                    -0.029812787707211897,
                    -0.9995555000544617
                ],
                [
                    0.02150716057195225,
                    -0.9997686942708959
                ],
                [
                    0.19953078844721103,
                    -0.9798915575009483
                ],
                [
                    0.8681957944155692,
                    -0.4962217876707135
                ],
                [
                    0.9360180893223278,
                    0.35195189509559244
                ],
                [
                    0.32666693171994754,
                    0.9451395218276903
                ],
                [
                    -0.5121269139410469,
                    0.8589097880553112
                ],
                [
                    -0.5266614798361543,
                    0.8500751058917043
                ],
                [
                    -0.5414136657759996,
                    0.8407563514544474
                ]
            ]
        },
        {
            "Type": "R",
            "Centroid": {
                "x": 95639.90637499999,
                "y": 440803.38899999997
            },
            "Distances": [
                0.0
            ],
            "UnitPairs": [
                [
                    0.0,
                    0.0
                ]
            ]
        }
    ]
}