{
    "Pand ID": "0599100000245267",
    "Archetype ID": "TI.1946",
    "Construction Year": 1933,
    "Number of Floors": 2,
    "Wall Area": 83.16,
    "Roof Area (Flat)": 17.77,
    "Roof Area (Sloped)": 47.77,
    "Floor Area": 56.83,
    "Shared Wall Area": 129.53,
    "Absolute Height (70%)": 5.269321441650391,
    "Surfaces": [
        {
            "Type": "G",
            "Centroid": {
                "x": 86064.22645,
                "y": 433959.6477
            },
            "Distances": [
                8.9334419615191,
                4.1524137173473665,
                2.83169413597714,
                2.5607563882370625,
                1.984338196938287,
                8.787845223943785,
                6.354960635598298,
                8.619816882053275,
                6.424534230593329,
                0.7667928533965248,
                2.499379379027738,
                3.352472502524394,
                0.27965099679063826,
                4.438712480017448,
                9.063274556156909
            ],
            "UnitPairs": [
                [
                    -0.9643763330091869,
                    -0.2645340967281043
                ],
                [
                    -0.8619565013608178,
                    -0.5069822381127551
                ],
                [
                    -0.6996518355648806,
                    -0.7144839459292933
                ],
                [
                    -0.6229409432789964,
                    -0.7822688675811368
                ],
                [
                    0.3027709696498111,
                    -0.9530633451860968
                ],
                [
                    0.9857706615499369,
                    -0.1680958144255825
                ],
                [
                    0.9968275750618404,
                    0.07959136634290659
                ],
                [
                    0.9947775129486962,
                    0.1020671334544398
                ],
                [
                    0.9921030492217593,
                    0.12542543492006494
                ],
                [
                    0.959581191629112,
                    0.2814319396793003
                ],
                [
                    -0.13411329340955983,
                    0.9909660057392692
                ],
                [
                    -0.7022279819532846,
                    0.7119521482247365
                ],
                [
                    -0.8052894593090442,
                    0.5928818488752606
                ],
                [
                    -0.8518686481767258,
                    0.5237554832682497
                ],
                [
                    -0.9727389306563655,
                    0.231902938285634
                ]
            ]
        },
        {
            "Type": "F",
            "Centroid": {
                "x": 86064.52698333333,
                "y": 433959.4972333333
            },
            "Distances": [
                9.186211932851629,
                4.344342659387459,
                2.9518531707918907,
                2.6507405899881413,
                1.7664406609651684,
                8.466860406449312,
                6.0698484447569605,
                8.338161564506242,
                6.148090267910705,
                0.4788983283624259,
                0.5688658385544334,
                2.703088420537728,
                3.6722379020273745,
                0.6135308812374538,
                9.390821679124532
            ],
            "UnitPairs": [
                [
                    -0.9705560244526322,
                    -0.24087549356192584
                ],
                [
                    -0.893054171256845,
                    -0.44994916068457075
                ],
                [
                    -0.7729833434466585,
                    -0.6344263162527428
                ],
                [
                    -0.7151712017705263,
                    -0.6989493201642744
                ],
                [
                    0.16998400982712805,
                    -0.9854468206874943
                ],
                [
                    0.9876466913648718,
                    -0.15669720174917456
                ],
                [
                    0.9941379462087866,
                    0.10811911906677629
                ],
                [
                    0.9923370520782773,
                    0.12356041062004582
                ],
                [
                    0.9878297816107793,
                    0.15553881368584552
                ],
                [
                    0.8900984643942811,
                    0.45576827849570967
                ],
                [
                    0.7651481899025185,
                    0.6438542129153925
                ],
                [
                    -0.2351877683684889,
                    0.9719499542722608
                ],
                [
                    -0.7229197574219185,
                    0.6909319968919043
                ],
                [
                    -0.8568979156648447,
                    0.5154861415491637
                ],
                [
                    -0.9708131668174382,
                    0.2398370178556614
                ]
            ]
        },
        {
            "Type": "R",
            "Centroid": {
                "x": 86060.44525,
                "y": 433961.97250000003
            },
            "Distances": [
                0.0
            ],
            "UnitPairs": [
                [
                    0.0,
                    0.0
                ]
            ]
        }
    ]
}