{
    "Pand ID": "0599100000432488",
    "Archetype ID": "TI.1946",
    "Construction Year": 1935,
    "Number of Floors": 4,
    "Wall Area": 134.19,
    "Roof Area (Flat)": 47.59,
    "Roof Area (Sloped)": 31.4,
    "Floor Area": 64.68,
    "Shared Wall Area": 289.41,
    "Absolute Height (70%)": 12.366711616516113,
    "Surfaces": [
        {
            "Type": "G",
            "Centroid": {
                "x": 89902.12572321428,
                "y": 436997.6381071429
            },
            "Distances": [
                5.251261215415104,
                7.1929588434678084,
                7.046915560990191,
                6.727240470829708,
                6.9258437079126685,
                4.251666655807402,
                3.599204822182029,
                4.337164766199955,
                6.290018731106076,
                6.141788995564216,
                5.97323275075855,
                6.112387848370741,
                4.309774960367714,
                3.5819722114224675
            ],
            "UnitPairs": [
                [
                    0.1573363525104342,
                    -0.9875450734921988
                ],
                [
                    0.29990638521135926,
                    -0.9539686368583905
                ],
                [
                    0.8225179137664644,
                    -0.5687392034432504
                ],
                [
                    0.8332115241052392,
                    -0.5529543888045599
                ],
                [
                    0.8685171856880224,
                    -0.49565905435546853
                ],
                [
                    0.9716693758382055,
                    -0.2363442913594327
                ],
                [
                    0.16620734725162398,
                    0.9860908263033269
                ],
                [
                    -0.003178508317465657,
                    0.9999949485296792
                ],
                [
                    -0.22333569649637894,
                    0.9747415896895326
                ],
                [
                    -0.8642084119320022,
                    0.5031339987975042
                ],
                [
                    -0.8708493258726019,
                    0.491550049971755
                ],
                [
                    -0.8945416832046956,
                    0.44698453777430597
                ],
                [
                    -0.967054139161591,
                    0.25457079944572275
                ],
                [
                    -0.9954811215198087,
                    0.09495965826425376
                ]
            ]
        },
        {
            "Type": "F",
            "Centroid": {
                "x": 89902.2395625,
                "y": 436997.14025
            },
            "Distances": [
                4.741816333519353,
                6.6840016001357725,
                2.5569770512693237,
                6.679033286379847,
                6.366826791319026,
                6.877341157052389,
                6.590937102601928,
                4.0492407795257535,
                4.075883725129649,
                6.800725173896071,
                6.501366136480381,
                6.328366704033001,
                6.6199713096646775,
                6.4488322695332645,
                4.569063103149681,
                3.773842092700484
            ],
            "UnitPairs": [
                [
                    0.15023251637828006,
                    -0.9886506921166089
                ],
                [
                    0.305711327171484,
                    -0.9521242484250938
                ],
                [
                    0.41704519775236637,
                    -0.9088857480628078
                ],
                [
                    0.8507780626841811,
                    -0.5255251545410091
                ],
                [
                    0.8624979412798084,
                    -0.5060605707700335
                ],
                [
                    0.8862981871619604,
                    -0.46311502181793096
                ],
                [
                    0.8953772290827994,
                    -0.4453084522440688
                ],
                [
                    0.9921304310449831,
                    -0.12520865702696393
                ],
                [
                    0.11883925858803558,
                    0.9929135061113057
                ],
                [
                    -0.22330339209127595,
                    0.9747489908076488
                ],
                [
                    -0.8339208846554459,
                    0.5518840078634989
                ],
                [
                    -0.8399679172534864,
                    0.5426360640289587
                ],
                [
                    -0.8603700429475227,
                    0.5096698825695687
                ],
                [
                    -0.8655249147005868,
                    0.500865872297706
                ],
                [
                    -0.9370903625847767,
                    0.34908688367042867
                ],
                [
                    -0.9750341719706781,
                    0.22205486594410434
                ]
            ]
        },
        {
            "Type": "R",
            "Centroid": {
                "x": 89902.1119375,
                "y": 437001.97525
            },
            "Distances": [
                0.0
            ],
            "UnitPairs": [
                [
                    0.0,
                    0.0
                ]
            ]
        }
    ]
}