{
    "Pand ID": "0599100000654866",
    "Archetype ID": "TI.1946",
    "Construction Year": 1925,
    "Number of Floors": 2,
    "Wall Area": 86.28,
    "Roof Area (Flat)": 3.27,
    "Roof Area (Sloped)": 48.85,
    "Floor Area": 44.23,
    "Shared Wall Area": 165.93,
    "Absolute Height (70%)": 7.831540584564209,
    "Surfaces": [
        {
            "Type": "G",
            "Centroid": {
                "x": 93589.939125,
                "y": 433934.97575000004
            },
            "Distances": [
                4.084058336994171,
                4.48656087667377,
                4.4698752219693825,
                4.594764683854528,
                2.1232716500946283,
                5.467605737443893,
                7.6647976163811355,
                4.889018562049241,
                5.036294520782376,
                7.423465127560801,
                5.572755736611005,
                3.033908782375891,
                3.859409605074126,
                5.072317862655592,
                4.406975436730097,
                4.150367754784912
            ],
            "UnitPairs": [
                [
                    -0.9748881312319253,
                    -0.2226951539282446
                ],
                [
                    -0.9453789030381491,
                    -0.3259735107188707
                ],
                [
                    -0.9448809620533323,
                    -0.3274140613186444
                ],
                [
                    -0.921592353765347,
                    -0.38815915998627104
                ],
                [
                    -0.5512719015208124,
                    -0.8343256502071763
                ],
                [
                    0.9476725734852283,
                    -0.31924394037144194
                ],
                [
                    0.9739983198056666,
                    -0.2265552317112505
                ],
                [
                    0.9970303728939413,
                    -0.07700932103952329
                ],
                [
                    0.9972609781419554,
                    -0.07396310888105184
                ],
                [
                    0.9990617417291682,
                    -0.043308615922017776
                ],
                [
                    0.8659091171544597,
                    0.5002013602828207
                ],
                [
                    -0.45831964628321664,
                    0.8887874334343545
                ],
                [
                    -0.7207060883976578,
                    0.6932407476097662
                ],
                [
                    -0.8523716606622621,
                    0.5229364704243313
                ],
                [
                    -0.9735702096824652,
                    0.22838793054546588
                ],
                [
                    -0.9995499784839389,
                    0.02999734176151418
                ]
            ]
        },
        {
            "Type": "F",
            "Centroid": {
                "x": 93589.85750000001,
                "y": 433934.87312500004
            },
            "Distances": [
                3.9824706252886313,
                4.3765077437855995,
                4.3597143577641795,
                4.480146373871659,
                1.9926847546363256,
                5.513576246982511,
                7.7219585133052915,
                4.9636863852612,
                5.111254692463367,
                7.501318869454409,
                5.69497131521241,
                3.8739261132631415,
                5.058084348953374,
                2.8594596572167696,
                4.3525609738696565,
                4.0732122497203775
            ],
            "UnitPairs": [
                [
                    -0.9792602047680261,
                    -0.20260664193871727
                ],
                [
                    -0.9505010029786651,
                    -0.31072148837270913
                ],
                [
                    -0.9500335710354356,
                    -0.31214774371386683
                ],
                [
                    -0.926950740765849,
                    -0.3751830542463822
                ],
                [
                    -0.5464361572836971,
                    -0.8375007617984753
                ],
                [
                    0.9545755357746422,
                    -0.2979690361439503
                ],
                [
                    0.9773589157456981,
                    -0.21158816085120014
                ],
                [
                    0.9984766593460298,
                    -0.055175726014183364
                ],
                [
                    0.9986050993553777,
                    -0.05280014717248833
                ],
                [
                    0.9995742256112907,
                    -0.029178202370753033
                ],
                [
                    0.8616593005288701,
                    0.5074871917714754
                ],
                [
                    -0.696935078540129,
                    0.7171342247447573
                ],
                [
                    -0.838632712972594,
                    0.54469732212691
                ],
                [
                    -0.914464728821885,
                    0.4046656147249436
                ],
                [
                    -0.9669881766800992,
                    0.2548212435431895
                ],
                [
                    -0.9984441641319481,
                    0.05576065916805036
                ]
            ]
        },
        {
            "Type": "R",
            "Centroid": {
                "x": 93588.54862500001,
                "y": 433937.67225
            },
            "Distances": [
                0.0
            ],
            "UnitPairs": [
                [
                    0.0,
                    0.0
                ]
            ]
        }
    ]
}