{
    "Pand ID": "0599100000047903",
    "Archetype ID": "TI.1946",
    "Construction Year": 1922,
    "Number of Floors": 3,
    "Wall Area": 132.88,
    "Roof Area (Flat)": 16.89,
    "Roof Area (Sloped)": 83.91,
    "Floor Area": 84.54,
    "Shared Wall Area": 217.69,
    "Absolute Height (70%)": 8.093399047851562,
    "Surfaces": [
        {
            "Type": "G",
            "Centroid": {
                "x": 92593.87812500002,
                "y": 439951.81474999996
            },
            "Distances": [
                3.667765702713086,
                7.051475040727202,
                6.500555764682887,
                7.497028494668844,
                8.365827828099258,
                4.4470556832122705,
                4.108222395383147,
                4.8175561491261645,
                3.104606778680017,
                3.2070418223386508,
                8.317823287984424,
                8.827492466775018,
                4.185696507208582,
                3.3644320843468387
            ],
            "UnitPairs": [
                [
                    -0.9290397141494483,
                    -0.3699800123427092
                ],
                [
                    -0.6534093892981638,
                    -0.7570047357692028
                ],
                [
                    -0.40727286955833913,
                    -0.9133065256099487
                ],
                [
                    -0.39168852060504544,
                    -0.9200978767643315
                ],
                [
                    0.1748183240254974,
                    -0.9846007076906437
                ],
                [
                    0.6556023148066971,
                    -0.7551063533172665
                ],
                [
                    0.9915480730940668,
                    0.12973981171345697
                ],
                [
                    0.9254692341888059,
                    0.37882277725868757
                ],
                [
                    0.3805634929695796,
                    0.9247547933472919
                ],
                [
                    0.3780742712952822,
                    0.9257752672136695
                ],
                [
                    0.32995411238788097,
                    0.9439969723035798
                ],
                [
                    -0.03834611032369857,
                    0.9992645174442264
                ],
                [
                    -0.44664012232984607,
                    0.8947136978526594
                ],
                [
                    -0.6662342837731663,
                    0.7457425018900667
                ]
            ]
        },
        {
            "Type": "F",
            "Centroid": {
                "x": 92593.69341071429,
                "y": 439952.2730357143
            },
            "Distances": [
                3.6988660403823777,
                7.290950662048587,
                6.8531009654018735,
                7.854124020405178,
                8.849932686536203,
                4.258869700700827,
                4.840180455503844,
                2.7726759094807933,
                2.8733071511289343,
                7.952817568009143,
                2.650081262694127,
                8.364128183538378,
                3.6933715896282435,
                2.9044442766311835
            ],
            "UnitPairs": [
                [
                    -0.8712901951845179,
                    -0.49076816907306103
                ],
                [
                    -0.6066130357053516,
                    -0.7949972483677776
                ],
                [
                    -0.3593680768327062,
                    -0.9331958987016404
                ],
                [
                    -0.3503618872240805,
                    -0.9366144073100631
                ],
                [
                    0.1861273236834591,
                    -0.9825256329370917
                ],
                [
                    0.9998461058841273,
                    0.017543219440757377
                ],
                [
                    0.959306027617847,
                    0.2823684567653878
                ],
                [
                    0.49274214885680817,
                    0.8701753701064948
                ],
                [
                    0.4862739039836995,
                    0.8738064375503602
                ],
                [
                    0.3683240889994408,
                    0.9296974591030848
                ],
                [
                    0.19403717650505478,
                    0.9809941764016473
                ],
                [
                    -0.018386341159341922,
                    0.9998309569416083
                ],
                [
                    -0.4561646921790675,
                    0.8898953722821445
                ],
                [
                    -0.7081512049783029,
                    0.70606081245724
                ]
            ]
        },
        {
            "Type": "R",
            "Centroid": {
                "x": 92596.793625,
                "y": 439948.45675
            },
            "Distances": [
                0.0
            ],
            "UnitPairs": [
                [
                    0.0,
                    0.0
                ]
            ]
        }
    ]
}