{
    "Pand ID": "0599100000147589",
    "Archetype ID": "TI.1946",
    "Construction Year": 1936,
    "Number of Floors": 2,
    "Wall Area": 68.58,
    "Roof Area (Flat)": 0.0,
    "Roof Area (Sloped)": 48.34,
    "Floor Area": 42.04,
    "Shared Wall Area": 110.35,
    "Absolute Height (70%)": 6.483993053436279,
    "Surfaces": [
        {
            "Type": "G",
            "Centroid": {
                "x": 94862.92318749998,
                "y": 433172.63675
            },
            "Distances": [
                4.715799242977564,
                2.7672843186429694,
                4.683144723387105,
                4.702349891280638,
                2.7677222584705063,
                4.696350977078823
            ],
            "UnitPairs": [
                [
                    -0.6515332484880716,
                    -0.7586200802210422
                ],
                [
                    0.23542936864785277,
                    -0.9718914612126569
                ],
                [
                    0.9217097175022682,
                    -0.38788038963305305
                ],
                [
                    0.649994166889535,
                    0.7599391969161606
                ],
                [
                    -0.22383026262486813,
                    0.9746281411560425
                ],
                [
                    -0.9225247476466039,
                    0.38593793539838733
                ]
            ]
        },
        {
            "Type": "F",
            "Centroid": {
                "x": 94863.04708749999,
                "y": 433172.09725
            },
            "Distances": [
                4.409809175010574,
                2.213789005325811,
                4.382764397053945,
                5.051426705407111,
                5.03898848579983
            ],
            "UnitPairs": [
                [
                    -0.7248386207081301,
                    -0.6889186990711862
                ],
                [
                    0.23832442872016546,
                    -0.9711855984698324
                ],
                [
                    0.956610855657136,
                    -0.2913686167707875
                ],
                [
                    0.580548856991432,
                    0.8142254139032642
                ],
                [
                    -0.8843838426211696,
                    0.4667603441924069
                ]
            ]
        },
        {
            "Type": "R",
            "Centroid": {
                "x": 94862.3036875,
                "y": 433175.33425
            },
            "Distances": [
                0.0
            ],
            "UnitPairs": [
                [
                    0.0,
                    0.0
                ]
            ]
        }
    ]
}