{
    "Pand ID": "0599100000150346",
    "Archetype ID": "TI.1946",
    "Construction Year": 1916,
    "Number of Floors": 3,
    "Wall Area": 107.02,
    "Roof Area (Flat)": 0.0,
    "Roof Area (Sloped)": 71.72,
    "Floor Area": 45.3,
    "Shared Wall Area": 116.44,
    "Absolute Height (70%)": 8.55635929107666,
    "Surfaces": [
        {
            "Type": "G",
            "Centroid": {
                "x": 94001.24710576925,
                "y": 434392.23907692306
            },
            "Distances": [
                4.298298203230952,
                4.367098982254984,
                4.023736885128413,
                3.5403925333255084,
                3.728748220219426,
                5.596541622825455,
                4.334481281795711,
                5.271622555411488,
                3.7653854207406217,
                3.52444255021905,
                4.100666688446724,
                4.336483871371792,
                4.223737961467571
            ],
            "UnitPairs": [
                [
                    -0.9999843114683789,
                    -0.00560150132664289
                ],
                [
                    -0.999801192275344,
                    -0.01993930602605283
                ],
                [
                    -0.9971404402870875,
                    -0.07557077705087883
                ],
                [
                    -0.9369669430773584,
                    -0.3494180126728876
                ],
                [
                    -0.348436175497808,
                    -0.9373325085605753
                ],
                [
                    0.09894846997952002,
                    -0.9950925586540741
                ],
                [
                    0.7578229128709527,
                    -0.6524602920697815
                ],
                [
                    0.9848522302553792,
                    -0.1733957455101064
                ],
                [
                    0.9807148055575454,
                    0.19544428914712747
                ],
                [
                    0.9478858523440163,
                    0.3186101237030263
                ],
                [
                    0.11187674239573228,
                    0.9937220911859205
                ],
                [
                    0.10187267931007365,
                    0.9947974453174812
                ],
                [
                    0.07783845346546463,
                    0.9969659849574131
                ]
            ]
        },
        {
            "Type": "F",
            "Centroid": {
                "x": 94000.96870833333,
                "y": 434392.1454999999
            },
            "Distances": [
                3.7397622398972423,
                3.2468600643708103,
                3.5513804279307593,
                5.538375358396314,
                4.491508315064214,
                5.531360014600652,
                4.056875022052593,
                4.233179295127328,
                4.465948530610788,
                4.347110719991916,
                4.020434090706333,
                4.087838501095086
            ],
            "UnitPairs": [
                [
                    -0.9984146300754942,
                    -0.05628700073031169
                ],
                [
                    -0.935929874733838,
                    -0.3521864131120084
                ],
                [
                    -0.2874469108687631,
                    -0.9577965720506654
                ],
                [
                    0.1502546528220999,
                    -0.9886473280727108
                ],
                [
                    0.7933118268363122,
                    -0.6088155265773313
                ],
                [
                    0.9889370158950914,
                    -0.1483360326842794
                ],
                [
                    0.9788733064447863,
                    0.2044677234427271
                ],
                [
                    0.17414019470464556,
                    0.9847208703933455
                ],
                [
                    0.1612572697030397,
                    0.9869124038980972
                ],
                [
                    0.1396713140732177,
                    0.9901979216424667
                ],
                [
                    -0.999850574000683,
                    0.017286690559633996
                ],
                [
                    -0.9999987358181733,
                    0.0015900824052030218
                ]
            ]
        },
        {
            "Type": "R",
            "Centroid": {
                "x": 94004.587875,
                "y": 434393.36199999996
            },
            "Distances": [
                0.0
            ],
            "UnitPairs": [
                [
                    0.0,
                    0.0
                ]
            ]
        }
    ]
}