{
    "Pand ID": "0599100000305273",
    "Archetype ID": "TI.1946",
    "Construction Year": 1941,
    "Number of Floors": 2,
    "Wall Area": 35.94,
    "Roof Area (Flat)": 0.0,
    "Roof Area (Sloped)": 50.54,
    "Floor Area": 47.64,
    "Shared Wall Area": 49.38,
    "Absolute Height (70%)": -1.0738892555236816,
    "Surfaces": [
        {
            "Type": "G",
            "Centroid": {
                "x": 89218.16056250001,
                "y": 440046.95458333334
            },
            "Distances": [
                4.8672983722761565,
                3.2413266488751757,
                4.933628932589645,
                4.950767628414258,
                3.239758187114495,
                4.851431518402604
            ],
            "UnitPairs": [
                [
                    -0.2773612580842261,
                    -0.960765701153999
                ],
                [
                    0.49825277577350424,
                    -0.8670318168521833
                ],
                [
                    0.9881164689540461,
                    -0.15370700628724632
                ],
                [
                    0.2928838735381179,
                    0.9561480202465034
                ],
                [
                    -0.5583750068765396,
                    0.8295886641556912
                ],
                [
                    -0.9854823224582757,
                    0.1697780672591218
                ]
            ]
        },
        {
            "Type": "F",
            "Centroid": {
                "x": 89218.16056250001,
                "y": 440046.95458333334
            },
            "Distances": [
                4.8672983722761565,
                3.2413266488751757,
                4.933628932589645,
                4.950767628414258,
                3.239758187114495,
                4.851431518402604
            ],
            "UnitPairs": [
                [
                    -0.2773612580842261,
                    -0.960765701153999
                ],
                [
                    0.49825277577350424,
                    -0.8670318168521833
                ],
                [
                    0.9881164689540461,
                    -0.15370700628724632
                ],
                [
                    0.2928838735381179,
                    0.9561480202465034
                ],
                [
                    -0.5583750068765396,
                    0.8295886641556912
                ],
                [
                    -0.9854823224582757,
                    0.1697780672591218
                ]
            ]
        },
        {
            "Type": "R",
            "Centroid": {
                "x": 89218.20906250001,
                "y": 440046.98524999997
            },
            "Distances": [
                4.910361621100877,
                4.890564716874845,
                4.907383340415412,
                4.894171967767042
            ],
            "UnitPairs": [
                [
                    -0.28480590798050187,
                    -0.9585852047571993
                ],
                [
                    0.9869003437050502,
                    -0.16133106208927545
                ],
                [
                    0.28559007983958073,
                    0.9583518697729043
                ],
                [
                    -0.9867859224837482,
                    0.16202945160648438
                ]
            ]
        }
    ]
}