{
    "Pand ID": "0599100000702403",
    "Archetype ID": "TI.1946",
    "Construction Year": 1926,
    "Number of Floors": null,
    "Wall Area": 699.23,
    "Roof Area (Flat)": 37.09,
    "Roof Area (Sloped)": 217.59,
    "Floor Area": 181.94,
    "Shared Wall Area": 273.8,
    "Absolute Height (70%)": 15.559367179870605,
    "Surfaces": [
        {
            "Type": "G",
            "Centroid": {
                "x": 94542.50171428571,
                "y": 434673.78996428574
            },
            "Distances": [
                3.413117927165081,
                6.1998634534914965,
                11.972891856756906,
                5.036698250887887,
                8.929974451188885,
                3.5998455104271656,
                10.633042064998008,
                3.5004464183162463,
                6.064313067833933,
                3.808180759750077,
                13.484577608140786,
                11.804860547914414,
                2.6042249982987595,
                2.1697479739351313
            ],
            "UnitPairs": [
                [
                    -0.914329464235237,
                    -0.4049711481467595
                ],
                [
                    -0.7065823817852411,
                    -0.7076307919746679
                ],
                [
                    -0.6286463099949829,
                    -0.7776913378260631
                ],
                [
                    -0.5542746749274673,
                    -0.8323338180886624
                ],
                [
                    -0.4556244038502041,
                    -0.8901721196578481
                ],
                [
                    0.9859550094583245,
                    -0.16701113532946024
                ],
                [
                    0.9609936320977586,
                    0.27657049565627523
                ],
                [
                    0.9311057290389488,
                    0.36474939527139405
                ],
                [
                    0.9198545081518582,
                    0.39225971477160776
                ],
                [
                    0.8293423851250524,
                    0.5587407343617335
                ],
                [
                    0.7073477561896158,
                    0.7068657240335791
                ],
                [
                    -0.784483158282802,
                    0.6201501224466863
                ],
                [
                    -0.8070402085416074,
                    0.590496487540035
                ],
                [
                    -0.9451393942266476,
                    0.32666730090550183
                ]
            ]
        },
        {
            "Type": "F",
            "Centroid": {
                "x": 94540.56861538462,
                "y": 434674.9717692308
            },
            "Distances": [
                1.703158771862749,
                8.085911838754788,
                6.289747105283173,
                6.185862914315436,
                6.857555086458292,
                2.9281745420171883,
                11.890836204769522,
                2.837154993316712,
                2.825707861330977,
                6.0831567679810385,
                3.9312936550330178,
                5.347353633264132,
                0.4874223747110137,
                5.579530173429083,
                9.377439163413515,
                5.3062601267803675,
                5.50142152911746,
                5.273724015772892,
                5.765041079484787,
                5.1932532521107495,
                9.91570147417924,
                7.606159464677867,
                12.29037858973086,
                5.69978936808269,
                5.178520726751274,
                9.430457407639329,
                5.942225757724722,
                2.4037694985366453,
                5.447293628851524,
                13.064966901923917,
                7.3767014513240605,
                1.8730081713071267,
                14.188546220106689,
                7.191728883973798,
                0.3938952347735007,
                5.88016424694346,
                6.001630431858645,
                5.923349912579011,
                0.9739651679214,
                5.324167586984733,
                2.8484018113842553,
                2.892209189242447,
                9.559342660958329,
                4.805878927273455,
                4.779974592997618,
                4.733382640912603,
                5.2430846354496445,
                6.1153564140939,
                6.316298383043199,
                7.255038535290387,
                1.8497633929480766,
                1.4021386255477781
            ],