{
    "Pand ID": "0599100000211481",
    "Archetype ID": "TI.1946",
    "Construction Year": 1941,
    "Number of Floors": 2,
    "Wall Area": 59.34,
    "Roof Area (Flat)": 0.0,
    "Roof Area (Sloped)": 48.07,
    "Floor Area": 44.38,
    "Shared Wall Area": 117.39,
    "Absolute Height (70%)": 5.663444995880127,
    "Surfaces": [
        {
            "Type": "G",
            "Centroid": {
                "x": 94330.09808333335,
                "y": 432603.8556666667
            },
            "Distances": [
                4.815552518224894,
                4.803475830693887,
                2.5935724504548374,
                5.331943615790058,
                5.3219429461049055,
                2.5994249470785
            ],
            "UnitPairs": [
                [
                    -0.9630947468206618,
                    -0.2691626063301614
                ],
                [
                    -0.19086873040515698,
                    -0.9816155702481107
                ],
                [
                    0.5626087932870336,
                    -0.8267232582406933
                ],
                [
                    0.9456526606394898,
                    0.32517848241458663
                ],
                [
                    0.24862473725365747,
                    0.968599886447211
                ],
                [
                    -0.8732059511432573,
                    0.4873513792819296
                ]
            ]
        },
        {
            "Type": "F",
            "Centroid": {
                "x": 94329.80625,
                "y": 432604.28449999995
            },
            "Distances": [
                4.675825167800514,
                5.181829889111064,
                5.491318694098988,
                4.994326881597338,
                2.148191797776053
            ],
            "UnitPairs": [
                [
                    -0.9294616124483526,
                    -0.36891884064778857
                ],
                [
                    -0.1206137625819797,
                    -0.9926995115722672
                ],
                [
                    0.9713513815423821,
                    0.2376478352009665
                ],
                [
                    0.3233668997429965,
                    0.9462736645128633
                ],
                [
                    -0.9207743936253716,
                    0.39009552169158435
                ]
            ]
        },
        {
            "Type": "R",
            "Centroid": {
                "x": 94331.55725,
                "y": 432601.7115
            },
            "Distances": [
                0.0
            ],
            "UnitPairs": [
                [
                    0.0,
                    0.0
                ]
            ]
        }
    ]
}