{
    "Pand ID": "0599100000152403",
    "Archetype ID": "TI.1946",
    "Construction Year": 1930,
    "Number of Floors": 4,
    "Wall Area": 107.36,
    "Roof Area (Flat)": 0.0,
    "Roof Area (Sloped)": 97.94,
    "Floor Area": 67.93,
    "Shared Wall Area": 228.64,
    "Absolute Height (70%)": 9.088431358337402,
    "Surfaces": [
        {
            "Type": "G",
            "Centroid": {
                "x": 93418.169025,
                "y": 441283.49095
            },
            "Distances": [
                4.192773431750317,
                3.0830611816748354,
                4.201543317666409,
                4.039931713570315,
                4.934240797750738,
                4.265626806245576,
                4.086763615626935,
                8.182593186141826,
                8.308074051769053,
                3.9953350109648755
            ],
            "UnitPairs": [
                [
                    -0.9993146703966928,
                    -0.03701607123870972
                ],
                [
                    -0.9016687753448795,
                    -0.4324273575620132
                ],
                [
                    -0.8425237424350787,
                    -0.5386592089932087
                ],
                [
                    -0.525479178984932,
                    -0.8508064600444227
                ],
                [
                    -0.06685932315005393,
                    -0.9977624120540504
                ],
                [
                    0.05042635227402352,
                    -0.9987277822291397
                ],
                [
                    0.9944543854856108,
                    0.10516879379566993
                ],
                [
                    0.8651413847619767,
                    0.5015280494370473
                ],
                [
                    0.2959891768759199,
                    0.955191293496918
                ],
                [
                    -0.21397454722694628,
                    0.9768392360767576
                ]
            ]
        },
        {
            "Type": "F",
            "Centroid": {
                "x": 93418.300125,
                "y": 441283.3314166667
            },
            "Distances": [
                3.138696296937411,
                4.231034677792944,
                2.8730529252379693,
                3.977890744870757,
                4.785921135097849,
                4.1015269243709,
                3.976908696183945,
                3.0633152157609684,
                8.151730804616962,
                8.42342007603252,
                4.1802808650698555,
                4.321002172846616
            ],
            "UnitPairs": [
                [
                    -0.9274551356986007,
                    -0.3739344478197884
                ],
                [
                    -0.867636471823251,
                    -0.4971991077647878
                ],
                [
                    -0.5774345419906385,
                    -0.816436984534668
                ],
                [
                    -0.5666319526013146,
                    -0.8239710130163691
                ],
                [
                    -0.09632419485873274,
                    -0.9953500135554412
                ],
                [
                    0.02048017763907407,
                    -0.9997902591663274
                ],
                [
                    0.9889590886958161,
                    0.1481888014862835
                ],
                [
                    0.969537834278467,
                    0.2449416010044433
                ],
                [
                    0.8523343283206509,
                    0.5229973162131761
                ],
                [
                    0.2763723023421997,
                    0.9610506492886167
                ],
                [
                    -0.2358693187887975,
                    0.97178478299164
                ],
                [
                    -0.9999994971420392,
                    0.0010028537625260405
                ]
            ]
        },
        {
            "Type": "R",
            "Centroid": {
                "x": 93422.233125,
                "y": 441283.92075
            },
            "Distances": [
                0.0
            ],
            "UnitPairs": [
                [
                    0.0,
                    0.0
                ]
            ]
        }
    ]
}