{
    "Pand ID": "0599100000125863",
    "Archetype ID": "TI.1946",
    "Construction Year": 1920,
    "Number of Floors": 3,
    "Wall Area": 61.65,
    "Roof Area (Flat)": 1.9,
    "Roof Area (Sloped)": 63.46,
    "Floor Area": 44.18,
    "Shared Wall Area": 125.31,
    "Absolute Height (70%)": 6.328091144561768,
    "Surfaces": [
        {
            "Type": "G",
            "Centroid": {
                "x": 94733.25854464286,
                "y": 433191.37017857144
            },
            "Distances": [
                6.213163447511168,
                6.324998759785537,
                2.9001753193253954,
                2.6284918864299476,
                3.1968496809576004,
                2.171474587156762,
                6.225289002805824,
                3.186819600849739,
                2.174774181343858,
                6.578241429986671,
                3.2776512753146414,
                2.772351018252484,
                5.099531381537641,
                6.307352797430325
            ],
            "UnitPairs": [
                [
                    -0.7921660494600666,
                    -0.6103056202287762
                ],
                [
                    -0.7599775629082272,
                    -0.6499493086972796
                ],
                [
                    -0.30613912784813374,
                    -0.951986782681558
                ],
                [
                    0.7308916824364804,
                    -0.6824934787565161
                ],
                [
                    0.8862296134898006,
                    -0.46324623276797267
                ],
                [
                    0.9565586765009414,
                    0.29153987447820456
                ],
                [
                    0.9336342223673582,
                    0.35822777506008424
                ],
                [
                    0.9251050346116823,
                    0.3797113047252059
                ],
                [
                    0.9164826740364908,
                    0.40007437832348536
                ],
                [
                    0.7832097547617113,
                    0.6217575733725326
                ],
                [
                    0.49277446606686937,
                    0.8701570694952215
                ],
                [
                    -0.849408003297848,
                    0.5277367183866998
                ],
                [
                    -0.994965372943067,
                    0.10021929277471402
                ],
                [
                    -0.9999214163870529,
                    0.012536389053864646
                ]
            ]
        },
        {
            "Type": "F",
            "Centroid": {
                "x": 94733.35775,
                "y": 433191.0473125
            },
            "Distances": [
                6.102906132147231,
                5.033312565579284,
                6.19829547197273,
                2.630292974743701,
                2.3416833972414595,
                2.9690946444719897,
                1.5033534623682467,
                6.257407191315081,
                2.1968279991459707,
                1.637639423922205,
                3.235172678204992,
                2.238325073101096,
                6.708665646592364,
                3.5182800674045933,
                5.2398499389589155,
                6.41865955693125
            ],
            "UnitPairs": [
                [
                    -0.8227330375532109,
                    -0.568427962822438
                ],
                [
                    -0.7921348909006383,
                    -0.6103460613601384
                ],
                [
                    -0.7915180104243915,
                    -0.6111458411654397
                ],
                [
                    -0.3752671316396375,
                    -0.9269167060264688
                ],
                [
                    0.7780460424969043,
                    -0.6282072554140912
                ],
                [
                    0.9207983669672607,
                    -0.39003893060876077
                ],
                [
                    0.9664643321534938,
                    -0.25680088526930966
                ],
                [
                    0.9129879717492111,
                    0.40798647458128035
                ],
                [
                    0.900360656717793,
                    0.43514444479357034
                ],
                [
                    0.8969846954975425,
                    0.44206159756665264
                ],
                [
                    0.8806137363854701,
                    0.4738348312325949
                ],
                [
                    0.8461405015584164,
                    0.532959896823834
                ],
                [
                    0.7531956079180675,
                    0.6577966070244912
                ],
                [
                    0.4308745952467229,
                    0.9024118146228874
                ],
                [
                    -0.9872539405266415,
                    0.1591529356142028
                ],
                [
                    -0.9980374318311871,
                    0.06262016179960535
                ]
            ]
        },
        {
            "Type": "R",
            "Centroid": {
                "x": 94730.9036875,
                "y": 433192.83325
            },
            "Distances": [
                0.0
            ],
            "UnitPairs": [
                [
                    0.0,
                    0.0
                ]
            ]
        }
    ]
}