{
    "Pand ID": "0599100000132315",
    "Archetype ID": "TI.1946",
    "Construction Year": 1938,
    "Number of Floors": 2,
    "Wall Area": 63.74,
    "Roof Area (Flat)": 12.26,
    "Roof Area (Sloped)": 51.74,
    "Floor Area": 42.16,
    "Shared Wall Area": 122.36,
    "Absolute Height (70%)": 6.417723655700684,
    "Surfaces": [
        {
            "Type": "G",
            "Centroid": {
                "x": 97639.8315,
                "y": 436238.50735714287
            },
            "Distances": [
                6.310768400610843,
                3.2126119912096383,
                2.154399440448374,
                2.9249413826368325,
                5.939262395794897,
                5.518511505349532,
                1.9694687696589934,
                1.9835449738469972,
                1.9085029526902033,
                2.565272880022114,
                3.0124295046245217,
                3.3728360394614847,
                6.525191148203419,
                6.405229165562319
            ],
            "UnitPairs": [
                [
                    -0.9784070034024086,
                    -0.2066875315376311
                ],
                [
                    -0.8309437950514739,
                    -0.5563563691245514
                ],
                [
                    -0.006266247450436443,
                    -0.9999803668787153
                ],
                [
                    0.5772765259595255,
                    -0.8165487202709348
                ],
                [
                    0.875277038387668,
                    -0.48362186268955293
                ],
                [
                    0.970642173129825,
                    -0.24052811008655683
                ],
                [
                    0.9923995902361855,
                    -0.12305711397172917
                ],
                [
                    0.9999773265312888,
                    -0.006733975299636703
                ],
                [
                    0.9999984528788948,
                    -0.0017590451435030765
                ],
                [
                    0.8266177124931288,
                    0.5627638557979955
                ],
                [
                    0.7334611470925042,
                    0.679731377608646
                ],
                [
                    -0.6195083234272715,
                    0.7849900873287072
                ],
                [
                    -0.8754532810248101,
                    0.4833027547437474
                ],
                [
                    -0.8993433101465372,
                    0.4372431937659742
                ]
            ]
        },
        {
            "Type": "F",
            "Centroid": {
                "x": 97640.22173684211,
                "y": 436238.4022631579
            },
            "Distances": [
                6.799137776730662,
                6.673380097675486,
                2.0886557705688262,
                2.6265524695437725,
                2.3577841920724727,
                2.3919554611084632,
                5.547714843107015,
                5.114459598089115,
                1.5702739893448925,
                5.066557263743179,
                1.595901982734045,
                1.5216679669573134,
                2.322153397536662,
                2.214959992918523,
                2.8185092423144233,
                0.7865951822019495,
                3.7049500574537944,
                6.91829189688268,
                6.802563509199469
            ],
            "UnitPairs": [
                [
                    -0.9847920518729605,
                    -0.17373719972373294
                ],
                [
                    -0.9837199059598405,
                    -0.1797085045799514
                ],
                [
                    -0.19329984758681054,
                    -0.9811397295609406
                ],
                [
                    0.494284113089891,
                    -0.869300417316672
                ],
                [
                    0.5374805557483678,
                    -0.8432761423118916
                ],
                [
                    0.5553043020607951,
                    -0.8316472401882744
                ],
                [
                    0.8667105815399814,
                    -0.4988113549696189
                ],
                [
                    0.9710240275900492,
                    -0.23898187764514595
                ],
                [
                    0.9961721129532395,
                    -0.08741350796231792
                ],
                [
                    0.9965866159285042,
                    -0.08255372161309327
                ],
                [
                    0.9983464994267606,
                    0.05748275465157505
                ],
                [
                    0.9977624494057985,
                    0.06685876573600137
                ],
                [
                    0.7451114813210301,
                    0.6669399376282547
                ],
                [
                    0.6732686651946512,
                    0.73939793377248
                ],
                [
                    0.645469999024016,
                    0.7637856246093774
                ],
                [
                    -0.04670361953026112,
                    0.9989087905924007
                ],
                [
                    -0.6693037162874423,
                    0.7429889200814631
                ],
                [
                    -0.8821161253502334,
                    0.47103199615004004
                ],
                [
                    -0.9041792603328619,
                    0.4271532104338194
                ]
            ]
        },
        {
            "Type": "R",
            "Centroid": {
                "x": 97637.162,
                "y": 436236.72000000003
            },
            "Distances": [
                0.0
            ],
            "UnitPairs": [
                [
                    0.0,
                    0.0
                ]
            ]
        }
    ]
}