{
    "Pand ID": "0599100000086267",
    "Archetype ID": "TI.1946",
    "Construction Year": 1914,
    "Number of Floors": 3,
    "Wall Area": 163.54,
    "Roof Area (Flat)": 16.36,
    "Roof Area (Sloped)": 60.76,
    "Floor Area": 58.57,
    "Shared Wall Area": 100.04,
    "Absolute Height (70%)": 10.88766860961914,
    "Surfaces": [
        {
            "Type": "G",
            "Centroid": {
                "x": 88416.70537499999,
                "y": 434587.568625
            },
            "Distances": [
                9.943672405412835,
                2.0566528404830766,
                10.18021998319935,
                3.66430363864693,
                5.7192568272753475,
                6.24413355929763,
                5.938437370743763,
                6.293153256208921
            ],
            "UnitPairs": [
                [
                    -0.9780466012436737,
                    -0.20838628984580113
                ],
                [
                    -0.7659897523737247,
                    -0.6428527819481223
                ],
                [
                    -0.7509046968144723,
                    -0.6604105816096266
                ],
                [
                    -0.1512906829405491,
                    -0.9884893167128223
                ],
                [
                    0.9521560518207856,
                    0.30561225921263946
                ],
                [
                    0.7696223910605635,
                    0.638499314939508
                ],
                [
                    0.7602378737296127,
                    0.6496448070654284
                ],
                [
                    0.7521865124352034,
                    0.6589502640644175
                ]
            ]
        },
        {
            "Type": "F",
            "Centroid": {
                "x": 88414.91519230769,
                "y": 434586.84296153847
            },
            "Distances": [
                8.048617001359451,
                7.918868704399295,
                6.588574850273449,
                3.9853968362502443,
                4.020371607863083,
                2.635243723207696,
                3.427566329406629,
                8.380997105403981,
                1.2355821813863634,
                4.379350024249215,
                5.0561822421093625,
                0.6339627051593437,
                0.7715487546183871,
                3.149080833525524,
                2.4537933153916454,
                7.646914768773189,
                2.5140492965347514,
                2.410912231596867,
                8.106336895636545,
                7.794833216011998,
                8.142585453362482,
                6.959002151337935,
                6.955287702115491,
                2.684907608326063,
                3.1023746643014394,
                4.379082343718212
            ],
            "UnitPairs": [
                [
                    -0.9859075548444988,
                    -0.16729104369493777
                ],
                [
                    -0.9707437507345843,
                    -0.24011782609742083
                ],
                [
                    -0.9515247910452935,
                    -0.3075720598920042
                ],
                [
                    -0.85015180342043,
                    -0.526537663554081
                ],
                [
                    -0.8223598786796373,
                    -0.568967687956014
                ],
                [
                    -0.8178341489674281,
                    -0.575453998841543
                ],
                [
                    -0.7253520628811035,
                    -0.6883780827961677
                ],
                [
                    -0.6985078546214802,
                    -0.715602387525431
                ],
                [
                    -0.6864717867158984,
                    -0.727156438493865
                ],
                [
                    -0.6533372057163727,
                    -0.7570670350944638
                ],
                [
                    -0.4671889173640089,
                    -0.8841575173532401
                ],
                [
                    0.3388333265598483,
                    -0.9408464151031172
                ],
                [
                    0.3509923264011652,
                    -0.9363783352937519
                ],
                [
                    0.3924344142441082,
                    -0.9197799902785904
                ],
                [
                    0.9885949550429379,
                    0.1505988541246298
                ],
                [
                    0.9462388310982566,
                    0.32346881537762673
                ],
                [
                    0.9314883743686104,
                    0.3637710934311898
                ],
                [
                    0.9294439104622216,
                    0.36896343627071454
                ],
                [
                    0.8136606925210437,
                    0.5813400703944084
                ],
                [
                    0.8088444637101233,
                    0.5880226471195502
                ],
                [
                    0.8011960979320635,
                    0.5984018822316949
                ],
                [
                    0.7825558282456888,
                    0.6225804170375936
                ],
                [
                    0.7759287499585745,
                    0.6308205568842252
                ],
                [
                    0.667362886809322,
                    0.7447326884926752
                ],
                [
                    0.48472794392386515,
                    0.8746649760790369
                ],
                [
                    -0.9991116778081817,
                    0.042140897799169956
                ]
            ]
        },
        {
            "Type": "R",
            "Centroid": {
                "x": 88412.553,
                "y": 434582.3725
            },
            "Distances": [
                0.0
            ],
            "UnitPairs": [
                [
                    0.0,
                    0.0
                ]
            ]
        }
    ]
}