{
    "Pand ID": "0599100000113667",
    "Archetype ID": "TI.1946",
    "Construction Year": 1938,
    "Number of Floors": 2,
    "Wall Area": 62.92,
    "Roof Area (Flat)": 0.0,
    "Roof Area (Sloped)": 51.67,
    "Floor Area": 35.97,
    "Shared Wall Area": 112.51,
    "Absolute Height (70%)": 6.177618980407715,
    "Surfaces": [
        {
            "Type": "G",
            "Centroid": {
                "x": 95376.32879166666,
                "y": 441255.107
            },
            "Distances": [
                4.3336439183492965,
                4.320432803671126,
                2.5447517778934445,
                4.384875780584421,
                4.383374530881634,
                2.5448590552543306
            ],
            "UnitPairs": [
                [
                    -0.9805066467665774,
                    -0.19648591717108485
                ],
                [
                    -0.11553626438464491,
                    -0.9933032626605237
                ],
                [
                    0.7186686533516987,
                    -0.6953526923005735
                ],
                [
                    0.9787810528955004,
                    0.20490888339155902
                ],
                [
                    0.12589235290252992,
                    0.9920439080407001
                ],
                [
                    -0.756099502913984,
                    0.6544566767122376
                ]
            ]
        },
        {
            "Type": "F",
            "Centroid": {
                "x": 95375.96302499999,
                "y": 441255.4609
            },
            "Distances": [
                4.06617568728639,
                4.6473150011384545,
                4.689331180464869,
                4.098636226881325,
                2.0368861332983763
            ],
            "UnitPairs": [
                [
                    -0.9550497318976292,
                    -0.2964456267214384
                ],
                [
                    -0.02870474671048679,
                    -0.9995879338588911
                ],
                [
                    0.993233324916111,
                    0.11613596461082591
                ],
                [
                    0.22387934649995372,
                    0.9746168673949542
                ],
                [
                    -0.7650894051062553,
                    0.6439240655497792
                ]
            ]
        },
        {
            "Type": "R",
            "Centroid": {
                "x": 95378.15762499999,
                "y": 441253.3375
            },
            "Distances": [
                0.0
            ],
            "UnitPairs": [
                [
                    0.0,
                    0.0
                ]
            ]
        }
    ]
}