{
    "Pand ID": "0599100000060193",
    "Archetype ID": "TI.1946",
    "Construction Year": 1922,
    "Number of Floors": 3,
    "Wall Area": 57.29,
    "Roof Area (Flat)": 0.0,
    "Roof Area (Sloped)": 60.75,
    "Floor Area": 43.16,
    "Shared Wall Area": 126.79,
    "Absolute Height (70%)": 6.145683765411377,
    "Surfaces": [
        {
            "Type": "G",
            "Centroid": {
                "x": 94625.7956875,
                "y": 433229.4961666667
            },
            "Distances": [
                5.540183962684473,
                1.4549835647120415,
                2.0301724492411126,
                1.455891653581909,
                5.942149625649269,
                2.262592172765181,
                3.428644242300705,
                6.897291739537849,
                6.949290575805102,
                3.5089420543023726,
                2.1906276894097005,
                2.59605296691464
            ],
            "UnitPairs": [
                [
                    -0.9196445522961304,
                    -0.39275169946424154
                ],
                [
                    -0.9113505005559032,
                    -0.4116312246860102
                ],
                [
                    -0.9092823620451793,
                    -0.41617975211864827
                ],
                [
                    -0.9025396888330746,
                    -0.43060667677254727
                ],
                [
                    -0.724317001615968,
                    -0.6894670994108811
                ],
                [
                    0.04861680391395848,
                    -0.9988175040402484
                ],
                [
                    0.9621878990237138,
                    -0.27238657634386354
                ],
                [
                    0.9967680445630472,
                    0.08033346337585022
                ],
                [
                    0.7504363133343765,
                    0.6609427657740945
                ],
                [
                    0.4790617724609486,
                    0.8777811903695443
                ],
                [
                    -0.5162903789911979,
                    0.8564135943346096
                ],
                [
                    -0.8335731310506274,
                    0.5524091193947231
                ]
            ]
        },
        {
            "Type": "F",
            "Centroid": {
                "x": 94625.4899375,
                "y": 433229.56666666665
            },
            "Distances": [
                5.289924706720283,
                1.7917471183479194,
                1.2202576514990833,
                1.2259519033943662,
                5.775237201697911,
                0.17095000076240396,
                2.3672114190814404,
                7.197014895275296,
                7.136696754781853,
                3.6062123347231134,
                1.9852377026975263,
                2.3048758252012664
            ],
            "UnitPairs": [
                [
                    -0.905353150663449,
                    -0.4246594783868204
                ],
                [
                    -0.8596358181536573,
                    -0.5109072911471242
                ],
                [
                    -0.8360939173362466,
                    -0.5485863299366194
                ],
                [
                    -0.822422149847274,
                    -0.5688776735297212
                ],
                [
                    -0.6923092265073911,
                    -0.7216009526689512
                ],
                [
                    -0.37584088744818056,
                    -0.9266842112187754
                ],
                [
                    0.17562858840949735,
                    -0.9844564992590009
                ],
                [
                    0.9977400497966957,
                    0.06719220960563183
                ],
                [
                    0.7735721706680242,
                    0.6337082110624426
                ],
                [
                    0.5509242982911972,
                    0.8345552213918214
                ],
                [
                    -0.4156932939934943,
                    0.9095048572321306
                ],
                [
                    -0.8062256455149842,
                    0.5916081545363849
                ]
            ]
        },
        {
            "Type": "R",
            "Centroid": {
                "x": 94629.0946875,
                "y": 433228.56225
            },
            "Distances": [
                0.0
            ],
            "UnitPairs": [
                [
                    0.0,
                    0.0
                ]
            ]
        }
    ]
}