{
    "Pand ID": "0599100000030393",
    "Archetype ID": "TI.1946",
    "Construction Year": 1923,
    "Number of Floors": 2,
    "Wall Area": 67.26,
    "Roof Area (Flat)": 9.86,
    "Roof Area (Sloped)": 69.76,
    "Floor Area": 53.01,
    "Shared Wall Area": 113.09,
    "Absolute Height (70%)": 5.8374924659729,
    "Surfaces": [
        {
            "Type": "G",
            "Centroid": {
                "x": 88819.60775,
                "y": 439779.338
            },
            "Distances": [
                2.4338897141367855,
                6.348682098737902,
                6.858628900215507,
                3.5719135824722117,
                4.924472600222332,
                4.010479976331091,
                3.9600136540828372,
                4.111330337064797
            ],
            "UnitPairs": [
                [
                    -0.5269856692941616,
                    -0.8498741697207797
                ],
                [
                    0.19285498643074925,
                    -0.9812272693972561
                ],
                [
                    0.8736986775612458,
                    -0.48646749205648904
                ],
                [
                    0.971853019357103,
                    0.23558800641476293
                ],
                [
                    0.2193889757770667,
                    0.9756374722751734
                ],
                [
                    -0.8549163741585555,
                    0.5187658365732931
                ],
                [
                    -0.8582356771668181,
                    0.5132558060441333
                ],
                [
                    -0.8898883573068453,
                    0.45617837687655066
                ]
            ]
        },
        {
            "Type": "F",
            "Centroid": {
                "x": 88820.81203409091,
                "y": 439777.873590909
            },
            "Distances": [
                1.4174738471660464,
                2.2275718778007634,
                1.9270920433672367,
                4.765133263188642,
                3.1279875635758514,
                1.739898068559501,
                1.6563362136629558,
                3.601409385464268,
                3.5320820305926826,
                3.40289727063809,
                5.141063987682081,
                2.3557086982393614,
                2.2271872432439017,
                3.2337158078449253,
                0.8847639738108829,
                1.001749977134805,
                6.2701335435117524,
                5.833543272136668,
                5.780583473114596,
                5.951912650452436,
                5.899396372703368,
                1.465058304201819
            ],
            "UnitPairs": [
                [
                    -0.9770262031112572,
                    -0.21311921179002252
                ],
                [
                    -0.43002387507954676,
                    -0.9028175158145583
                ],
                [
                    0.0010850073837897585,
                    -0.9999994113793153
                ],
                [
                    0.004216232366026845,
                    -0.9999911116528164
                ],
                [
                    0.36831697239020617,
                    -0.9297002785034069
                ],
                [
                    0.37191311420993706,
                    -0.9282675452037878
                ],
                [
                    0.3725637971304739,
                    -0.9280065824484883
                ],
                [
                    0.7455666995048222,
                    -0.6664310141263581
                ],
                [
                    0.759634370281862,
                    -0.6503503851667032
                ],
                [
                    0.9221820876498172,
                    -0.38675599183183273
                ],
                [
                    0.931342407050618,
                    -0.3641446427302768
                ],
                [
                    0.9615326847419386,
                    -0.27469054620237626
                ],
                [
                    0.9676289748986506,
                    -0.2523770332985679
                ],
                [
                    0.701079205413104,
                    0.7130834086818532
                ],
                [
                    0.42733533493352,
                    0.9040931984686404
                ],
                [
                    0.12487238526962213,
                    0.9921728112567261
                ],
                [
                    -0.019761794553126412,
                    0.9998047166702305
                ],
                [
                    -0.7941844047067657,
                    0.6076768313178974
                ],
                [
                    -0.7962706727309172,
                    0.6049405059579435
                ],
                [
                    -0.8220734036706407,
                    0.5693815232138884
                ],
                [
                    -0.8243062143458822,
                    0.5661442086524955
                ],
                [
                    -0.999898151975593,
                    0.014271849067095525
                ]
            ]
        },
        {
            "Type": "R",
            "Centroid": {
                "x": 88818.325125,
                "y": 439777.2695
            },
            "Distances": [
                0.0
            ],
            "UnitPairs": [
                [
                    0.0,
                    0.0
                ]
            ]
        }
    ]
}