{
    "Pand ID": "0599100000325923",
    "Archetype ID": "TI.1946",
    "Construction Year": 1923,
    "Number of Floors": 2,
    "Wall Area": 111.8,
    "Roof Area (Flat)": 9.65,
    "Roof Area (Sloped)": 44.96,
    "Floor Area": 39.92,
    "Shared Wall Area": 61.66,
    "Absolute Height (70%)": 5.830212116241455,
    "Surfaces": [
        {
            "Type": "G",
            "Centroid": {
                "x": 94363.38463636364,
                "y": 434135.70813636365
            },
            "Distances": [
                3.271835263541101,
                6.644234047867392,
                6.356573990838882,
                6.2960254194777985,
                2.8111162116409725,
                2.2037956081629075,
                5.229603556218659,
                1.925790201645957,
                3.966983201231317,
                4.914342894267991,
                2.6520757035248077
            ],
            "UnitPairs": [
                [
                    -0.9913813203805592,
                    -0.1310079295329077
                ],
                [
                    0.27939467860326334,
                    -0.9601763450367746
                ],
                [
                    0.3842264150286625,
                    -0.9232388975743071
                ],
                [
                    0.845829437074888,
                    -0.5334534313110922
                ],
                [
                    0.9908390214618709,
                    -0.13504826377440868
                ],
                [
                    0.3041859389701178,
                    0.9526126781294001
                ],
                [
                    -0.33341654771586804,
                    0.942779616723459
                ],
                [
                    -0.3549900519044502,
                    0.9348700781653436
                ],
                [
                    -0.5204550306622123,
                    0.8538890800674263
                ],
                [
                    -0.548117301048723,
                    0.8364014731521362
                ],
                [
                    -0.9994572779806685,
                    0.03294160729947175
                ]
            ]
        },
        {
            "Type": "F",
            "Centroid": {
                "x": 94363.35471428571,
                "y": 434135.3957857143
            },
            "Distances": [
                3.2158174509029145,
                2.129616200923364,
                6.3537413966236835,
                5.281124449311854,
                6.081488928895747,
                6.161082837857705,
                2.3563525125309583,
                2.511327512960216,
                2.1562344539294296,
                2.2115388353415266,
                5.515693042064321,
                4.222315480877014,
                5.16292314958687,
                2.6510214781357986
            ],
            "UnitPairs": [
                [
                    -0.9993459936003791,
                    -0.036160545832036754
                ],
                [
                    -0.9962895120660158,
                    -0.08606513897775424
                ],
                [
                    0.29687794899839065,
                    -0.9549154325899802
                ],
                [
                    0.364749161429136,
                    -0.931105820643788
                ],
                [
                    0.4065263857580367,
                    -0.9136390412424964
                ],
                [
                    0.8692117692991836,
                    -0.49443998636010705
                ],
                [
                    0.9749329533979942,
                    -0.22249884579175813
                ],
                [
                    0.2788508112463743,
                    0.9603344339693537
                ],
                [
                    0.17822074662976461,
                    0.9839905311895686
                ],
                [
                    -0.29559249662074655,
                    0.9553141242238146
                ],
                [
                    -0.31069790734196323,
                    0.9505087113610926
                ],
                [
                    -0.4818953711350004,
                    0.8762287665208557
                ],
                [
                    -0.5159314226709433,
                    0.856629889217471
                ],
                [
                    -0.9885677303374473,
                    0.15077746030315103
                ]
            ]
        },
        {
            "Type": "R",
            "Centroid": {
                "x": 94366.17,
                "y": 434135.3285
            },
            "Distances": [
                0.0
            ],
            "UnitPairs": [
                [
                    0.0,
                    0.0
                ]
            ]
        }
    ]
}