{
    "Pand ID": "0599100000245066",
    "Archetype ID": "TI.1946",
    "Construction Year": 1904,
    "Number of Floors": 2,
    "Wall Area": 93.19,
    "Roof Area (Flat)": 37.59,
    "Roof Area (Sloped)": 8.68,
    "Floor Area": 43.58,
    "Shared Wall Area": 65.35,
    "Absolute Height (70%)": 4.594301223754883,
    "Surfaces": [
        {
            "Type": "G",
            "Centroid": {
                "x": 98572.138375,
                "y": 434859.73592857143
            },
            "Distances": [
                5.861423453201418,
                5.766194514898915,
                3.152326358325355,
                3.7412909400295193,
                2.5261017196314226,
                3.8698031379562114,
                3.3230155041435134
            ],
            "UnitPairs": [
                [
                    -0.6650261717351305,
                    -0.7468200525610682
                ],
                [
                    0.3177138744212124,
                    -0.9481866345821703
                ],
                [
                    0.9605604419760339,
                    0.27807128098889766
                ],
                [
                    0.8612000648013954,
                    0.5082661196519717
                ],
                [
                    0.43664116588453533,
                    0.8996357553226716
                ],
                [
                    -0.658431426395742,
                    0.7526407222137721
                ],
                [
                    -0.8242513453777451,
                    0.5662240895996716
                ]
            ]
        },
        {
            "Type": "F",
            "Centroid": {
                "x": 98572.30182954544,
                "y": 434860.2335909091
            },
            "Distances": [
                6.345228474724055,
                6.194057917692368,
                2.8894969735936185,
                3.3653619468168268,
                0.36623097078466,
                1.5898761633893472,
                1.5589510273688056,
                2.0082449905603017,
                3.6309463875573855,
                1.0913789177492017,
                3.2155010123176266
            ],
            "UnitPairs": [
                [
                    -0.6400801108460011,
                    -0.7683081749528445
                ],
                [
                    0.2693784069705592,
                    -0.9630344094880535
                ],
                [
                    0.991364753360371,
                    0.13113323680414024
                ],
                [
                    0.9088310567734724,
                    0.41716436837775744
                ],
                [
                    0.8097224926471013,
                    0.5868129897176484
                ],
                [
                    0.6041636931677178,
                    0.7968602335779743
                ],
                [
                    0.4923473804361835,
                    0.8703987919210527
                ],
                [
                    0.46784404242289773,
                    0.8838110386102912
                ],
                [
                    -0.74676248449452,
                    0.6650908146648634
                ],
                [
                    -0.8067358926664252,
                    0.5909121757788599
                ],
                [
                    -0.902644575239282,
                    0.4303867688383277
                ]
            ]
        },
        {
            "Type": "R",
            "Centroid": {
                "x": 98573.241375,
                "y": 434862.0085
            },
            "Distances": [
                0.0
            ],
            "UnitPairs": [
                [
                    0.0,
                    0.0
                ]
            ]
        }
    ]
}