{
    "Pand ID": "0599100000045487",
    "Archetype ID": "TI.1946",
    "Construction Year": 1936,
    "Number of Floors": 3,
    "Wall Area": 73.43,
    "Roof Area (Flat)": 0.0,
    "Roof Area (Sloped)": 53.54,
    "Floor Area": 51.56,
    "Shared Wall Area": 165.91,
    "Absolute Height (70%)": 7.005691051483154,
    "Surfaces": [
        {
            "Type": "G",
            "Centroid": {
                "x": 88531.87488194444,
                "y": 439133.2695277778
            },
            "Distances": [
                5.897732824492956,
                5.645273206881616,
                3.7514633918139717,
                2.2262079173778666,
                5.507437882045734,
                5.631944870526161,
                5.875960207316382,
                2.760352779827754,
                3.674744559864632
            ],
            "UnitPairs": [
                [
                    -0.9792651882191857,
                    -0.20258255389357324
                ],
                [
                    -0.4595781903494179,
                    -0.8881373131195165
                ],
                [
                    -0.24642235519762093,
                    -0.969162536863068
                ],
                [
                    0.7072814462976317,
                    -0.7069320729201148
                ],
                [
                    0.9602569595556639,
                    0.2791174871356357
                ],
                [
                    0.9576719374113755,
                    0.287861877112518
                ],
                [
                    0.3836914267642654,
                    0.92346136303995
                ],
                [
                    -0.5750875236128248,
                    0.8180918898173166
                ],
                [
                    -0.9876725811341563,
                    0.15653393394338905
                ]
            ]
        },
        {
            "Type": "F",
            "Centroid": {
                "x": 88531.71527083333,
                "y": 439133.41500000004
            },
            "Distances": [
                3.6726182654340023,
                5.773547790592786,
                5.7049341734920604,
                3.8578260186638302,
                2.4419571229635486,
                5.6231208496854,
                5.759861941941719,
                5.745911423804511,
                5.806420692363394,
                2.549984429395707,
                3.496345009233264,
                3.351748015120564
            ],
            "UnitPairs": [
                [
                    -0.9970634214277684,
                    -0.07658024321424105
                ],
                [
                    -0.972683268073036,
                    -0.23213629619419412
                ],
                [
                    -0.42679429057152446,
                    -0.9043487344689267
                ],
                [
                    -0.19825500933280518,
                    -0.9801504737918812
                ],
                [
                    0.7101544291537751,
                    -0.7040459407973857
                ],
                [
                    0.9688866400539216,
                    0.24750490646656406
                ],
                [
                    0.9677604642019532,
                    0.25187235641812755
                ],
                [
                    0.966455320501247,
                    0.2568347980216697
                ],
                [
                    0.41577536223723877,
                    0.9094673430951179
                ],
                [
                    -0.5599380595721397,
                    0.8285344708837327
                ],
                [
                    -0.9924173169904661,
                    0.12291407135655628
                ],
                [
                    -0.9991303994856208,
                    0.041694661813043474
                ]
            ]
        },
        {
            "Type": "R",
            "Centroid": {
                "x": 88533.4494375,
                "y": 439131.69575
            },
            "Distances": [
                0.0
            ],
            "UnitPairs": [
                [
                    0.0,
                    0.0
                ]
            ]
        }
    ]
}