{
    "Pand ID": "0599100000689702",
    "Archetype ID": "TI.1946",
    "Construction Year": 1926,
    "Number of Floors": 4,
    "Wall Area": 156.33,
    "Roof Area (Flat)": 10.05,
    "Roof Area (Sloped)": 63.99,
    "Floor Area": 62.25,
    "Shared Wall Area": 283.11,
    "Absolute Height (70%)": 12.202558517456055,
    "Surfaces": [
        {
            "Type": "G",
            "Centroid": {
                "x": 94955.66318749999,
                "y": 434618.9613125
            },
            "Distances": [
                8.27668095888544,
                8.504635879635375,
                8.710630463406709,
                8.22438503444933,
                6.415504603694754,
                5.234433369089222,
                4.503526001401835,
                4.835926896195871,
                4.527718265900931,
                4.190573880219155,
                4.438663137194575,
                4.324859095463435,
                4.6922115729684934,
                4.896718946972063,
                3.8457239494739213,
                4.793657966030086
            ],
            "UnitPairs": [
                [
                    -0.9937784893306465,
                    -0.1113746566490693
                ],
                [
                    -0.9930098853751442,
                    -0.1180312142919951
                ],
                [
                    -0.7647193309345414,
                    -0.6443635192149127
                ],
                [
                    -0.7510819926503197,
                    -0.6602089368650088
                ],
                [
                    -0.6751125231050868,
                    -0.7377147695055885
                ],
                [
                    0.9746637582855652,
                    -0.22367511771463888
                ],
                [
                    0.9985092788631956,
                    -0.05458223176182046
                ],
                [
                    0.9997695589253066,
                    -0.021466929130589854
                ],
                [
                    0.8666202863289741,
                    0.498968214742269
                ],
                [
                    0.8604579236827858,
                    0.5095215025604996
                ],
                [
                    0.8312891485459332,
                    0.5558402212054986
                ],
                [
                    0.8090003449312748,
                    0.5878081676032396
                ],
                [
                    0.7810416139628594,
                    0.6244789806376926
                ],
                [
                    0.7061488595643856,
                    0.7080634068612199
                ],
                [
                    0.6097194002498008,
                    0.7926173433372646
                ],
                [
                    -0.9969813311387659,
                    0.07764164707664517
                ]
            ]
        },
        {
            "Type": "F",
            "Centroid": {
                "x": 94955.28403703702,
                "y": 434618.6906481482
            },
            "Distances": [
                7.873010294501054,
                8.099287603852847,
                4.023137957286822,
                7.117256662075075,
                6.856586959060097,
                6.387786835280652,
                6.244109311782306,
                8.24636502779064,
                7.761059405605306,
                5.960651209236847,
                5.554387607124164,
                5.670509898144431,
                4.584035326572742,
                4.876026295123665,
                5.216631990054799,
                3.3444445955920608,
                4.991556936752149,
                4.6548955895242,
                4.295533790081762,
                4.904313647867517,
                4.79069225506252,
                2.854802663149933,
                5.157430467132105,
                5.356661389861584,
                4.180338567835741,
                4.293570989068643,
                4.446749872734335
            ],
            "UnitPairs": [
                [
                    -0.9965739588211177,
                    -0.08270637580988142
                ],
                [
                    -0.9958946306826372,
                    -0.09052007831135507
                ],
                [
                    -0.984564058973226,
                    -0.17502460906445716
                ],
                [
                    -0.9211466367331036,
                    -0.38921571606924055
                ],
                [
                    -0.9208717215633316,
                    -0.3898657107581862
                ],
                [
                    -0.9203558585510998,
                    -0.39108195257601436
                ],
                [
                    -0.8934880474482453,
                    -0.44908697272034326
                ],
                [
                    -0.7617946835801083,
                    -0.647818539460768
                ],
                [
                    -0.7470677305790957,
                    -0.6647479266063187
                ],
                [
                    -0.6630210187279322,
                    -0.7486007806067095
                ],
                [
                    0.9867807849679877,
                    -0.16206073681790453
                ],
                [
                    0.9886170844722257,
                    -0.1504535153781263
                ],
                [
                    0.9997660655900428,
                    -0.021629010486062687
                ],
                [
                    0.9999870115221158,
                    0.005096742790054272
                ],
                [
                    0.9994883620135475,
                    0.031984593157889846
                ],
                [
                    0.9418493483553209,
                    0.33603542224393174
                ],
                [
                    0.8620482581882289,
                    0.5068262035004115
                ],
                [
                    0.8560799885486976,
                    0.5168433546118801
                ],
                [
                    0.8485471517836254,
                    0.5291197701843099
                ],
                [
                    0.829670215878735,
                    0.5582538247820014
                ],
                [
                    0.8094786215653174,
                    0.5871493517229783
                ],
                [
                    0.7944377354855916,
                    0.6073456054311459
                ],
                [
                    0.7841042140540614,
                    0.6206291819618722
                ],
                [
                    0.7162974628630314,
                    0.697795059237298
                ],
                [
                    0.7106991251436529,
                    0.7034960934646662
                ],
                [
                    0.6344283045272262,
                    0.7729817115654866
                ],
                [
                    -0.9894950611036826,
                    0.14456667683605262
                ]
            ]
        },
        {
            "Type": "R",
            "Centroid": {
                "x": 94949.405,
                "y": 434616.1925
            },
            "Distances": [
                0.0
            ],
            "UnitPairs": [
                [
                    0.0,
                    0.0
                ]
            ]
        }
    ]
}