{
    "Pand ID": "0599100000310275",
    "Archetype ID": "TI.1946",
    "Construction Year": 1919,
    "Number of Floors": 2,
    "Wall Area": 54.21,
    "Roof Area (Flat)": 25.74,
    "Roof Area (Sloped)": 22.46,
    "Floor Area": 41.08,
    "Shared Wall Area": 107.53,
    "Absolute Height (70%)": 5.245666980743408,
    "Surfaces": [
        {
            "Type": "G",
            "Centroid": {
                "x": 94104.09566666668,
                "y": 434028.936
            },
            "Distances": [
                5.192878940859219,
                5.209255963602272,
                3.3933655409078924,
                2.422886713758704,
                2.3929958269472174,
                3.6773598810096666,
                5.018948332173004,
                5.033938553572277,
                3.431989903042247,
                2.412988678235429,
                2.408176009873713,
                3.3806669994387732
            ],
            "UnitPairs": [
                [
                    -0.9620225550343435,
                    -0.2729699683210471
                ],
                [
                    -0.3946180953729852,
                    -0.9188452311484223
                ],
                [
                    -0.13015593555757302,
                    -0.9914935362568598
                ],
                [
                    0.317527571124654,
                    -0.9482490398495945
                ],
                [
                    0.8868938714532922,
                    -0.46197322517500006
                ],
                [
                    0.9975453727764325,
                    0.07002306228899331
                ],
                [
                    0.9660058268080968,
                    0.2585202943151767
                ],
                [
                    0.38088135421725205,
                    0.9246239203101075
                ],
                [
                    0.14141455745546552,
                    0.9899504648918929
                ],
                [
                    -0.32559898591714964,
                    0.9455079589140029
                ],
                [
                    -0.8934839720394585,
                    0.4490950809222834
                ],
                [
                    -0.9999999015654041,
                    0.0004436994277423751
                ]
            ]
        },
        {
            "Type": "F",
            "Centroid": {
                "x": 94104.29127272729,
                "y": 434028.8376818182
            },
            "Distances": [
                5.356262988170811,
                5.200699727233931,
                3.327771055550721,
                2.272787639183679,
                2.174095949657681,
                3.490908375937866,
                4.857589882943436,
                5.055059393423903,
                3.507803679371548,
                2.5741854525264456,
                3.5776654803544368
            ],
            "UnitPairs": [
                [
                    -0.9691967587759173,
                    -0.24628772356383552
                ],
                [
                    -0.43287881349796825,
                    -0.9014521245327403
                ],
                [
                    -0.19150137333512277,
                    -0.9814923453653431
                ],
                [
                    0.25243329505211715,
                    -0.9676142989585939
                ],
                [
                    0.8862199816981502,
                    -0.4632646587415562
                ],
                [
                    0.9947918704067295,
                    0.10192710421021811
                ],
                [
                    0.957826285221811,
                    0.28734788556414675
                ],
                [
                    0.34059486520646837,
                    0.9402101561858326
                ],
                [
                    0.08259506494534342,
                    0.996583190329174
                ],
                [
                    -0.3811973711206713,
                    0.9244936799409119
                ],
                [
                    -0.9996107089718802,
                    0.027900367537634283
                ]
            ]
        },
        {
            "Type": "R",
            "Centroid": {
                "x": 94101.944,
                "y": 434030.0175
            },
            "Distances": [
                0.0
            ],
            "UnitPairs": [
                [
                    0.0,
                    0.0
                ]
            ]
        }
    ]
}