{
    "Pand ID": "0599100000219876",
    "Archetype ID": "TI.1946",
    "Construction Year": 1900,
    "Number of Floors": 3,
    "Wall Area": 101.43,
    "Roof Area (Flat)": 18.62,
    "Roof Area (Sloped)": 17.06,
    "Floor Area": 34.89,
    "Shared Wall Area": 103.08,
    "Absolute Height (70%)": 8.62102222442627,
    "Surfaces": [
        {
            "Type": "G",
            "Centroid": {
                "x": 86024.89391666667,
                "y": 434212.575
            },
            "Distances": [
                2.6310819120157194,
                0.7427846442833388,
                3.7559717820450067,
                4.573101867917649,
                5.194957172856327,
                5.220464254039475
            ],
            "UnitPairs": [
                [
                    -0.9709567212622717,
                    -0.23925518894188913
                ],
                [
                    -0.05878778862853274,
                    -0.9982705023730627
                ],
                [
                    -0.053958516843263936,
                    -0.9985431780649624
                ],
                [
                    0.5220380831838488,
                    -0.8529221768166969
                ],
                [
                    0.5384709132833239,
                    0.8426440977944504
                ],
                [
                    -0.45660051494782866,
                    0.889671832615475
                ]
            ]
        },
        {
            "Type": "F",
            "Centroid": {
                "x": 86025.15785,
                "y": 434212.70720000006
            },
            "Distances": [
                2.919707665168068,
                0.9262664034151219,
                1.0741118424517888,
                3.9106361183479814,
                4.55757576462608,
                3.0731043018459534,
                2.8230643368404325,
                4.943752385545673,
                5.231695427820319,
                3.6602665544767454
            ],
            "UnitPairs": [
                [
                    -0.9653706203619012,
                    -0.2608822825376955
                ],
                [
                    -0.3320858868096471,
                    -0.9432491525476449
                ],
                [
                    -0.2938241508270947,
                    -0.9558594919708319
                ],
                [
                    -0.11931562689009673,
                    -0.9928563749001279
                ],
                [
                    0.46590558438494223,
                    -0.8848344401292965
                ],
                [
                    0.721550517716609,
                    -0.6923617915388555
                ],
                [
                    0.8488648199494657,
                    0.5286099861449473
                ],
                [
                    0.5124447590472574,
                    0.8587201924521155
                ],
                [
                    -0.5060692153288576,
                    0.8624928691278754
                ],
                [
                    -0.7416399761028134,
                    0.6707981409084394
                ]
            ]
        },
        {
            "Type": "R",
            "Centroid": {
                "x": 86027.55425,
                "y": 434214.19950000005
            },
            "Distances": [
                0.0
            ],
            "UnitPairs": [
                [
                    0.0,
                    0.0
                ]
            ]
        }
    ]
}