{
    "Pand ID": "0599100000205953",
    "Archetype ID": "TI.1946",
    "Construction Year": 1933,
    "Number of Floors": 3,
    "Wall Area": 60.92,
    "Roof Area (Flat)": 0.0,
    "Roof Area (Sloped)": 46.57,
    "Floor Area": 41.12,
    "Shared Wall Area": 99.55,
    "Absolute Height (70%)": 6.101887226104736,
    "Surfaces": [
        {
            "Type": "G",
            "Centroid": {
                "x": 95279.412875,
                "y": 433306.86791666667
            },
            "Distances": [
                4.881291157170438,
                2.7394374169246793,
                4.457216922546436,
                4.482329642923908,
                2.7511972595965446,
                4.855061279490206
            ],
            "UnitPairs": [
                [
                    -0.7441678611316647,
                    -0.6679926604826758
                ],
                [
                    0.30754489765244825,
                    -0.9515335705732852
                ],
                [
                    0.874648927291384,
                    -0.4847569019498652
                ],
                [
                    0.7024249108899583,
                    0.711757855285935
                ],
                [
                    0.04561650371358724,
                    0.998959025480499
                ],
                [
                    -0.9026662585096366,
                    0.43034128984820197
                ]
            ]
        },
        {
            "Type": "F",
            "Centroid": {
                "x": 95279.24437500001,
                "y": 433307.38925
            },
            "Distances": [
                5.128627496718719,
                4.871715611581092,
                4.257469905934751,
                2.246322550315707,
                4.496267340802521
            ],
            "UnitPairs": [
                [
                    -0.6754243707938381,
                    -0.7374292639553627
                ],
                [
                    0.8348188449931984,
                    -0.5505247460779781
                ],
                [
                    0.779101220509319,
                    0.6268981481874781
                ],
                [
                    0.13088058077549555,
                    0.9913981407970609
                ],
                [
                    -0.9372218510599233,
                    0.34873371201507153
                ]
            ]
        },
        {
            "Type": "R",
            "Centroid": {
                "x": 95280.25537500001,
                "y": 433304.26125
            },
            "Distances": [
                0.0
            ],
            "UnitPairs": [
                [
                    0.0,
                    0.0
                ]
            ]
        }
    ]
}