{
    "Pand ID": "0599100000052591",
    "Archetype ID": "TI.1946",
    "Construction Year": 1940,
    "Number of Floors": 3,
    "Wall Area": 57.32,
    "Roof Area (Flat)": 0.0,
    "Roof Area (Sloped)": 37.43,
    "Floor Area": 31.57,
    "Shared Wall Area": 85.52,
    "Absolute Height (70%)": 5.920582294464111,
    "Surfaces": [
        {
            "Type": "G",
            "Centroid": {
                "x": 94354.8035,
                "y": 433017.2075
            },
            "Distances": [
                4.032688588275642,
                4.052762422115184,
                2.482854456053445,
                4.017619599963576,
                4.031286798254499,
                2.483435171293519
            ],
            "UnitPairs": [
                [
                    -0.9999532351010127,
                    -0.009670967429307916
                ],
                [
                    -0.23527162480588162,
                    -0.9719296592661428
                ],
                [
                    0.6260938881086426,
                    -0.7797476792354066
                ],
                [
                    0.9999702311384007,
                    0.007716011729757305
                ],
                [
                    0.23230795695350978,
                    0.9726422842628661
                ],
                [
                    -0.6130621075215728,
                    0.7900347158962114
                ]
            ]
        },
        {
            "Type": "F",
            "Centroid": {
                "x": 94355.108,
                "y": 433016.81510000007
            },
            "Distances": [
                3.7631018535813707,
                1.9862529949892571,
                3.7370625576715812,
                4.3594545024993305,
                4.351374559833964
            ],
            "UnitPairs": [
                [
                    -0.33429868468863855,
                    -0.9424671821424055
                ],
                [
                    0.6293256715803017,
                    -0.7771416853380098
                ],
                [
                    0.9935611038624952,
                    0.11329754141877857
                ],
                [
                    0.14497226651532996,
                    0.9894357189536914
                ],
                [
                    -0.9966965473468737,
                    0.08121571588566488
                ]
            ]
        },
        {
            "Type": "R",
            "Centroid": {
                "x": 94353.28099999999,
                "y": 433019.1695
            },
            "Distances": [
                0.0
            ],
            "UnitPairs": [
                [
                    0.0,
                    0.0
                ]
            ]
        }
    ]
}