{
    "Pand ID": "0599100000160835",
    "Archetype ID": "TI.1946",
    "Construction Year": 1910,
    "Number of Floors": 2,
    "Wall Area": 43.31,
    "Roof Area (Flat)": 12.01,
    "Roof Area (Sloped)": 50.91,
    "Floor Area": 50.27,
    "Shared Wall Area": 114.85,
    "Absolute Height (70%)": 4.034560203552246,
    "Surfaces": [
        {
            "Type": "G",
            "Centroid": {
                "x": 97641.50191666668,
                "y": 436721.2045
            },
            "Distances": [
                4.4915622846619785,
                4.3533579288916044,
                4.467844904453863,
                3.2572742833505646,
                1.9467275336776233,
                4.55491499264421,
                7.125002439075329,
                7.274174850581075,
                5.084082440015618,
                2.635443306816752,
                3.7128414218106136,
                4.92119657777803
            ],
            "UnitPairs": [
                [
                    -0.9878337169728958,
                    -0.15551381807258408
                ],
                [
                    -0.9854270511976835,
                    -0.17009857955855517
                ],
                [
                    -0.9792006571907483,
                    -0.20289424081823149
                ],
                [
                    -0.9237529311096077,
                    -0.3829889323027604
                ],
                [
                    -0.3302550847801225,
                    -0.9438917199429573
                ],
                [
                    0.7750053160228134,
                    -0.6319547136752595
                ],
                [
                    0.8678008725179972,
                    -0.49691211059603146
                ],
                [
                    0.9902268616420606,
                    0.13946599041528138
                ],
                [
                    0.9512204788939805,
                    0.30851191311310205
                ],
                [
                    0.15522372736077072,
                    0.9878793420576366
                ],
                [
                    -0.5265284574734048,
                    0.8501575050957775
                ],
                [
                    -0.7016416865499815,
                    0.7125299598580382
                ]
            ]
        },
        {
            "Type": "F",
            "Centroid": {
                "x": 97641.18225,
                "y": 436721.2841666667
            },
            "Distances": [
                4.1901421125785685,
                4.054079232533001,
                4.268864242823628,
                4.173437103500097,
                2.9989059544499104,
                4.855030905196296,
                7.4425374877862716,
                7.580612173407352,
                5.366412466156741,
                2.6269395228474326,
                3.4843860181324535,
                4.643322329638875
            ],
            "UnitPairs": [
                [
                    -0.9826039044441816,
                    -0.18571366931663863
                ],
                [
                    -0.9793222510646056,
                    -0.20230652132285235
                ],
                [
                    -0.974322387269418,
                    -0.2251574685983617
                ],
                [
                    -0.9716811106580135,
                    -0.2362960414192528
                ],
                [
                    -0.8967436928141678,
                    -0.44255027894919396
                ],
                [
                    0.792940369522292,
                    -0.6092992453481715
                ],
                [
                    0.8737275439554213,
                    -0.48641564421143696
                ],
                [
                    0.992367084335668,
                    0.12331897634640436
                ],
                [
                    0.9607442649106963,
                    0.2774355014074548
                ],
                [
                    0.2774140758365824,
                    0.9607504517447467
                ],
                [
                    -0.46930793301384505,
                    0.8830345769052718
                ],
                [
                    -0.6747862365701057,
                    0.7380132349325134
                ]
            ]
        },
        {
            "Type": "R",
            "Centroid": {
                "x": 97640.859,
                "y": 436719.36699999997
            },
            "Distances": [
                0.0
            ],
            "UnitPairs": [
                [
                    0.0,
                    0.0
                ]
            ]
        }
    ]
}