{
    "Pand ID": "0599100000136573",
    "Archetype ID": "TI.1946",
    "Construction Year": 1940,
    "Number of Floors": 3,
    "Wall Area": 53.43,
    "Roof Area (Flat)": 9.35,
    "Roof Area (Sloped)": 34.52,
    "Floor Area": 38.91,
    "Shared Wall Area": 113.93,
    "Absolute Height (70%)": 5.895827293395996,
    "Surfaces": [
        {
            "Type": "G",
            "Centroid": {
                "x": 95340.9185125,
                "y": 433747.26775
            },
            "Distances": [
                4.199503457563654,
                2.9169553802085955,
                3.4138661499847998,
                6.042515228777627,
                5.738486986124647,
                2.804272149771817,
                2.1399196924198707,
                3.6780097457729117,
                3.632968605696822,
                3.634967907703525
            ],
            "UnitPairs": [
                [
                    -0.39830899459860153,
                    -0.9172512986209674
                ],
                [
                    0.06386796358464975,
                    -0.9979583574616477
                ],
                [
                    0.9066846396466491,
                    -0.4218091561699746
                ],
                [
                    0.9999643809293812,
                    0.00844019386740798
                ],
                [
                    0.7028507705511591,
                    0.7113373280909994
                ],
                [
                    0.38594684901843124,
                    0.922521018585888
                ],
                [
                    -0.8540974721941832,
                    0.5201129761806627
                ],
                [
                    -0.9988282397080395,
                    0.04839573908661024
                ],
                [
                    -0.9996508074149768,
                    0.02642467094563203
                ],
                [
                    -0.9996511915015636,
                    0.026410136870231776
                ]
            ]
        },
        {
            "Type": "F",
            "Centroid": {
                "x": 95340.79825694444,
                "y": 433746.9803055555
            },
            "Distances": [
                3.887948052830096,
                2.6414049408607068,
                3.4158720466928747,
                6.171842157512153,
                6.02860419221901,
                2.208305045277816,
                3.5837976994672993,
                3.5323181805189905,
                3.534306368476957
            ],
            "UnitPairs": [
                [
                    -0.3992966015364788,
                    -0.9168218060241687
                ],
                [
                    0.116057765626584,
                    -0.9932424653818245
                ],
                [
                    0.9413571444118201,
                    -0.3374118057579253
                ],
                [
                    0.9984953273716227,
                    0.05483686002166641
                ],
                [
                    0.6889746652975681,
                    0.7247854238173558
                ],
                [
                    -0.7731922942871592,
                    0.6341716455778824
                ],
                [
                    -0.9915304217583091,
                    0.12987464235865911
                ],
                [
                    -0.994090641045271,
                    0.10855320071836716
                ],
                [
                    -0.9940973074073726,
                    0.1084921352237649
                ]
            ]
        },
        {
            "Type": "R",
            "Centroid": {
                "x": 95342.00081249999,
                "y": 433749.85475
            },
            "Distances": [
                0.0
            ],
            "UnitPairs": [
                [
                    0.0,
                    0.0
                ]
            ]
        }
    ]
}