{
    "Pand ID": "0599100000285217",
    "Archetype ID": "TI.1946",
    "Construction Year": 1941,
    "Number of Floors": 2,
    "Wall Area": 57.49,
    "Roof Area (Flat)": 0.0,
    "Roof Area (Sloped)": 47.51,
    "Floor Area": 43.61,
    "Shared Wall Area": 113.99,
    "Absolute Height (70%)": 5.559617519378662,
    "Surfaces": [
        {
            "Type": "G",
            "Centroid": {
                "x": 94009.71231249999,
                "y": 433132.1920833333
            },
            "Distances": [
                2.551062921169283,
                5.315566889917001,
                5.275667827655487,
                2.560445214103131,
                4.806941130064025,
                4.769300545619347
            ],
            "UnitPairs": [
                [
                    -0.8955090762509268,
                    -0.4450432499793831
                ],
                [
                    0.19706270689351407,
                    -0.9803908861019675
                ],
                [
                    0.9228215572018726,
                    -0.38522769054613776
                ],
                [
                    0.6024342920909675,
                    0.798168480781379
                ],
                [
                    -0.1399018589586149,
                    0.9901653750055713
                ],
                [
                    -0.9438490942100853,
                    0.33037688684107663
                ]
            ]
        },
        {
            "Type": "F",
            "Centroid": {
                "x": 94009.4038125,
                "y": 433131.78335
            },
            "Distances": [
                2.105355922397135,
                4.99036098493441,
                5.425624937270554,
                5.181202038161642,
                4.638867573024327
            ],
            "UnitPairs": [
                [
                    -0.938558644158019,
                    -0.34511979293610673
                ],
                [
                    0.27172383001819844,
                    -0.962375269944236
                ],
                [
                    0.954175797230911,
                    -0.29924663403078666
                ],
                [
                    -0.07025396757748303,
                    0.9975291374389131
                ],
                [
                    -0.9038843929027401,
                    0.42777681595295086
                ]
            ]
        },
        {
            "Type": "R",
            "Centroid": {
                "x": 94011.25481249999,
                "y": 433134.23575
            },
            "Distances": [
                0.0
            ],
            "UnitPairs": [
                [
                    0.0,
                    0.0
                ]
            ]
        }
    ]
}