{
    "Pand ID": "0599100000080757",
    "Archetype ID": "TI.1946",
    "Construction Year": 1933,
    "Number of Floors": 2,
    "Wall Area": 79.7,
    "Roof Area (Flat)": 6.53,
    "Roof Area (Sloped)": 46.81,
    "Floor Area": 48.26,
    "Shared Wall Area": 124.8,
    "Absolute Height (70%)": 6.417572498321533,
    "Surfaces": [
        {
            "Type": "G",
            "Centroid": {
                "x": 95325.88614583334,
                "y": 433452.8103333334
            },
            "Distances": [
                3.7395427686264875,
                7.176802244167937,
                7.4459123317470794,
                4.242167148770769,
                3.091621815694901,
                0.8019004206626443,
                1.1447510433913606,
                3.157960726640527,
                4.453298322720253,
                3.1635422052452267,
                4.9873631260381925,
                2.850574261087841
            ],
            "UnitPairs": [
                [
                    -0.4867796535510404,
                    -0.8735247958064666
                ],
                [
                    -0.1792348861754421,
                    -0.9838063099907809
                ],
                [
                    0.524269759396259,
                    -0.8515522411353215
                ],
                [
                    0.7962125367057701,
                    -0.6050170215725859
                ],
                [
                    0.9230322584008888,
                    0.38472256231127766
                ],
                [
                    0.09311214301530632,
                    0.9956556276258861
                ],
                [
                    0.024168282545893833,
                    0.999707904399471
                ],
                [
                    -0.07768726547801208,
                    0.9969777774767845
                ],
                [
                    -0.19431290487203956,
                    0.9809395980386304
                ],
                [
                    -0.2166348001318548,
                    0.9762527149113756
                ],
                [
                    -0.5727141299240157,
                    0.8197551618534511
                ],
                [
                    -0.8694154603084514,
                    0.49408173147430123
                ]
            ]
        },
        {
            "Type": "F",
            "Centroid": {
                "x": 95325.87547916667,
                "y": 433453.2138333333
            },
            "Distances": [
                7.572309122744607,
                7.797734635826069,
                4.5057960211500285,
                2.9701970391677492,
                0.4040308793109585,
                0.7419076435185492,
                2.754929391401862,
                4.055985612067995,
                2.7683844780469014,
                4.655795272390692,
                2.2644957021209238,
                2.6644392064519655
            ],
            "UnitPairs": [
                [
                    -0.16846468441661933,
                    -0.9857076899894861
                ],
                [
                    0.5019833985290326,
                    -0.8648772558006381
                ],
                [
                    0.7519943906507962,
                    -0.659169505081764
                ],
                [
                    0.9643580192019005,
                    0.26460085185234555
                ],
                [
                    0.21120497885494097,
                    0.9774417920811879
                ],
                [
                    0.05166860547281922,
                    0.9986642855376846
                ],
                [
                    -0.08518064651791576,
                    0.9963655240215762
                ],
                [
                    -0.21071738127910952,
                    0.9775470245603913
                ],
                [
                    -0.2437041068620372,
                    0.969849631797928
                ],
                [
                    -0.6112095786406925,
                    0.7914687934327337
                ],
                [
                    -0.8556724858716303,
                    0.5175177261913495
                ],
                [
                    -0.9261486096972266,
                    0.37715878984307694
                ]
            ]
        },
        {
            "Type": "R",
            "Centroid": {
                "x": 95324.06581249999,
                "y": 433449.54375
            },
            "Distances": [
                0.0
            ],
            "UnitPairs": [
                [
                    0.0,
                    0.0
                ]
            ]
        }
    ]
}