{
    "Pand ID": "0599100000122296",
    "Archetype ID": "TI.1946",
    "Construction Year": 1903,
    "Number of Floors": 4,
    "Wall Area": 102.76,
    "Roof Area (Flat)": 19.55,
    "Roof Area (Sloped)": 46.59,
    "Floor Area": 55.39,
    "Shared Wall Area": 219.79,
    "Absolute Height (70%)": 8.683636665344238,
    "Surfaces": [
        {
            "Type": "G",
            "Centroid": {
                "x": 92932.78020833334,
                "y": 439937.98666666663
            },
            "Distances": [
                3.950423080350344,
                7.433833332371317,
                7.293870783989892,
                3.6989177940633144,
                2.169435183135411,
                2.88478023669069,
                3.3823916608395863,
                4.902678894970159,
                4.438640258833157,
                5.1950433281114865,
                3.352154359131475,
                2.711844823588938
            ],
            "UnitPairs": [
                [
                    -0.8119594453797213,
                    -0.5837138503227891
                ],
                [
                    -0.5353339462164503,
                    -0.8446404951388033
                ],
                [
                    0.10836724286442316,
                    -0.9941109297628525
                ],
                [
                    0.4199651771540554,
                    -0.9075402194822899
                ],
                [
                    0.9778658902338708,
                    -0.20923264735007094
                ],
                [
                    0.8646816956600333,
                    0.5023201819462261
                ],
                [
                    0.7767925569026808,
                    0.6297565589500402
                ],
                [
                    0.6064881527751859,
                    0.7950925232596158
                ],
                [
                    0.3078457786598124,
                    0.9514362703625157
                ],
                [
                    -0.34967626227549176,
                    0.9368705949068108
                ],
                [
                    -0.6815268894474954,
                    0.731793071134198
                ],
                [
                    -0.9729846303821288,
                    0.23086989634890126
                ]
            ]
        },
        {
            "Type": "F",
            "Centroid": {
                "x": 92932.725125,
                "y": 439938.12316666666
            },
            "Distances": [
                3.987938743705213,
                7.520589821068271,
                7.435643567098422,
                3.8459371103982973,
                2.2551594378795663,
                3.3421820352849485,
                4.82921540453998,
                3.5031948642480506,
                4.326756936808863,
                5.0479006451954875,
                3.2151560755821924,
                2.629479813617989
            ],
            "UnitPairs": [
                [
                    -0.7905086318019782,
                    -0.612450898478045
                ],
                [
                    -0.5218340706469021,
                    -0.8530470108452898
                ],
                [
                    0.11370905455333662,
                    -0.9935140919547072
                ],
                [
                    0.4182335680043177,
                    -0.9083395194498463
                ],
                [
                    0.9651202320523601,
                    -0.2618070619429481
                ],
                [
                    0.8026193581586857,
                    0.596491547223378
                ],
                [
                    0.6271205043273147,
                    0.7789222509674855
                ],
                [
                    0.5390793470480528,
                    0.8422549837111355
                ],
                [
                    0.32853705922748205,
                    0.9444910802724173
                ],
                [
                    -0.3489569474133402,
                    0.9371387564560348
                ],
                [
                    -0.6934344546813381,
                    0.7205197131659863
                ],
                [
                    -0.9825137225292635,
                    0.18619018513791014
                ]
            ]
        },
        {
            "Type": "R",
            "Centroid": {
                "x": 92935.274625,
                "y": 439939.43575
            },
            "Distances": [
                0.0
            ],
            "UnitPairs": [
                [
                    0.0,
                    0.0
                ]
            ]
        }
    ]
}