{
    "Pand ID": "0599100000055701",
    "Archetype ID": "TI.1946",
    "Construction Year": 1922,
    "Number of Floors": 3,
    "Wall Area": 127.75,
    "Roof Area (Flat)": 42.53,
    "Roof Area (Sloped)": 6.2,
    "Floor Area": 47.95,
    "Shared Wall Area": 201.04,
    "Absolute Height (70%)": 9.053354263305664,
    "Surfaces": [
        {
            "Type": "G",
            "Centroid": {
                "x": 94968.738,
                "y": 437526.319625
            },
            "Distances": [
                2.6559195235661104,
                4.75778801186346,
                1.5745933651884905,
                4.221472878715161,
                2.4392780213603125,
                3.092134338212717,
                7.680087516764293,
                7.474777171629558
            ],
            "UnitPairs": [
                [
                    0.16133771983939194,
                    -0.9868992553229665
                ],
                [
                    0.6228734850330839,
                    -0.7823225815753632
                ],
                [
                    0.8151310861463978,
                    -0.5792765422471324
                ],
                [
                    0.8841700769458146,
                    -0.46716514749457977
                ],
                [
                    0.8734141747446998,
                    0.48697810972879985
                ],
                [
                    0.7844096454746908,
                    0.6202431040215358
                ],
                [
                    -0.7202391884106817,
                    0.6937258186614669
                ],
                [
                    -0.9943440224820779,
                    0.10620717939085429
                ]
            ]
        },
        {
            "Type": "F",
            "Centroid": {
                "x": 94968.93516666668,
                "y": 437526.46927777777
            },
            "Distances": [
                2.780418062969317,
                4.758493802837164,
                1.5190431726958056,
                4.123169013757507,
                2.194466486496606,
                1.9802326867798248,
                2.844658023652861,
                7.722150423316923,
                7.656816291132996
            ],
            "UnitPairs": [
                [
                    0.08320091730467344,
                    -0.9965327929173535
                ],
                [
                    0.5813464192533141,
                    -0.8136561563838561
                ],
                [
                    0.7151431590963732,
                    -0.6989780125280478
                ],
                [
                    0.8574310976636149,
                    -0.5145987881440924
                ],
                [
                    0.88100380899699,
                    0.4731091718967149
                ],
                [
                    0.7965393884518596,
                    0.6045866378317813
                ],
                [
                    0.7833396193109268,
                    0.6215939517223542
                ],
                [
                    -0.7418486241059544,
                    0.6705673858100335
                ],
                [
                    -0.9964541888657374,
                    0.08413708749371689
                ]
            ]
        },
        {
            "Type": "R",
            "Centroid": {
                "x": 94961.3055,
                "y": 437527.1135
            },
            "Distances": [
                0.0
            ],
            "UnitPairs": [
                [
                    0.0,
                    0.0
                ]
            ]
        }
    ]
}