{
    "Pand ID": "0599100000030651",
    "Archetype ID": "TI.1946",
    "Construction Year": 1922,
    "Number of Floors": null,
    "Wall Area": 98.29,
    "Roof Area (Flat)": 20.51,
    "Roof Area (Sloped)": 48.02,
    "Floor Area": 62.13,
    "Shared Wall Area": 117.61,
    "Absolute Height (70%)": 2.7068326473236084,
    "Surfaces": [
        {
            "Type": "G",
            "Centroid": {
                "x": 94363.7468125,
                "y": 441405.79843749997
            },
            "Distances": [
                3.9852064769621802,
                2.7386554482039225,
                2.994870120522097,
                4.148226658937428,
                4.368115945559857,
                8.220823858578715,
                8.148221625840353,
                4.608393542121431,
                2.9978180255139355,
                2.48411390927533,
                3.596305974776743,
                5.117432697559063,
                4.870542645789793,
                4.644835671388794,
                4.664640705788809,
                5.252608986403251
            ],
            "UnitPairs": [
                [
                    -0.9991169900514614,
                    -0.0420147615786177
                ],
                [
                    -0.7966272286730832,
                    -0.6044708913890255
                ],
                [
                    -0.2155978302951536,
                    -0.9764822453951849
                ],
                [
                    0.18135761660463462,
                    -0.9834172130380301
                ],
                [
                    0.2216773803784506,
                    -0.9751200639042086
                ],
                [
                    0.5203021708762079,
                    -0.8539822310689521
                ],
                [
                    0.9207300493900054,
                    -0.3902001744621319
                ],
                [
                    0.9884816603365837,
                    -0.1513406990146093
                ],
                [
                    0.9738124446367962,
                    0.22735285938493663
                ],
                [
                    0.4284475426155223,
                    0.9035666567701135
                ],
                [
                    -0.13866659386069105,
                    0.9903391215876883
                ],
                [
                    -0.37278213759659834,
                    0.9279188961805395
                ],
                [
                    -0.46826147841382487,
                    0.8835899432619743
                ],
                [
                    -0.5730423395598344,
                    0.8195257635192389
                ],
                [
                    -0.5776838281789456,
                    0.8162606168746097
                ],
                [
                    -0.9874497632364972,
                    0.15793341978246905
                ]
            ]
        },
        {
            "Type": "F",
            "Centroid": {
                "x": 94363.89225833333,
                "y": 441405.90880000003
            },
            "Distances": [
                4.1364722156795395,
                3.136224320939048,
                4.233522314992724,
                4.446601127996549,
                8.241397381015501,
                8.058924940171922,
                4.483242672207812,
                2.832067394043342,
                2.3236018572471537,
                3.5107960907440274,
                5.072302802848678,
                4.844486473395317,
                4.641324378960788,
                4.662150275423647,
                5.38041769050608
            ],
            "UnitPairs": [
                [
                    -0.9977423074869951,
                    -0.06715867665854094
                ],
                [
                    -0.25225661571790037,
                    -0.9676603742153295
                ],
                [
                    0.1433479314658664,
                    -0.9896723551481356
                ],
                [
                    0.18505520126107905,
                    -0.9827281274524615
                ],
                [
                    0.5013551071078673,
                    -0.8652416174554127
                ],
                [
                    0.9128843761773328,
                    -0.40821822072431063
                ],
                [
                    0.983633273747593,
                    -0.1801820822850957
                ],
                [
                    0.9794493847513371,
                    0.20169011554914462
                ],
                [
                    0.3954492736387977,
                    0.9184878180893568
                ],
                [
                    -0.18347215750674378,
                    0.9830249068156008
                ],
                [
                    -0.4047734161654604,
                    0.9144170173207316
                ],
                [
                    -0.500802994631262,
                    0.8655612979843543
                ],
                [
                    -0.6048130025258099,
                    0.7963675231799164
                ],
                [
                    -0.6091895725247171,
                    0.7930246305929926
                ],
                [
                    -0.9910259091479856,
                    0.13366991956834762
                ]
            ]
        },
        {
            "Type": "R",
            "Centroid": {
                "x": 94361.56512500001,
                "y": 441404.143
            },
            "Distances": [
                0.0
            ],
            "UnitPairs": [
                [
                    0.0,
                    0.0
                ]
            ]
        }
    ]
}