{
    "Pand ID": "0599100000167388",
    "Archetype ID": "TI.1946",
    "Construction Year": 1900,
    "Number of Floors": 4,
    "Wall Area": 196.41,
    "Roof Area (Flat)": 0.0,
    "Roof Area (Sloped)": 85.96,
    "Floor Area": 71.14,
    "Shared Wall Area": 201.63,
    "Absolute Height (70%)": 9.7291898727417,
    "Surfaces": [
        {
            "Type": "G",
            "Centroid": {
                "x": 94400.6756875,
                "y": 438331.3325625
            },
            "Distances": [
                6.169013757348314,
                4.655670076766326,
                6.459460648036108,
                7.285075299102686,
                6.268178123552824,
                6.634802520674826,
                6.56577428704064,
                6.579620048931274,
                5.665222931475337,
                5.434706810238156,
                6.1712064653586225,
                6.897503315555473,
                6.580070809891074,
                5.799199340266732,
                4.951901211989476,
                4.966369950803592
            ],
            "UnitPairs": [
                [
                    -0.9718936017696744,
                    -0.23542053189806875
                ],
                [
                    0.260193480213343,
                    -0.9655564990483305
                ],
                [
                    0.5369449848828778,
                    -0.8436172610900787
                ],
                [
                    0.5997707395759514,
                    -0.8001718940006055
                ],
                [
                    0.8889943601100052,
                    -0.45791814518820084
                ],
                [
                    0.9991819619869863,
                    -0.040440163696955356
                ],
                [
                    0.9993299667573784,
                    -0.036600786066653596
                ],
                [
                    0.9993548185306513,
                    -0.03591582770268427
                ],
                [
                    0.999673811340884,
                    0.02553959512582221
                ],
                [
                    -0.6691483325555557,
                    0.7431288643553818
                ],
                [
                    -0.7103351710228217,
                    0.7038635839478973
                ],
                [
                    -0.7402134897829098,
                    0.6723719131131267
                ],
                [
                    -0.9341274854906458,
                    0.35693954789421056
                ],
                [
                    -0.935064425590612,
                    0.3544778131207918
                ],
                [
                    -0.9363322896614035,
                    0.35111514256356635
                ],
                [
                    -0.951122257663146,
                    0.3088145899690624
                ]
            ]
        },
        {
            "Type": "F",
            "Centroid": {
                "x": 94402.01772916668,
                "y": 438330.5617261905
            },
            "Distances": [
                7.369244324179193,
                3.7267675902190236,
                3.45134243097573,
                5.139010888233801,
                4.33666626457007,
                5.895161446547231,
                3.5430370486745435,
                1.2026996239617114,
                4.72266030808834,
                4.1368475350510545,
                5.311160321136567,
                5.3148133824395565,
                5.246226830476625,
                5.260560186956519,
                4.4172509124421575,
                6.922329163820692,
                7.677344109515055,
                8.415731414596205,
                6.483992972071483,
                7.331435872796684,
                8.112432264290874
            ],
            "UnitPairs": [
                [
                    -0.995714939535663,
                    -0.09247572214095474
                ],
                [
                    -0.03506166228923756,
                    -0.9993851508990493
                ],
                [
                    0.2655005556977275,
                    -0.9641107067781158
                ],
                [
                    0.41376315006493264,
                    -0.9103845647023812
                ],
                [
                    0.47786322647434054,
                    -0.8784342529657715
                ],
                [
                    0.5135284861629568,
                    -0.858072545825341
                ],
                [
                    0.5710731515177758,
                    -0.8208991750608325
                ],
                [
                    0.8092904611724459,
                    -0.5874086732891249
                ],
                [
                    0.8957521941776206,
                    -0.44455371624358064
                ],
                [
                    0.9986670522225864,
                    0.051615102489966036
                ],
                [
                    0.9955137886319574,
                    0.09461657700237543
                ],
                [
                    0.99539399648592,
                    0.09586861717886809
                ],
                [
                    0.9948737448801663,
                    0.10112483249980496
                ],
                [
                    0.9948243432892632,
                    0.10160967473172194
                ],
                [
                    0.9782856846900079,
                    0.2072609927859137
                ],
                [
                    -0.7192184232870199,
                    0.6947840381043113
                ],
                [
                    -0.74578742140386,
                    0.6661840001649553
                ],
                [
                    -0.7661445392008818,
                    0.6426683009552194
                ],
                [
                    -0.9220655686131674,
                    0.3870337028968878
                ],
                [
                    -0.9226932873777116,
                    0.3855348199943965
                ],
                [
                    -0.9231099160772143,
                    0.3845361918466431
                ]
            ]
        },
        {
            "Type": "R",
            "Centroid": {
                "x": 94395.9520625,
                "y": 438332.86625
            },
            "Distances": [
                0.0
            ],
            "UnitPairs": [
                [
                    0.0,
                    0.0
                ]
            ]
        }
    ]
}