{
    "Pand ID": "0599100000432492",
    "Archetype ID": "TI.1946",
    "Construction Year": 1935,
    "Number of Floors": 4,
    "Wall Area": 121.66,
    "Roof Area (Flat)": 43.97,
    "Roof Area (Sloped)": 29.17,
    "Floor Area": 60.55,
    "Shared Wall Area": 287.88,
    "Absolute Height (70%)": 12.305826187133789,
    "Surfaces": [
        {
            "Type": "G",
            "Centroid": {
                "x": 89895.04460416666,
                "y": 436991.0185
            },
            "Distances": [
                3.790278398745235,
                6.5117331031656915,
                6.120442536308699,
                5.754465513012807,
                5.960012206953949,
                3.121751512692717,
                3.861240798875035,
                4.758055293233191,
                6.698883701078438,
                7.077019747528772,
                5.069438546179279,
                4.267381535970212
            ],
            "UnitPairs": [
                [
                    -0.16032243617363368,
                    -0.9870646972004171
                ],
                [
                    0.22334043952679705,
                    -0.9747405029401298
                ],
                [
                    0.8070222543616533,
                    -0.5905210249982934
                ],
                [
                    0.8202904896503763,
                    -0.571947123945165
                ],
                [
                    0.8560944434627215,
                    -0.516819411276563
                ],
                [
                    0.9876933896905382,
                    -0.15640258297616066
                ],
                [
                    -0.07709093583393926,
                    0.9970240657136855
                ],
                [
                    -0.1960184590512524,
                    0.9806002058490364
                ],
                [
                    -0.3316472961468,
                    0.9434034507878994
                ],
                [
                    -0.880125658662647,
                    0.47474079766083066
                ],
                [
                    -0.950335352281951,
                    0.3112277593710757
                ],
                [
                    -0.9827259717252762,
                    0.18506664879607979
                ]
            ]
        },
        {
            "Type": "F",
            "Centroid": {
                "x": 89894.87250892857,
                "y": 436991.1560357143
            },
            "Distances": [
                3.9031655212982255,
                6.685635022822206,
                6.340551875571074,
                5.974314086260099,
                6.478884434479031,
                6.178490241015724,
                3.3150298556579965,
                3.7143375030414556,
                6.513103447306601,
                6.720200960089768,
                6.943254986018702,
                6.860373340596539,
                4.8636972651093275,
                4.0741158831785524
            ],
            "UnitPairs": [
                [
                    -0.11159440361951582,
                    -0.9937538372659522
                ],
                [
                    0.24327211489646336,
                    -0.9699580805961678
                ],
                [
                    0.8061488450432455,
                    -0.5917128016491121
                ],
                [
                    0.8189105060081846,
                    -0.5739212342729786
                ],
                [
                    0.8445016463500087,
                    -0.5355529565898454
                ],
                [
                    0.8536759573422539,
                    -0.5208045313318486
                ],
                [
                    0.9820208906632824,
                    -0.18877227100634708
                ],
                [
                    -0.0338072209316028,
                    0.9994283725274572
                ],
                [
                    -0.31468430451945295,
                    0.9491963908955344
                ],
                [
                    -0.32507531270977186,
                    0.9456881309748177
                ],
                [
                    -0.8803610757320831,
                    0.47430409689971004
                ],
                [
                    -0.88283408611842,
                    0.469684975688444
                ],
                [
                    -0.9551522587343764,
                    0.2961151172004209
                ],
                [
                    -0.9871028571321998,
                    0.1600873181780739
                ]
            ]
        },
        {
            "Type": "R",
            "Centroid": {
                "x": 89894.1119375,
                "y": 436995.68425
            },
            "Distances": [
                0.0
            ],
            "UnitPairs": [
                [
                    0.0,
                    0.0
                ]
            ]
        }
    ]
}