{
    "Pand ID": "0599100000064983",
    "Archetype ID": "TI.1946",
    "Construction Year": 1933,
    "Number of Floors": 3,
    "Wall Area": 89.16,
    "Roof Area (Flat)": 0.0,
    "Roof Area (Sloped)": 93.23,
    "Floor Area": 60.39,
    "Shared Wall Area": 178.79,
    "Absolute Height (70%)": 5.13626766204834,
    "Surfaces": [
        {
            "Type": "G",
            "Centroid": {
                "x": 92178.1883125,
                "y": 441814.29033333337
            },
            "Distances": [
                2.8858419963540602,
                3.1399694841374797,
                3.86860625565595,
                4.315966986465636,
                3.956400682615582,
                2.887044976198898,
                2.446320508001473,
                3.470056343595632,
                7.6162892557397175,
                7.964938021945526,
                4.1655000532758475,
                4.144340883801108
            ],
            "UnitPairs": [
                [
                    -0.9487698922779781,
                    -0.3159678646742954
                ],
                [
                    -0.9315377155031112,
                    -0.36364472304055856
                ],
                [
                    -0.8889506382266684,
                    -0.4580030161433426
                ],
                [
                    -0.08086252770153293,
                    -0.996725263858461
                ],
                [
                    -0.01693458407901141,
                    -0.9998565996492051
                ],
                [
                    0.32143593454567315,
                    -0.9469313280184312
                ],
                [
                    0.7652308819982911,
                    -0.6437559298648187
                ],
                [
                    0.9945083474999271,
                    0.10465728236947539
                ],
                [
                    0.8471316914766498,
                    0.5313830043348302
                ],
                [
                    0.2484639547149534,
                    0.9686411426361187
                ],
                [
                    -0.24630896336340274,
                    0.9691913611701488
                ],
                [
                    -0.9984699898071593,
                    0.05529628789069937
                ]
            ]
        },
        {
            "Type": "F",
            "Centroid": {
                "x": 92177.89818749999,
                "y": 441813.737875
            },
            "Distances": [
                2.4741144691061305,
                2.6999868807528977,
                3.3767275809886312,
                1.2068688438471455,
                1.3110310470307711,
                3.749837217314017,
                3.4106811865393962,
                2.402433174145833,
                2.1315118241048494,
                2.4984445973887546,
                2.391659498394792,
                8.161666475424239,
                8.573362899465053,
                0.570084122085522,
                4.648243717353753,
                3.926458920731894
            ],
            "UnitPairs": [
                [
                    -0.9893943997192702,
                    -0.145253990665128
                ],
                [
                    -0.9758843714285319,
                    -0.21828809770928687
                ],
                [
                    -0.9325226641697377,
                    -0.3611114520612362
                ],
                [
                    -0.8293154679570708,
                    -0.5587806856067455
                ],
                [
                    -0.050246712413771516,
                    -0.9987368361543533
                ],
                [
                    -0.015700681543201648,
                    -0.9998767367026193
                ],
                [
                    0.06541948303015253,
                    -0.9978578512193345
                ],
                [
                    0.1990169820972127,
                    -0.9799960412353295
                ],
                [
                    0.4086887955083056,
                    -0.9126738017637904
                ],
                [
                    0.487553336698797,
                    -0.873093204574328
                ],
                [
                    0.9040270997831057,
                    -0.4274751488189068
                ],
                [
                    0.826072104306842,
                    0.5635644404023961
                ],
                [
                    0.2646715211539401,
                    0.9643386261526908
                ],
                [
                    -0.04012565708974251,
                    0.9991946415204179
                ],
                [
                    -0.15831248203513315,
                    0.9873890611262998
                ],
                [
                    -0.9799860580930143,
                    0.19906613459680977
                ]
            ]
        },
        {
            "Type": "R",
            "Centroid": {
                "x": 92181.6393125,
                "y": 441814.65349999996
            },
            "Distances": [
                0.0
            ],
            "UnitPairs": [
                [
                    0.0,
                    0.0
                ]
            ]
        }
    ]
}