{
    "Pand ID": "0599100000261989",
    "Archetype ID": "TI.1946",
    "Construction Year": 1933,
    "Number of Floors": 3,
    "Wall Area": 74.49,
    "Roof Area (Flat)": 0.0,
    "Roof Area (Sloped)": 80.97,
    "Floor Area": 59.1,
    "Shared Wall Area": 176.4,
    "Absolute Height (70%)": 4.783082008361816,
    "Surfaces": [
        {
            "Type": "G",
            "Centroid": {
                "x": 92277.0427125,
                "y": 441776.26329999993
            },
            "Distances": [
                3.5715695429324503,
                7.747862931141759,
                7.763293540709046,
                3.6677106210567216,
                3.8225871867232772,
                2.6983990068457655,
                2.9703052032006307,
                3.872925612535496,
                4.679077451836608,
                4.47719952652369
            ],
            "UnitPairs": [
                [
                    -0.9999525298528587,
                    -0.009743615389976831
                ],
                [
                    -0.865064348654781,
                    -0.5016609140509947
                ],
                [
                    -0.30443264673611625,
                    -0.9525338648054688
                ],
                [
                    0.19974313016874015,
                    -0.9798482953755616
                ],
                [
                    0.9986953373539281,
                    0.0510648915354152
                ],
                [
                    0.8399795561191474,
                    0.5426180473425855
                ],
                [
                    0.8230130686127395,
                    0.5680224369623459
                ],
                [
                    0.7817346117368809,
                    0.6236112545589505
                ],
                [
                    0.054198718149317655,
                    0.9985301692743044
                ],
                [
                    0.021129279463835048,
                    0.9997767518548023
                ]
            ]
        },
        {
            "Type": "F",
            "Centroid": {
                "x": 92277.43953472223,
                "y": 441776.2671666666
            },
            "Distances": [
                8.09544583526573,
                7.896777517454387,
                3.61330211309566,
                3.4261244941475564,
                2.3724760025636025,
                2.6508498520840815,
                3.5686860551941675,
                4.670529811066786,
                4.482533180702145
            ],
            "UnitPairs": [
                [
                    -0.8769402410551292,
                    -0.48059943156247265
                ],
                [
                    -0.3495377976799379,
                    -0.9369222635806338
                ],
                [
                    0.09292823219903015,
                    -0.9956728095415497
                ],
                [
                    0.9984394272948088,
                    0.05584541183673306
                ],
                [
                    0.7881124090402785,
                    0.6155313401580207
                ],
                [
                    0.7724985917857943,
                    0.6350164767066793
                ],
                [
                    0.737183864615997,
                    0.6756922004506367
                ],
                [
                    -0.03066509111701202,
                    0.9995297155096416
                ],
                [
                    -0.06742219411154354,
                    0.9977245350001098
                ]
            ]
        },
        {
            "Type": "R",
            "Centroid": {
                "x": 92273.4713125,
                "y": 441776.22849999997
            },
            "Distances": [
                0.0
            ],
            "UnitPairs": [
                [
                    0.0,
                    0.0
                ]
            ]
        }
    ]
}