{
    "Pand ID": "0599100000219071",
    "Archetype ID": "TI.1946",
    "Construction Year": 1922,
    "Number of Floors": 3,
    "Wall Area": 67.72,
    "Roof Area (Flat)": 0.0,
    "Roof Area (Sloped)": 71.15,
    "Floor Area": 51.24,
    "Shared Wall Area": 141.3,
    "Absolute Height (70%)": 6.416200637817383,
    "Surfaces": [
        {
            "Type": "G",
            "Centroid": {
                "x": 94511.2287,
                "y": 433496.2672
            },
            "Distances": [
                2.6447932584417533,
                7.856343181106398,
                7.595127739519294,
                1.2959029978761367,
                1.1335440794282259,
                2.908827904844116,
                4.022054770892639,
                7.44930236867272,
                7.2393001167396385,
                4.083510031856278
            ],
            "UnitPairs": [
                [
                    -0.9148919267225385,
                    -0.403698851147636
                ],
                [
                    -0.5178872544402339,
                    -0.8554488831533749
                ],
                [
                    -0.27619021982785064,
                    -0.9611029926451398
                ],
                [
                    -0.2729370952815291,
                    -0.962031882018097
                ],
                [
                    -0.27233171220337266,
                    -0.9622034288695813
                ],
                [
                    0.7773921572439959,
                    -0.6290162429186756
                ],
                [
                    0.8491430859444303,
                    0.5281628722210315
                ],
                [
                    0.606942741243385,
                    0.7947455623354971
                ],
                [
                    0.00017957537090263726,
                    0.9999999838763429
                ],
                [
                    -0.23281441519296714,
                    0.9725211813006217
                ]
            ]
        },
        {
            "Type": "F",
            "Centroid": {
                "x": 94511.17572727274,
                "y": 433496.5614090909
            },
            "Distances": [
                2.730603295095746,
                8.083007799175084,
                7.864373140941218,
                1.5699801650949041,
                1.4083215641387739,
                3.141153941225349,
                3.92149824000968,
                7.250990959934133,
                6.945302964243819,
                2.9893995887646136,
                3.785090726841392
            ],
            "UnitPairs": [
                [
                    -0.8667415281389477,
                    -0.49875757979138724
                ],
                [
                    -0.4968110105185411,
                    -0.8678587556898565
                ],
                [
                    -0.25999876100585184,
                    -0.9656089499768641
                ],
                [
                    -0.19154845355816055,
                    -0.9814831582556458
                ],
                [
                    -0.18158301289595374,
                    -0.9833756197036958
                ],
                [
                    0.7367587741852403,
                    -0.6761556837452912
                ],
                [
                    0.8844254198239184,
                    0.4666815582056844
                ],
                [
                    0.6308479423756774,
                    0.7759064850872004
                ],
                [
                    0.00781430666869,
                    0.9999694678395374
                ],
                [
                    -0.17720189523138025,
                    0.9841745212747619
                ],
                [
                    -0.23717457189839983,
                    0.9714670465048265
                ]
            ]
        },
        {
            "Type": "R",
            "Centroid": {
                "x": 94510.278,
                "y": 433500.23850000004
            },
            "Distances": [
                0.0
            ],
            "UnitPairs": [
                [
                    0.0,
                    0.0
                ]
            ]
        }
    ]
}