{
    "Pand ID": "0599100000258423",
    "Archetype ID": "TI.1946",
    "Construction Year": 1912,
    "Number of Floors": 3,
    "Wall Area": 224.51,
    "Roof Area (Flat)": 0.0,
    "Roof Area (Sloped)": 85.37,
    "Floor Area": 62.68,
    "Shared Wall Area": 105.19,
    "Absolute Height (70%)": 8.553142547607422,
    "Surfaces": [
        {
            "Type": "G",
            "Centroid": {
                "x": 95155.29061764706,
                "y": 437863.0285
            },
            "Distances": [
                8.858401891603254,
                8.795635542830125,
                8.774958117037665,
                8.554038720164836,
                9.198623676595913,
                8.358676778360536,
                4.364383638394788,
                4.614381490865248,
                3.7897396250295996,
                3.7752913501419383,
                4.935384371670105,
                7.281936495972919,
                4.9613402377878035,
                7.5876443885187665,
                4.841069189319093,
                5.019932260081027,
                3.727432661918532
            ],
            "UnitPairs": [
                [
                    -0.5618527707317983,
                    -0.8272372477234093
                ],
                [
                    -0.5385759362107012,
                    -0.8425769762667188
                ],
                [
                    -0.33175288226101357,
                    -0.9433663260428105
                ],
                [
                    -0.33061782154216207,
                    -0.9437647249599421
                ],
                [
                    -0.0903523914300126,
                    -0.9959098580508567
                ],
                [
                    -0.059233974488794014,
                    -0.9982441265874099
                ],
                [
                    0.8729485463713268,
                    0.4878122952408926
                ],
                [
                    0.8514428988429555,
                    0.5244473186220945
                ],
                [
                    0.4783659386470114,
                    0.878160593936191
                ],
                [
                    0.4235123079673644,
                    0.9058903493249922
                ],
                [
                    0.4151413950057955,
                    0.9097569027782322
                ],
                [
                    0.3092422399177592,
                    0.9509833000903051
                ],
                [
                    0.2664365452862767,
                    0.9638524613943329
                ],
                [
                    0.0994883674428346,
                    0.9950387252481983
                ],
                [
                    0.005346412524114704,
                    0.999985707834428
                ],
                [
                    -0.06596058071903763,
                    0.9978222295535449
                ],
                [
                    -0.11888012131797057,
                    0.9929086145035829
                ]
            ]
        },
        {
            "Type": "F",
            "Centroid": {
                "x": 95155.09977272728,
                "y": 437862.32159090904
            },
            "Distances": [
                8.169899108670721,
                8.237014584434803,
                8.100211764356,
                8.044955019396946,
                7.823969754443176,
                5.565049970397695,
                7.188805330652622,
                8.478301850231617,
                7.643149837981511,
                4.903896316478125,
                5.172012496583572,
                4.131969835257998,
                4.074412962863777,
                4.505043213533227,
                4.498277709948146,
                5.658996585614019,
                8.013298503222407,
                5.693546066446857,
                8.310893322073504,
                5.55214066752901,
                5.717630031220504,
                4.415122204794536
            ],
            "UnitPairs": [
                [
                    -0.5858423297043529,
                    -0.8104250518873267
                ],
                [
                    -0.5842253498451703,
                    -0.8115914862776028
                ],
                [
                    -0.561253564662748,
                    -0.827643906612837
                ],
                [
                    -0.3381339884074224,
                    -0.9410979788968252
                ],
                [
                    -0.3370760381289299,
                    -0.9414774264523309
                ],
                [
                    -0.2814480976098184,
                    -0.9595764525830207
                ],
                [
                    -0.12425885612285548,
                    -0.9922498358150731
                ],
                [
                    -0.0755189822886247,
                    -0.9971443643295038
                ],
                [
                    -0.03980986029575454,
                    -0.9992072733038088
                ],
                [
                    0.8158262358199062,
                    0.5782971147670745
                ],
                [
                    0.796542405002083,
                    0.6045826635237714
                ],
                [
                    0.5292214996502819,
                    0.8484837089231041
                ],
                [
                    0.4517772963889066,
                    0.8921307496480153
                ],
                [
                    0.4447742624789361,
                    0.8956427052325713
                ],
                [
                    0.39786944873805724,
                    0.9174420427257923
                ],
                [
                    0.3957816971331202,
                    0.9183446238827923
                ],
                [
                    0.30483417930221424,
                    0.9524054405184513
                ],
                [
                    0.2656915839569095,
                    0.9640580803117976
                ],
                [
                    0.1137936965474712,
                    0.9935044009092573
                ],
                [
                    0.03903490305843715,
                    0.9992378477335706
                ],
                [
                    -0.024533368983182084,
                    0.9996990116061608
                ],
                [
                    -0.05713833401928699,
                    0.9983662708572942
                ]
            ]
        },
        {
            "Type": "R",
            "Centroid": {
                "x": 95157.2865,
                "y": 437865.8275
            },
            "Distances": [
                0.0
            ],
            "UnitPairs": [
                [
                    0.0,
                    0.0
                ]
            ]
        }
    ]
}