{
    "Pand ID": "0599100000115868",
    "Archetype ID": "TI.1946",
    "Construction Year": 1937,
    "Number of Floors": 3,
    "Wall Area": 81.37,
    "Roof Area (Flat)": 0.0,
    "Roof Area (Sloped)": 83.05,
    "Floor Area": 65.83,
    "Shared Wall Area": 196.57,
    "Absolute Height (70%)": 8.482893943786621,
    "Surfaces": [
        {
            "Type": "G",
            "Centroid": {
                "x": 95269.14116666668,
                "y": 437816.4313333333
            },
            "Distances": [
                6.309412873283232,
                6.267083463510633,
                2.974895763789377,
                6.283807376021174,
                6.264369332900834,
                2.9753341222421494
            ],
            "UnitPairs": [
                [
                    -0.7832213180413966,
                    -0.6217430071705653
                ],
                [
                    0.08605810604880636,
                    -0.9962901195853006
                ],
                [
                    0.9211527229545196,
                    -0.3892013116543596
                ],
                [
                    0.7844501014033514,
                    0.6201919367488358
                ],
                [
                    -0.08598897000619603,
                    0.9962960890404385
                ],
                [
                    -0.9170958805193302,
                    0.3986667103414512
                ]
            ]
        },
        {
            "Type": "F",
            "Centroid": {
                "x": 95269.6869,
                "y": 437816.19409999996
            },
            "Distances": [
                6.610234951932016,
                6.00660340954606,
                2.3798683828998675,
                6.025712598550618,
                6.56853027094083
            ],
            "UnitPairs": [
                [
                    -0.8301369073718511,
                    -0.5575596066960901
                ],
                [
                    -0.0010654940175045015,
                    -0.9999994323610882
                ],
                [
                    0.9221518365349346,
                    -0.3868281147683648
                ],
                [
                    0.7274824227520283,
                    0.6861263182438342
                ],
                [
                    -0.1650902036319815,
                    0.986278472169372
                ]
            ]
        },
        {
            "Type": "R",
            "Centroid": {
                "x": 95266.4125,
                "y": 437817.6175
            },
            "Distances": [
                0.0
            ],
            "UnitPairs": [
                [
                    0.0,
                    0.0
                ]
            ]
        }
    ]
}