{
    "Pand ID": "0599100000089730",
    "Archetype ID": "TI.1946",
    "Construction Year": 1938,
    "Number of Floors": 3,
    "Wall Area": 91.66,
    "Roof Area (Flat)": 34.34,
    "Roof Area (Sloped)": 10.04,
    "Floor Area": 44.15,
    "Shared Wall Area": 120.07,
    "Absolute Height (70%)": 10.685903549194336,
    "Surfaces": [
        {
            "Type": "G",
            "Centroid": {
                "x": 96796.46800000001,
                "y": 434663.002
            },
            "Distances": [
                7.770355525972868,
                4.391482665341021,
                3.7363197133066013,
                4.144482838666261,
                4.347731937452805,
                4.017068582924344,
                4.201951927368683,
                4.459531141267135,
                7.342648091805182,
                3.9010408867380697
            ],
            "UnitPairs": [
                [
                    -0.9784623077527561,
                    -0.20642556117678526
                ],
                [
                    0.726861573469876,
                    -0.6867839929795218
                ],
                [
                    0.9054364346694819,
                    -0.42448187567081946
                ],
                [
                    0.9489724419405896,
                    -0.3153590088095066
                ],
                [
                    0.9756811277752373,
                    0.21919474652290608
                ],
                [
                    0.94148255672517,
                    0.33706170856719586
                ],
                [
                    0.9119571252197847,
                    0.4102855124920523
                ],
                [
                    -0.7953750938485631,
                    0.6061175299274798
                ],
                [
                    -0.9963707791159496,
                    0.08511915485879488
                ],
                [
                    -0.9992204934976817,
                    0.0394766434015031
                ]
            ]
        },
        {
            "Type": "F",
            "Centroid": {
                "x": 96795.63691304349,
                "y": 434662.56999999995
            },
            "Distances": [
                6.711112093346245,
                6.628521414167809,
                6.872582503574426,
                3.762502775810784,
                4.036200985936948,
                2.041853539574,
                1.6192199970573073,
                2.4306671044287897,
                4.781452149664142,
                3.850370321941793,
                4.369238477934094,
                4.521574212073363,
                5.006007691524667,
                5.258748545842217,
                4.94675320471886,
                3.970195106211785,
                5.137384155781084,
                2.5055497286027775,
                2.997668653371987,
                4.1478197477528855,
                3.122395172988405,
                3.354150356841317,
                6.277836937702975
            ],
            "UnitPairs": [
                [
                    -0.9968412016427374,
                    -0.07942051817674953
                ],
                [
                    -0.9965892286880649,
                    -0.08252217437106306
                ],
                [
                    -0.9853520186863072,
                    -0.17053269267451135
                ],
                [
                    -0.9610393025433405,
                    -0.2764117562026077
                ],
                [
                    -0.9211417014255717,
                    -0.3892273961257132
                ],
                [
                    -0.08762285836089033,
                    -0.996153720413003
                ],
                [
                    -0.08023186701884383,
                    -0.996776227402455
                ],
                [
                    0.4295474911469936,
                    -0.9030442695955295
                ],
                [
                    0.841394377813775,
                    -0.5404215955930798
                ],
                [
                    0.8640953150809735,
                    -0.5033282094767918
                ],
                [
                    0.964490031341048,
                    -0.2641192523155861
                ],
                [
                    0.9720258366611355,
                    -0.23487395101036557
                ],
                [
                    0.9924249547061453,
                    0.12285238815955263
                ],
                [
                    0.9646947201015913,
                    0.2633706456842001
                ],
                [
                    0.9325484344173346,
                    0.361044896745236
                ],
                [
                    0.9213872010431678,
                    0.3886458873497017
                ],
                [
                    0.9076772955094388,
                    0.41966883040877695
                ],
                [
                    0.5839385025222462,
                    0.8117978968142727
                ],
                [
                    0.5147623486609504,
                    0.8573329134012424
                ],
                [
                    -0.6547808749306829,
                    0.7558187651977222
                ],
                [
                    -0.9822309072263284,
                    0.1876764366918334
                ],
                [
                    -0.982935376392672,
                    0.18395120504034815
                ],
                [
                    -0.9867910085837889,
                    0.16199847338227802
                ]
            ]
        },
        {
            "Type": "R",
            "Centroid": {
                "x": 96798.964,
                "y": 434660.632
            },
            "Distances": [
                0.0
            ],
            "UnitPairs": [
                [
                    0.0,
                    0.0
                ]
            ]
        }
    ]
}