{
    "Pand ID": "0599100000214799",
    "Archetype ID": "TI.1946",
    "Construction Year": 1922,
    "Number of Floors": 3,
    "Wall Area": 60.09,
    "Roof Area (Flat)": 0.0,
    "Roof Area (Sloped)": 52.36,
    "Floor Area": 45.75,
    "Shared Wall Area": 111.49,
    "Absolute Height (70%)": 5.8081135749816895,
    "Surfaces": [
        {
            "Type": "G",
            "Centroid": {
                "x": 94469.01941666666,
                "y": 433262.81408333336
            },
            "Distances": [
                2.559042304044917,
                2.0518036408284517,
                3.2665208067201776,
                3.190712775247654,
                3.25284716525829,
                3.393446381977848,
                6.8333980332417585,
                6.932083045320914,
                3.5578437075316187,
                3.4605757970563866,
                2.998670680005716,
                2.884018090644489
            ],
            "UnitPairs": [
                [
                    -0.9997555189387906,
                    -0.02211113636676057
                ],
                [
                    -0.9598465601047185,
                    -0.2805255443897027
                ],
                [
                    -0.37085839593173947,
                    -0.9286894261091473
                ],
                [
                    -0.3451945518887471,
                    -0.9385311509727992
                ],
                [
                    -0.3309152296362695,
                    -0.9436604849175232
                ],
                [
                    0.8465091267098195,
                    -0.5323742089892963
                ],
                [
                    0.996807635119089,
                    -0.0798407074636071
                ],
                [
                    0.750219421685819,
                    0.6611889437410424
                ],
                [
                    0.3540299790758482,
                    0.9352340743982516
                ],
                [
                    -0.808945340553585,
                    0.5878838626775226
                ],
                [
                    -0.8765272839677637,
                    0.481352179241037
                ],
                [
                    -0.9706654322808668,
                    0.24043422920831833
                ]
            ]
        },
        {
            "Type": "F",
            "Centroid": {
                "x": 94468.681,
                "y": 433262.7058333333
            },
            "Distances": [
                1.6966323833909551,
                3.052819043279293,
                3.1155267790405112,
                2.9854797120512853,
                3.051907454495023,
                7.163362370042814,
                7.258943250333299,
                3.78911723819327,
                3.263057070388159,
                2.766183190698735,
                2.588279437091228,
                2.220601144837267
            ],
            "UnitPairs": [
                [
                    -0.9613160847102109,
                    -0.27544760895210313
                ],
                [
                    -0.2859651972868175,
                    -0.9582400043520994
                ],
                [
                    -0.2728270563134249,
                    -0.9620630942632357
                ],
                [
                    -0.2555703182010528,
                    -0.9667904697785413
                ],
                [
                    -0.24181598262771267,
                    -0.9703221272061117
                ],
                [
                    0.9981346231917619,
                    -0.061051404454274545
                ],
                [
                    0.7630587275565187,
                    0.6463291563126535
                ],
                [
                    0.4217341136586465,
                    0.9067195472562373
                ],
                [
                    -0.7542007224847412,
                    0.6566439447702952
                ],
                [
                    -0.8278555114114281,
                    0.5609413982099404
                ],
                [
                    -0.9508246925461127,
                    0.3097295659839245
                ],
                [
                    -0.9997292873429791,
                    0.023266972916547224
                ]
            ]
        },
        {
            "Type": "R",
            "Centroid": {
                "x": 94471.892,
                "y": 433261.0075
            },
            "Distances": [
                0.0
            ],
            "UnitPairs": [
                [
                    0.0,
                    0.0
                ]
            ]
        }
    ]
}