{
    "Pand ID": "0599100000136565",
    "Archetype ID": "TI.1946",
    "Construction Year": 1921,
    "Number of Floors": 3,
    "Wall Area": 47.69,
    "Roof Area (Flat)": 0.0,
    "Roof Area (Sloped)": 58.23,
    "Floor Area": 43.14,
    "Shared Wall Area": 124.06,
    "Absolute Height (70%)": 6.184769153594971,
    "Surfaces": [
        {
            "Type": "G",
            "Centroid": {
                "x": 94270.45607142858,
                "y": 433710.5923571428
            },
            "Distances": [
                4.265519348358136,
                3.367570280924992,
                2.8624589374140545,
                4.691958564219439,
                3.930163740284201,
                2.7919522913094323,
                2.7509925008627527,
                4.884373350337687,
                6.430452063397372,
                6.548949405159978,
                4.971003997147953,
                3.0779997024610277,
                3.0111679314180853,
                3.846570256717335
            ],
            "UnitPairs": [
                [
                    -0.9954406677827464,
                    -0.09538279155193556
                ],
                [
                    -0.9948037157687171,
                    -0.10181142908708023
                ],
                [
                    -0.994275023957832,
                    -0.10685118966886879
                ],
                [
                    -0.8768345611458919,
                    -0.48079221331058514
                ],
                [
                    -0.8274646155909599,
                    -0.5615178625341363
                ],
                [
                    -0.6486756361165399,
                    -0.7610649900690494
                ],
                [
                    0.7204412846677636,
                    -0.6935159373412139
                ],
                [
                    0.9327560046390012,
                    -0.3605083019985638
                ],
                [
                    0.9658618881210721,
                    -0.2590575478058837
                ],
                [
                    0.9015077390539268,
                    0.4327629795001844
                ],
                [
                    0.8342235439371578,
                    0.5514264037393648
                ],
                [
                    0.530516156361338,
                    0.8476748243516451
                ],
                [
                    -0.5904922837495149,
                    0.8070432843610572
                ],
                [
                    -0.7890331453777442,
                    0.6143506291160639
                ]
            ]
        },
        {
            "Type": "F",
            "Centroid": {
                "x": 94270.30361538463,
                "y": 433710.73911538464
            },
            "Distances": [
                4.130880888067951,
                3.23488289941764,
                2.731377770787929,
                4.633244774707685,
                3.891930229527697,
                2.812692917828073,
                5.080145878030555,
                6.616512547840519,
                6.625845657735898,
                5.021507702177771,
                3.041535174646105,
                2.8029396497692716,
                3.6361837438220523
            ],
            "UnitPairs": [
                [
                    -0.9909787998127247,
                    -0.13401872377295537
                ],
                [
                    -0.9884794856744852,
                    -0.15135490213635364
                ],
                [
                    -0.9861746014926693,
                    -0.1657095512358137
                ],
                [
                    -0.8550412458791483,
                    -0.5185599944513981
                ],
                [
                    -0.7964211077332183,
                    -0.6047424403471229
                ],
                [
                    -0.5896894659620332,
                    -0.8076300723310221
                ],
                [
                    0.9268207505085393,
                    -0.3755040564718149
                ],
                [
                    0.9617429981969645,
                    -0.27395329057909396
                ],
                [
                    0.9140545868731859,
                    0.40559118853358933
                ],
                [
                    0.8561939700908745,
                    0.5166545127839556
                ],
                [
                    0.5870011401665447,
                    0.8095861050210635
                ],
                [
                    -0.5799680291965027,
                    0.8146392361714014
                ],
                [
                    -0.7927584488899463,
                    0.6095359232347233
                ]
            ]
        },
        {
            "Type": "R",
            "Centroid": {
                "x": 94272.43800000001,
                "y": 433708.6845
            },
            "Distances": [
                0.0
            ],
            "UnitPairs": [
                [
                    0.0,
                    0.0
                ]
            ]
        }
    ]
}