{
    "Pand ID": "0599100000305410",
    "Archetype ID": "TI.1946",
    "Construction Year": 1941,
    "Number of Floors": 2,
    "Wall Area": 42.92,
    "Roof Area (Flat)": 11.67,
    "Roof Area (Sloped)": 61.32,
    "Floor Area": 69.87,
    "Shared Wall Area": 59.95,
    "Absolute Height (70%)": -1.1897776126861572,
    "Surfaces": [
        {
            "Type": "G",
            "Centroid": {
                "x": 89109.42128977273,
                "y": 440058.39706818183
            },
            "Distances": [
                5.497650557550348,
                5.789153503720518,
                4.407060999476844,
                3.4223306410452974,
                4.44676111122178,
                7.363289100666026,
                7.181610361158026,
                3.8136113304657338,
                3.181206720449977,
                3.063491252277855,
                3.9139228191999575
            ],
            "UnitPairs": [
                [
                    -0.9987406829973671,
                    -0.05017019160769489
                ],
                [
                    -0.37150980214118945,
                    -0.9284290317051779
                ],
                [
                    -0.1381254475041675,
                    -0.9904147417883953
                ],
                [
                    0.3264654542329535,
                    -0.9452091341033853
                ],
                [
                    0.9589615049287696,
                    -0.2835362976141668
                ],
                [
                    0.9959235101337046,
                    0.09020178469942189
                ],
                [
                    0.5638391006515099,
                    0.825884658155421
                ],
                [
                    0.15556717134082393,
                    0.9878253161369245
                ],
                [
                    -0.8407901490740547,
                    0.5413611781611504
                ],
                [
                    -0.8499215627889416,
                    0.5269092304243713
                ],
                [
                    -0.9782326963500764,
                    0.2075109437876933
                ]
            ]
        },
        {
            "Type": "F",
            "Centroid": {
                "x": 89109.9278701923,
                "y": 440058.51094230765
            },
            "Distances": [
                6.009955045659661,
                6.098116710910031,
                4.615473543984438,
                3.403922041707847,
                4.0012536060723995,
                3.3145878785581595,
                6.848836866218491,
                2.697941714933195,
                6.811148036417134,
                3.654336143678633,
                3.5647401400826904,
                3.4532502244213283,
                4.391187358804412
            ],
            "UnitPairs": [
                [
                    -0.997895599341694,
                    -0.0648411352035221
                ],
                [
                    -0.435758746229723,
                    -0.9000635061395945
                ],
                [
                    -0.24164534401048174,
                    -0.9703646364733497
                ],
                [
                    0.17940842951306593,
                    -0.9837746771591833
                ],
                [
                    0.9391287525481281,
                    -0.3435654029983182
                ],
                [
                    0.9979196294915165,
                    -0.0644702495381742
                ],
                [
                    0.9967666687113464,
                    0.0803505329545784
                ],
                [
                    0.8394148380456532,
                    0.5434912415750505
                ],
                [
                    0.5201314504906831,
                    0.8540862217659633
                ],
                [
                    0.023723134459685345,
                    0.999718566843393
                ],
                [
                    -0.8924374757440857,
                    0.4511710893746676
                ],
                [
                    -0.9006899269293305,
                    0.43446249035795637
                ],
                [
                    -0.987274588413129,
                    0.15902480018439574
                ]
            ]
        },
        {
            "Type": "R",
            "Centroid": {
                "x": 89109.36127678571,
                "y": 440058.54653571424
            },
            "Distances": [
                5.447341148837966,
                5.906675789076622,
                3.583209657371991,
                7.411181042782487,
                7.093267876185428,
                3.05125564653129,
                2.9352802772807878
            ],
            "UnitPairs": [
                [
                    -0.996947710328862,
                    -0.07807216450207735
                ],
                [
                    -0.3539578538548045,
                    -0.9352613739990019
                ],
                [
                    0.3285561903575982,
                    -0.9444844253759306
                ],
                [
                    0.9975853607677188,
                    0.0694510473782825
                ],
                [
                    0.5793219410302688,
                    0.8150988213958611
                ],
                [
                    -0.8569305848497081,
                    0.5154318313309116
                ],
                [
                    -0.8666001353943029,
                    0.4990032117477561
                ]
            ]
        }
    ]
}