{
    "Pand ID": "0599100000281995",
    "Archetype ID": "TI.1946",
    "Construction Year": 1939,
    "Number of Floors": 3,
    "Wall Area": 90.35,
    "Roof Area (Flat)": 0.0,
    "Roof Area (Sloped)": 80.67,
    "Floor Area": 61.6,
    "Shared Wall Area": 184.59,
    "Absolute Height (70%)": 8.255463600158691,
    "Surfaces": [
        {
            "Type": "G",
            "Centroid": {
                "x": 95955.859625,
                "y": 437330.675
            },
            "Distances": [
                7.833554014625908,
                3.6888955664377745,
                4.154322387575592,
                3.2104564317163002,
                3.6917952949735597,
                3.7659424451236285,
                3.3223670026017755,
                4.044896846638511,
                3.5412303652969412,
                7.791260520601437
            ],
            "UnitPairs": [
                [
                    -0.9998654487324826,
                    -0.016403793189106466
                ],
                [
                    -0.8323629511059036,
                    -0.5542309244586331
                ],
                [
                    0.35830151373034613,
                    -0.9336059261050899
                ],
                [
                    0.6604979837263748,
                    -0.7508278188062784
                ],
                [
                    0.8130190761348762,
                    -0.5822370495260434
                ],
                [
                    0.9961649851702213,
                    -0.0874946988154867
                ],
                [
                    0.9876994315882472,
                    0.15636442319227606
                ],
                [
                    0.9195537342523424,
                    0.39296428568328207
                ],
                [
                    -0.2356525596795596,
                    0.9718373686561304
                ],
                [
                    -0.7220269409724401,
                    0.6918649409458327
                ]
            ]
        },
        {
            "Type": "F",
            "Centroid": {
                "x": 95955.859625,
                "y": 437330.675
            },
            "Distances": [
                7.833554014625908,
                3.6888955664377745,
                4.154322387575592,
                3.2104564317163002,
                3.6917952949735597,
                3.7659424451236285,
                3.3223670026017755,
                4.044896846638511,
                3.5412303652969412,
                7.791260520601437
            ],
            "UnitPairs": [
                [
                    -0.9998654487324826,
                    -0.016403793189106466
                ],
                [
                    -0.8323629511059036,
                    -0.5542309244586331
                ],
                [
                    0.35830151373034613,
                    -0.9336059261050899
                ],
                [
                    0.6604979837263748,
                    -0.7508278188062784
                ],
                [
                    0.8130190761348762,
                    -0.5822370495260434
                ],
                [
                    0.9961649851702213,
                    -0.0874946988154867
                ],
                [
                    0.9876994315882472,
                    0.15636442319227606
                ],
                [
                    0.9195537342523424,
                    0.39296428568328207
                ],
                [
                    -0.2356525596795596,
                    0.9718373686561304
                ],
                [
                    -0.7220269409724401,
                    0.6918649409458327
                ]
            ]
        },
        {
            "Type": "R",
            "Centroid": {
                "x": 95955.025125,
                "y": 437334.1165
            },
            "Distances": [
                0.0
            ],
            "UnitPairs": [
                [
                    0.0,
                    0.0
                ]
            ]
        }
    ]
}