{
    "Pand ID": "0599100000141289",
    "Archetype ID": "TI.1946",
    "Construction Year": 1922,
    "Number of Floors": 3,
    "Wall Area": 112.6,
    "Roof Area (Flat)": 43.46,
    "Roof Area (Sloped)": 69.29,
    "Floor Area": 80.39,
    "Shared Wall Area": 165.8,
    "Absolute Height (70%)": 3.5261778831481934,
    "Surfaces": [
        {
            "Type": "G",
            "Centroid": {
                "x": 94477.471125,
                "y": 441400.37516666664
            },
            "Distances": [
                5.162398766809043,
                8.845028680619635,
                9.125369327363115,
                5.903154074502538,
                3.492149437570473,
                5.451224207567228,
                4.254127293357446,
                4.708805442406402,
                4.968569615889848,
                4.683363680200553,
                5.059522938123237,
                2.803691916221712
            ],
            "UnitPairs": [
                [
                    -0.9532390313639579,
                    -0.302217387131024
                ],
                [
                    -0.8480469957576,
                    -0.5299210252353732
                ],
                [
                    -0.2960976047170023,
                    -0.9551576877567671
                ],
                [
                    -0.060984347594953726,
                    -0.9981387224972378
                ],
                [
                    0.7241958126995274,
                    -0.6895943915581616
                ],
                [
                    0.9828984822472783,
                    0.18414823810179914
                ],
                [
                    0.7543262762794536,
                    0.6564997097595502
                ],
                [
                    0.6706584161601051,
                    0.7417663303450887
                ],
                [
                    0.3618747726226163,
                    0.9322267154181593
                ],
                [
                    0.23444687942015008,
                    0.9721289321536283
                ],
                [
                    0.10257884119946314,
                    0.9947248772088567
                ],
                [
                    -0.7793295644721376,
                    0.6266142592853025
                ]
            ]
        },
        {
            "Type": "F",
            "Centroid": {
                "x": 94477.69442934784,
                "y": 441400.41991304344
            },
            "Distances": [
                5.388841536004404,
                3.669085837483879,
                9.058469998241948,
                9.236395556845041,
                5.965499178401859,
                4.136976586115928,
                2.3250304000182815,
                2.9919154203737155,
                3.3664543423409716,
                2.4536300552291777,
                5.223499519523256,
                3.7154665357670953,
                4.057876347082218,
                4.527884962155598,
                4.849848775353874,
                4.592160764978006,
                3.605506599565627,
                4.996843744289591,
                2.0374220956592937,
                1.9681899685764859,
                2.9548555935171366,
                1.9620631810377798,
                2.117430388017964
            ],
            "UnitPairs": [
                [
                    -0.9546215663357577,
                    -0.29782153227506003
                ],
                [
                    -0.9264717421196899,
                    -0.37636433286605
                ],
                [
                    -0.852716225735315,
                    -0.5223744235390158
                ],
                [
                    -0.3167149273582664,
                    -0.9485207719330389
                ],
                [
                    -0.09777963761122606,
                    -0.9952080900337463
                ],
                [
                    0.09589023382270806,
                    -0.9953919143018123
                ],
                [
                    0.6428714446693298,
                    -0.765974089397787
                ],
                [
                    0.6733798818123957,
                    -0.7392966486940977
                ],
                [
                    0.6849032892446825,
                    -0.7286339851954581
                ],
                [
                    0.9784260862986154,
                    -0.20659717725655052
                ],
                [
                    0.9829991623370379,
                    0.18361004015217106
                ],
                [
                    0.9545761260432543,
                    0.29796714514901307
                ],
                [
                    0.7357778790661725,
                    0.6772229416350902
                ],
                [
                    0.6481382978345511,
                    0.7615226502738646
                ],
                [
                    0.3246896398427824,
                    0.9458206160677426
                ],
                [
                    0.19047583412918867,
                    0.9816918847646596
                ],
                [
                    0.15994857761147052,
                    0.9871253479270338
                ],
                [
                    0.05917648565747853,
                    0.9982475362079438
                ],
                [
                    -0.1572105988861469,
                    0.9875651004353379
                ],
                [
                    -0.23285574825161517,
                    0.9725112855418082
                ],
                [
                    -0.8150328405608168,
                    0.5794147640571184
                ],
                [
                    -0.8365196206223174,
                    0.5479369711142826
                ],
                [
                    -0.9120981538572086,
                    0.4099718987080358
                ]
            ]
        },
        {
            "Type": "R",
            "Centroid": {
                "x": 94477.23612500001,
                "y": 441402.334
            },
            "Distances": [
                0.0
            ],
            "UnitPairs": [
                [
                    0.0,
                    0.0
                ]
            ]
        }
    ]
}