{
    "Pand ID": "0599100000166374",
    "Archetype ID": "TI.1946",
    "Construction Year": 1928,
    "Number of Floors": 3,
    "Wall Area": 102.56,
    "Roof Area (Flat)": 16.16,
    "Roof Area (Sloped)": 65.08,
    "Floor Area": 62.54,
    "Shared Wall Area": 138.57,
    "Absolute Height (70%)": 7.00872802734375,
    "Surfaces": [
        {
            "Type": "G",
            "Centroid": {
                "x": 92348.5588125,
                "y": 440129.63943750004
            },
            "Distances": [
                3.804425220432499,
                4.0421245815652656,
                2.329237645254067,
                5.877882559490715,
                6.322941632095503,
                7.749627467369987,
                8.230913133283439,
                6.6706468395287715,
                3.66023011677206,
                4.932047597849512,
                3.651000326296314,
                4.184570319377721,
                3.9608817841247417,
                4.255224201824587,
                4.190266355832878,
                4.097933535060941
            ],
            "UnitPairs": [
                [
                    -0.9983275475115517,
                    -0.057810966775953675
                ],
                [
                    -0.9848935676466438,
                    -0.17316079350784244
                ],
                [
                    0.08927277146954472,
                    -0.996007214970929
                ],
                [
                    0.7436245035120622,
                    -0.6685974856192917
                ],
                [
                    0.7618190678131206,
                    -0.6477898640117397
                ],
                [
                    0.8032563534448386,
                    -0.5956334700556211
                ],
                [
                    0.9973301099239817,
                    0.07302500831234968
                ],
                [
                    0.9826539551088538,
                    0.18544865733923982
                ],
                [
                    0.6086878225998963,
                    0.7934098150505811
                ],
                [
                    -0.39964385194906227,
                    0.9166704923795225
                ],
                [
                    -0.7721342777469917,
                    0.6354594063574253
                ],
                [
                    -0.8885171513993416,
                    0.45884340647894173
                ],
                [
                    -0.984392545020674,
                    0.17598669639413206
                ],
                [
                    -0.9868017055841586,
                    0.16193330064009645
                ],
                [
                    -0.9904054176001269,
                    0.13819228917822526
                ],
                [
                    -0.9949069366591948,
                    0.10079775487289837
                ]
            ]
        },
        {
            "Type": "F",
            "Centroid": {
                "x": 92348.208125,
                "y": 440129.94145833334
            },
            "Distances": [
                3.48666529686667,
                2.1307939191091707,
                3.766104504970883,
                1.518966087727587,
                1.7826926896403021,
                0.8220841252862737,
                0.5518740578230313,
                2.6808072277766466,
                6.340600442847911,
                6.785748716405693,
                8.211282379079432,
                8.5648471124087,
                6.968641155851559,
                3.6633219522412506,
                1.2777696619826782,
                3.442453118855052,
                3.5452113912907466,
                4.519505252303858,
                3.188317316229041,
                3.7359434184395472,
                3.57029733482201,
                3.8677889539590677,
                3.809462229202037,
                3.7280290895250534
            ],
            "UnitPairs": [
                [
                    -0.9887312679830202,
                    -0.14970130163992892
                ],
                [
                    -0.9796231260484688,
                    -0.20084454414055083
                ],
                [
                    -0.9639602393444427,
                    -0.2660463436377291
                ],
                [
                    -0.9522101985590403,
                    -0.30544350993293823
                ],
                [
                    -0.797319138775483,
                    -0.6035579433180563
                ],
                [
                    -0.786263814267837,
                    -0.6178909405170078
                ],
                [
                    0.11891300029898172,
                    -0.9929046773783948
                ],
                [
                    0.20837939939024386,
                    -0.9780480693246939
                ],
                [
                    0.7446652793477155,
                    -0.6674381032979678
                ],
                [
                    0.7615408727865588,
                    -0.648116886892701
                ],
                [
                    0.8008036621357633,
                    -0.5989269527329274
                ],
                [
                    0.9993902853902994,
                    0.034915003472661556
                ],
                [
                    0.9909571816882512,
                    0.13417847838039626
                ],
                [
                    0.7039034607419697,
                    0.7102956553122638
                ],
                [
                    0.6790151823237717,
                    0.7341242280253493
                ],
                [
                    -0.09451835326912683,
                    0.9955231192168731
                ],
                [
                    -0.17414335334651368,
                    0.9847203118069776
                ],
                [
                    -0.35852928795084427,
                    0.9335184784895587
                ],
                [
                    -0.7741936435976181,
                    0.6329488148444897
                ],
                [
                    -0.9013452889519769,
                    0.43310122383119337
                ],
                [
                    -0.9938598013645223,
                    0.1106467136053857
                ],
                [
                    -0.9949806067009425,
                    0.10006793836701287
                ],
                [
                    -0.9973520595315571,
                    0.07272461308361379
                ],
                [
                    -0.9995563099195415,
                    0.029785622371032223
                ]
            ]
        },
        {
            "Type": "R",
            "Centroid": {
                "x": 92348.76675000001,
                "y": 440127.3195
            },
            "Distances": [
                0.0
            ],
            "UnitPairs": [
                [
                    0.0,
                    0.0
                ]
            ]
        }
    ]
}