{
    "Pand ID": "0599100000182377",
    "Archetype ID": "TI.1946",
    "Construction Year": 1933,
    "Number of Floors": 3,
    "Wall Area": 111.46,
    "Roof Area (Flat)": 26.3,
    "Roof Area (Sloped)": 34.48,
    "Floor Area": 50.67,
    "Shared Wall Area": 165.72,
    "Absolute Height (70%)": 8.525217056274414,
    "Surfaces": [
        {
            "Type": "G",
            "Centroid": {
                "x": 96887.39867647059,
                "y": 432080.79513235297
            },
            "Distances": [
                5.2801853675318995,
                5.460078413372091,
                5.834724514704931,
                5.579014021928073,
                5.761209634856441,
                4.4887933709795345,
                3.8359307848454347,
                4.051118638285848,
                5.356088903216553,
                5.369692924538731,
                4.797560831032164,
                5.748463998233843,
                5.895166623204371,
                3.6595323774462205,
                2.510591314993093,
                2.408565569735361,
                5.717340546734019
            ],
            "UnitPairs": [
                [
                    -0.9806808114014208,
                    -0.19561479021037978
                ],
                [
                    -0.9796885805673968,
                    -0.20052502364004185
                ],
                [
                    -0.7728173728206799,
                    -0.6346284805037845
                ],
                [
                    -0.7415605077030926,
                    -0.6708859913689744
                ],
                [
                    -0.6892956032288469,
                    -0.7244802077140411
                ],
                [
                    -0.5814873296366958,
                    -0.8135554593707701
                ],
                [
                    0.9447051400748795,
                    -0.3279210245106317
                ],
                [
                    0.9582102811630067,
                    -0.28606477775761163
                ],
                [
                    0.9936025382668559,
                    -0.11293359088270122
                ],
                [
                    0.9205039466651983,
                    0.3907332647392514
                ],
                [
                    0.9187634476468505,
                    0.39480846909365175
                ],
                [
                    0.745385816232684,
                    0.6666333212187457
                ],
                [
                    0.7039365966482718,
                    0.7102628160753233
                ],
                [
                    0.46640481716540066,
                    0.8845713914235013
                ],
                [
                    -0.0717665473917534,
                    0.9974214568954627
                ],
                [
                    -0.2815686145740292,
                    0.9595410961948746
                ],
                [
                    -0.9980473305628788,
                    0.062462196217487984
                ]
            ]
        },
        {
            "Type": "F",
            "Centroid": {
                "x": 96887.01267391305,
                "y": 432080.7803804348
            },
            "Distances": [
                3.762621340450917,
                4.8991346577810235,
                5.079348092739329,
                5.3944186860390895,
                5.6598644978556605,
                5.531986010570412,
                5.288691923801031,
                5.491068926942129,
                4.263293022441009,
                4.198104158484772,
                4.4185262203946225,
                5.738251699693609,
                3.623949419492768,
                5.732417052571302,
                5.159898406853322,
                6.051034769869131,
                5.910292235434436,
                6.182994916209293,
                3.8671147771274477,
                2.527264977134471,
                2.3441490630365314,
                2.0200758496881424,
                5.333154548537528
            ],
            "UnitPairs": [
                [
                    -0.9950971873762348,
                    -0.09890190936431231
                ],
                [
                    -0.9781674209400611,
                    -0.2078184222138863
                ],
                [
                    -0.9771281318829939,
                    -0.21265139050297877
                ],
                [
                    -0.9754848889759993,
                    -0.2200664249254808
                ],
                [
                    -0.7617097396365814,
                    -0.6479184150360071
                ],
                [
                    -0.7453333947639852,
                    -0.6666919308418194
                ],
                [
                    -0.7092819863756199,
                    -0.7049248639415799
                ],
                [
                    -0.652910018203208,
                    -0.757435481166473
                ],
                [
                    -0.5217032705312263,
                    -0.8531270113629166
                ],
                [
                    0.9551516435941841,
                    -0.2961171013962698
                ],
                [
                    0.9658935749343082,
                    -0.25893937881408036
                ],
                [
                    0.9946977556360997,
                    -0.10284150393934346
                ],
                [
                    0.9963787208312678,
                    -0.08502614112522391
                ],
                [
                    0.9295949750496927,
                    0.36858266693153263
                ],
                [
                    0.9290543551378553,
                    0.36994324591669975
                ],
                [
                    0.7719053458769185,
                    0.6357374749113308
                ],
                [
                    0.7650765659012083,
                    0.6439393203624189
                ],
                [
                    0.7335969297117231,
                    0.679584832612922
                ],
                [
                    0.5411854076153416,
                    0.840903296808983
                ],
                [
                    0.08144222660259351,
                    0.9966780642343905
                ],
                [
                    -0.1246396475577626,
                    0.9922020753136311
                ],
                [
                    -0.6817436648523582,
                    0.731591125857658
                ],
                [
                    -0.9975660492539729,
                    0.06972788090728119
                ]
            ]
        },
        {
            "Type": "R",
            "Centroid": {
                "x": 96886.72050000001,
                "y": 432083.10625
            },
            "Distances": [
                0.0
            ],
            "UnitPairs": [
                [
                    0.0,
                    0.0
                ]
            ]
        }
    ]
}