{
    "Pand ID": "0599100000168515",
    "Archetype ID": "TI.1946",
    "Construction Year": 1908,
    "Number of Floors": 3,
    "Wall Area": 96.81,
    "Roof Area (Flat)": 0.0,
    "Roof Area (Sloped)": 76.53,
    "Floor Area": 54.88,
    "Shared Wall Area": 179.92,
    "Absolute Height (70%)": 8.419637680053711,
    "Surfaces": [
        {
            "Type": "G",
            "Centroid": {
                "x": 94067.09420535713,
                "y": 438482.3601071429
            },
            "Distances": [
                5.294760284405097,
                4.818285532152152,
                6.618972020824465,
                5.964204824105016,
                6.435783338781043,
                5.239674053175761,
                5.073211863521468
            ],
            "UnitPairs": [
                [
                    -0.9998833890041866,
                    -0.01527116215297095
                ],
                [
                    -0.9974798764139359,
                    -0.07094995524480027
                ],
                [
                    0.6280215613220571,
                    -0.7781959383822339
                ],
                [
                    0.9072218849690422,
                    -0.4206524116574373
                ],
                [
                    0.9983022741219985,
                    -0.05824576793936509
                ],
                [
                    -0.5452901894534209,
                    0.8382473437392167
                ],
                [
                    -0.5982685010563474,
                    0.8012957011264887
                ]
            ]
        },
        {
            "Type": "F",
            "Centroid": {
                "x": 94066.16072916666,
                "y": 438482.4039166667
            },
            "Distances": [
                3.6729631392399833,
                4.362448344164003,
                3.8918229518901173,
                7.2729674289390385,
                6.838616274931125,
                7.370234136191173,
                4.75483924251169,
                4.537413862051813,
                2.8833973981294116
            ],
            "UnitPairs": [
                [
                    -0.999919282453082,
                    -0.012705454675589855
                ],
                [
                    -0.99959158771329,
                    -0.028577224722216674
                ],
                [
                    -0.9950778117441698,
                    -0.09909666278152131
                ],
                [
                    0.6998977216763622,
                    -0.7142430813051236
                ],
                [
                    0.9277217902397272,
                    -0.37327239372125487
                ],
                [
                    0.9983852883593588,
                    -0.05680507008709624
                ],
                [
                    -0.40457028482809404,
                    0.9145069079203911
                ],
                [
                    -0.46318601973509776,
                    0.8862610851898878
                ],
                [
                    -0.9924634975811663,
                    0.12254062987009016
                ]
            ]
        },
        {
            "Type": "R",
            "Centroid": {
                "x": 94065.34006249999,
                "y": 438483.25825
            },
            "Distances": [
                0.0
            ],
            "UnitPairs": [
                [
                    0.0,
                    0.0
                ]
            ]
        }
    ]
}