{
    "Pand ID": "0599100000759613",
    "Archetype ID": "TI.1946",
    "Construction Year": 1898,
    "Number of Floors": 2,
    "Wall Area": 52.39,
    "Roof Area (Flat)": 0.0,
    "Roof Area (Sloped)": 46.07,
    "Floor Area": 35.38,
    "Shared Wall Area": 66.53,
    "Absolute Height (70%)": 4.502967357635498,
    "Surfaces": [
        {
            "Type": "G",
            "Centroid": {
                "x": 91664.60325,
                "y": 434229.34537500003
            },
            "Distances": [
                5.015787540990392,
                4.328102951202885,
                4.541307317976612,
                2.0340766102282988,
                2.176812384268405,
                4.5509751324753696,
                4.28068906909163,
                4.925398603786988
            ],
            "UnitPairs": [
                [
                    -0.056147713136121276,
                    -0.9984224728588514
                ],
                [
                    0.3408826029853301,
                    -0.9401058722196909
                ],
                [
                    0.7373152190663176,
                    -0.6755488640603194
                ],
                [
                    0.979990129173031,
                    -0.19904609195717982
                ],
                [
                    0.3437939830754381,
                    0.9390450985981054
                ],
                [
                    -0.11242096146565883,
                    0.9936606701601592
                ],
                [
                    -0.5979469563617638,
                    0.8015356744261001
                ],
                [
                    -0.8552861075570936,
                    0.5181560326965571
                ]
            ]
        },
        {
            "Type": "F",
            "Centroid": {
                "x": 91664.636125,
                "y": 434228.84925
            },
            "Distances": [
                0.4312415941284441,
                4.522698123084389,
                1.6422013617536855,
                1.5560785045901184,
                3.8529662355664223,
                1.3778700274231468,
                1.4579250023424608,
                1.45310299448104,
                4.196002658780652,
                1.9626224324876356,
                2.6390927063271326,
                5.047703766340982,
                1.856332489756368,
                4.705778236652907,
                1.8948470419923933,
                5.226480490013631
            ],
            "UnitPairs": [
                [
                    -0.956540383910553,
                    -0.29159988674252274
                ],
                [
                    -0.06953813662743441,
                    -0.9975792938681036
                ],
                [
                    0.23109224534450312,
                    -0.9729318445511155
                ],
                [
                    0.3171433822529719,
                    -0.9483776015349294
                ],
                [
                    0.3743868780044068,
                    -0.927272595075533
                ],
                [
                    0.4496069931641301,
                    -0.8932264839881933
                ],
                [
                    0.45029751114942,
                    -0.8928785759847965
                ],
                [
                    0.45798543015591137,
                    -0.8889596986168186
                ],
                [
                    0.7901567919788804,
                    -0.6129047593954905
                ],
                [
                    0.9989185732051897,
                    0.04649391471695948
                ],
                [
                    0.2711159021718965,
                    0.9625467093027322
                ],
                [
                    -0.10787083101715182,
                    0.9941649178157863
                ],
                [
                    -0.48024801856207794,
                    0.8771327383396414
                ],
                [
                    -0.5509184389111399,
                    0.8345590893805619
                ],
                [
                    -0.6583644866057108,
                    0.7526992777838962
                ],
                [
                    -0.8123057204779631,
                    0.5832318719675541
                ]
            ]
        },
        {
            "Type": "R",
            "Centroid": {
                "x": 91665.292625,
                "y": 434227.54750000004
            },
            "Distances": [
                0.0
            ],
            "UnitPairs": [
                [
                    0.0,
                    0.0
                ]
            ]
        }
    ]
}