{
    "Pand ID": "0599100000049532",
    "Archetype ID": "TI.1946",
    "Construction Year": 1933,
    "Number of Floors": 2,
    "Wall Area": 62.12,
    "Roof Area (Flat)": 0.0,
    "Roof Area (Sloped)": 48.77,
    "Floor Area": 45.33,
    "Shared Wall Area": 117.99,
    "Absolute Height (70%)": 5.936673641204834,
    "Surfaces": [
        {
            "Type": "G",
            "Centroid": {
                "x": 95135.55274999999,
                "y": 433261.288
            },
            "Distances": [
                4.898078266324249,
                2.8359563119141638,
                2.6404147312833315,
                5.355518831366265,
                5.352804120561026,
                2.652996787272439,
                2.8311838430367384,
                4.901046898688332
            ],
            "UnitPairs": [
                [
                    -0.7517999508719234,
                    -0.6593912600793048
                ],
                [
                    -0.27728741683797953,
                    -0.9607870151408795
                ],
                [
                    0.42365503674458904,
                    -0.9058236085689868
                ],
                [
                    0.9482974777839726,
                    -0.31738288175097956
                ],
                [
                    0.7843785995973421,
                    0.6202823651319714
                ],
                [
                    0.10879206540532027,
                    0.9940645283405121
                ],
                [
                    -0.5839871557832133,
                    0.8117628975755378
                ],
                [
                    -0.9308980498054593,
                    0.36527909996110186
                ]
            ]
        },
        {
            "Type": "F",
            "Centroid": {
                "x": 95135.78894642857,
                "y": 433260.9596785714
            },
            "Distances": [
                4.8758065789794305,
                2.6054792695852114,
                2.244196438123916,
                5.032884937657537,
                5.386363676294305,
                2.9660348368691105,
                5.245439224067711
            ],
            "UnitPairs": [
                [
                    -0.8036765538370964,
                    -0.5950663801732785
                ],
                [
                    -0.3924696083802879,
                    -0.9197649735110723
                ],
                [
                    0.39320469297217786,
                    -0.9194509608590635
                ],
                [
                    0.9621576156441978,
                    -0.2724935277357469
                ],
                [
                    0.73564074198376,
                    0.677371905775242
                ],
                [
                    0.01767631680124358,
                    0.999843761706969
                ],
                [
                    -0.9148083170152358,
                    0.40388828049319747
                ]
            ]
        },
        {
            "Type": "R",
            "Centroid": {
                "x": 95133.899375,
                "y": 433263.58625
            },
            "Distances": [
                0.0
            ],
            "UnitPairs": [
                [
                    0.0,
                    0.0
                ]
            ]
        }
    ]
}