{
    "Pand ID": "0599100000023759",
    "Archetype ID": "TI.1946",
    "Construction Year": 1925,
    "Number of Floors": 3,
    "Wall Area": 91.33,
    "Roof Area (Flat)": 54.32,
    "Roof Area (Sloped)": 0.0,
    "Floor Area": 54.31,
    "Shared Wall Area": 246.13,
    "Absolute Height (70%)": 9.180754661560059,
    "Surfaces": [
        {
            "Type": "G",
            "Centroid": {
                "x": 95111.25775,
                "y": 437653.57050000003
            },
            "Distances": [
                6.493743262762498,
                6.441170473053775,
                6.525856117185647,
                6.42219448957719
            ],
            "UnitPairs": [
                [
                    -0.6186339430819211,
                    -0.7856793521958653
                ],
                [
                    0.03597948555487637,
                    -0.9993525287000611
                ],
                [
                    0.6196504990889999,
                    0.7848778624593468
                ],
                [
                    -0.040212111361322904,
                    0.9991911659436669
                ]
            ]
        },
        {
            "Type": "F",
            "Centroid": {
                "x": 95110.4301,
                "y": 437652.5001
            },
            "Distances": [
                5.140753516741087,
                5.412224211899735,
                5.4701667177598265,
                7.878854975187336,
                7.509019584457294
            ],
            "UnitPairs": [
                [
                    -0.6204537894319987,
                    -0.7842430077338739
                ],
                [
                    -0.6116893665857606,
                    -0.7910980462660181
                ],
                [
                    0.19366868592117217,
                    -0.9810669906247821
                ],
                [
                    0.6182878115341632,
                    0.7859517683091597
                ],
                [
                    0.07582880742329867,
                    0.9971208512335705
                ]
            ]
        },
        {
            "Type": "R",
            "Centroid": {
                "x": 95110.9995,
                "y": 437659.9875
            },
            "Distances": [
                0.0
            ],
            "UnitPairs": [
                [
                    0.0,
                    0.0
                ]
            ]
        }
    ]
}