{
    "Pand ID": "0599100000163745",
    "Archetype ID": "TI.1946",
    "Construction Year": 1928,
    "Number of Floors": 4,
    "Wall Area": 110.32,
    "Roof Area (Flat)": 0.0,
    "Roof Area (Sloped)": 102.61,
    "Floor Area": 72.94,
    "Shared Wall Area": 219.87,
    "Absolute Height (70%)": 9.166251182556152,
    "Surfaces": [
        {
            "Type": "G",
            "Centroid": {
                "x": 93477.671225,
                "y": 441200.32725
            },
            "Distances": [
                3.806100295579728,
                8.162974669794504,
                8.436419777339294,
                4.416412645975198,
                4.650670345224041,
                2.8487517723066613,
                2.945747826962372,
                4.102374514868137,
                5.022268676648083,
                4.401060356333437
            ],
            "UnitPairs": [
                [
                    -0.999999922340953,
                    -0.0003941041586772957
                ],
                [
                    -0.8723658087969054,
                    -0.4888536546269456
                ],
                [
                    -0.23968698255549492,
                    -0.9708502203704966
                ],
                [
                    0.28708820973672255,
                    -0.9579041496048357
                ],
                [
                    0.9994043127071803,
                    -0.03451115388231151
                ],
                [
                    0.6978143969290747,
                    0.7162786241669591
                ],
                [
                    0.6958844138780198,
                    0.7181538014392493
                ],
                [
                    0.6795820298443249,
                    0.7335995261126244
                ],
                [
                    0.07126261517366037,
                    0.997457587909687
                ],
                [
                    -0.03410541729629417,
                    0.9994182410337755
                ]
            ]
        },
        {
            "Type": "F",
            "Centroid": {
                "x": 93477.46830681818,
                "y": 441200.2078409091
            },
            "Distances": [
                7.927583774115899,
                2.3544493943245723,
                8.273568211483836,
                4.366276970878146,
                4.850992217666496,
                3.0765063931306647,
                3.1733276548409877,
                4.328402187420216,
                5.159479188465157,
                4.518217824987879,
                3.605110507125961
            ],
            "UnitPairs": [
                [
                    -0.8726721804909439,
                    -0.4883065281123953
                ],
                [
                    -0.8618498333742647,
                    -0.5071635482886682
                ],
                [
                    -0.21987874780017125,
                    -0.975527209392864
                ],
                [
                    0.33685865363630785,
                    -0.9415552280510867
                ],
                [
                    0.9999641236594904,
                    -0.008470619452397694
                ],
                [
                    0.7121123449332436,
                    0.7020655298429606
                ],
                [
                    0.7099229663167684,
                    0.7042793351334401
                ],
                [
                    0.6909751109796638,
                    0.7228785485865806
                ],
                [
                    0.10869666517467252,
                    0.9940749644669183
                ],
                [
                    0.011690047684409774,
                    0.9999316690580093
                ],
                [
                    -0.9994650125309252,
                    0.03270609616810381
                ]
            ]
        },
        {
            "Type": "R",
            "Centroid": {
                "x": 93476.402125,
                "y": 441198.21125000005
            },
            "Distances": [
                3.3026473093700472,
                3.3026473093327797
            ],
            "UnitPairs": [
                [
                    0.7681716400049196,
                    -0.6402439624800473
                ],
                [
                    -0.7681716400135876,
                    0.6402439624696473
                ]
            ]
        }
    ]
}