{
    "Pand ID": "0599100000310615",
    "Archetype ID": "TI.1946",
    "Construction Year": 1921,
    "Number of Floors": 2,
    "Wall Area": 42.98,
    "Roof Area (Flat)": 0.0,
    "Roof Area (Sloped)": 51.18,
    "Floor Area": 33.97,
    "Shared Wall Area": 117.84,
    "Absolute Height (70%)": 7.130889892578125,
    "Surfaces": [
        {
            "Type": "G",
            "Centroid": {
                "x": 93922.29667857142,
                "y": 433960.2470357143
            },
            "Distances": [
                4.069880760922736,
                3.3836582666108024,
                3.930454387722453,
                2.1920756913844253,
                4.839485301096103,
                4.938630302537073,
                2.4015077959082527
            ],
            "UnitPairs": [
                [
                    -0.9942376224576805,
                    -0.10719864779790247
                ],
                [
                    -0.6080485703083357,
                    -0.793899827526111
                ],
                [
                    -0.28684433406819565,
                    -0.9579772064161931
                ],
                [
                    0.8478591482390653,
                    -0.530221524221081
                ],
                [
                    0.9640635601304015,
                    0.26567169971356674
                ],
                [
                    0.3583121878288863,
                    0.9336018295040327
                ],
                [
                    -0.4424006339848357,
                    0.896817528290909
                ]
            ]
        },
        {
            "Type": "F",
            "Centroid": {
                "x": 93921.98691666666,
                "y": 433960.44075
            },
            "Distances": [
                3.7894033537963923,
                3.3687889185566706,
                4.042556094605639,
                5.093761456692118,
                4.881958225013168,
                2.0995492637625577
            ],
            "UnitPairs": [
                [
                    -0.9860831159397143,
                    -0.16625308556121235
                ],
                [
                    -0.518781885393795,
                    -0.8549066354797227
                ],
                [
                    -0.20226476702713597,
                    -0.9793308756592219
                ],
                [
                    0.976750359363424,
                    0.21437988591148646
                ],
                [
                    0.4259219840695403,
                    0.9047598927263887
                ],
                [
                    -0.3584896433048549,
                    0.9335337035389552
                ]
            ]
        },
        {
            "Type": "R",
            "Centroid": {
                "x": 93924.15525,
                "y": 433959.08475
            },
            "Distances": [
                0.0
            ],
            "UnitPairs": [
                [
                    0.0,
                    0.0
                ]
            ]
        }
    ]
}