{
    "Pand ID": "0599100000050126",
    "Archetype ID": "TI.1946",
    "Construction Year": 1921,
    "Number of Floors": 3,
    "Wall Area": 146.11,
    "Roof Area (Flat)": 30.13,
    "Roof Area (Sloped)": 85.78,
    "Floor Area": 91.19,
    "Shared Wall Area": 195.14,
    "Absolute Height (70%)": 7.171749591827393,
    "Surfaces": [
        {
            "Type": "G",
            "Centroid": {
                "x": 92643.78755833332,
                "y": 439981.34555
            },
            "Distances": [
                8.565205748317103,
                7.678976332232526,
                4.2749605274301175,
                2.832516815698481,
                3.174089944810497,
                4.030111178495417,
                9.33112351102102,
                8.887125795844835,
                3.4483334783363655,
                3.0046914724260883,
                4.622055023952317,
                3.843932549424972,
                3.794356868342725,
                8.506769322769673,
                8.838857745447575
            ],
            "UnitPairs": [
                [
                    -0.9955316409068814,
                    -0.09442855475570985
                ],
                [
                    -0.9908786020583936,
                    -0.1347575451794949
                ],
                [
                    -0.8865422988155109,
                    -0.4626475466388094
                ],
                [
                    -0.19203181083327467,
                    -0.9813887015999794
                ],
                [
                    0.22622757362064463,
                    -0.974074476071371
                ],
                [
                    0.5230790351184799,
                    -0.8522841797308689
                ],
                [
                    0.8524232539927282,
                    -0.5228523654459725
                ],
                [
                    0.9849153559595323,
                    -0.17303682150082345
                ],
                [
                    0.9981826549823002,
                    -0.06026099312562077
                ],
                [
                    0.999459243729567,
                    -0.03288191179846936
                ],
                [
                    0.8035531051492012,
                    0.5952330696500968
                ],
                [
                    0.5822335948655082,
                    0.8130215501510321
                ],
                [
                    0.5534710464867809,
                    0.8328684173990677
                ],
                [
                    -0.7763150830545635,
                    0.6303450577437616
                ],
                [
                    -0.7870851114108427,
                    0.6168444110108977
                ]
            ]
        },
        {
            "Type": "F",
            "Centroid": {
                "x": 92643.266625,
                "y": 439982.0469880953
            },
            "Distances": [
                8.147199218410268,
                7.297552104884996,
                3.481314073151249,
                3.9904606560085827,
                4.901031175211394,
                10.147151432769293,
                3.5421335794493887,
                3.9952522370568735,
                9.54050644604264,
                4.065966418186178,
                3.6137178928327374,
                4.704970655174967,
                3.672424644690861,
                1.7087582262104224,
                3.5937655883640844,
                7.66326239487638,
                7.999489650951422,
                6.601484656929851,
                6.10228325024538,
                6.46223019586813,
                2.6072474190832926
            ],
            "UnitPairs": [
                [
                    -0.9826689866521613,
                    -0.18536899058908068
                ],
                [
                    -0.9712846031285826,
                    -0.23792061643613774
                ],
                [
                    -0.0066067006688598755,
                    -0.9999781755149819
                ],
                [
                    0.3104904688438006,
                    -0.9505764928490273
                ],
                [
                    0.5364177263926233,
                    -0.8439526188191899
                ],
                [
                    0.8352097685880625,
                    -0.5499314888739096
                ],
                [
                    0.9378528295090319,
                    -0.3470332407448929
                ],
                [
                    0.9431194268655515,
                    -0.33245412716462636
                ],
                [
                    0.9720657967625138,
                    -0.23470851446945654
                ],
                [
                    0.9746760283762288,
                    -0.22362164409721358
                ],
                [
                    0.9751729671482265,
                    -0.22144453965569777
                ],
                [
                    0.9001118838707274,
                    0.43565880745681024
                ],
                [
                    0.7512747753666074,
                    0.6599895543854112
                ],
                [
                    0.7455706608744382,
                    0.6664265823354089
                ],
                [
                    0.7293185756107529,
                    0.684174257970221
                ],
                [
                    -0.7937872522909218,
                    0.6081955262088241
                ],
                [
                    -0.8045513252506109,
                    0.5938831240551341
                ],
                [
                    -0.8526869776340953,
                    0.5224221647032522
                ],
                [
                    -0.8880282638127392,
                    0.45978886749216974
                ],
                [
                    -0.8969039827315323,
                    0.44222533369348604
                ],
                [
                    -0.9983709182912943,
                    0.05705707239420533
                ]
            ]
        },
        {
            "Type": "R",
            "Centroid": {
                "x": 92639.99762499999,
                "y": 439979.36775000003
            },
            "Distances": [
                0.0
            ],
            "UnitPairs": [
                [
                    0.0,
                    0.0
                ]
            ]
        }
    ]
}