{
    "Pand ID": "0599100000042321",
    "Archetype ID": "TI.1946",
    "Construction Year": 1939,
    "Number of Floors": 3,
    "Wall Area": 98.75,
    "Roof Area (Flat)": 0.0,
    "Roof Area (Sloped)": 101.91,
    "Floor Area": 80.74,
    "Shared Wall Area": 213.35,
    "Absolute Height (70%)": 4.527665138244629,
    "Surfaces": [
        {
            "Type": "G",
            "Centroid": {
                "x": 94244.08858653846,
                "y": 441673.7182307693
            },
            "Distances": [
                5.997150294192193,
                5.639318913222588,
                6.446374314693644,
                6.457957789048733,
                5.65437137545782,
                6.27379387407922,
                3.114202990551979,
                6.5504685590565055,
                9.02771472684,
                8.828389780257629,
                6.502764361623685,
                6.05416794417288,
                2.5132668972674854
            ],
            "UnitPairs": [
                [
                    -0.9035060441466255,
                    -0.4285753471567351
                ],
                [
                    -0.8172017949995992,
                    -0.5763516515543553
                ],
                [
                    -0.7972639017794317,
                    -0.6036309061996714
                ],
                [
                    -0.43968412789497524,
                    -0.898152474626238
                ],
                [
                    -0.4084382480580572,
                    -0.9127859538376262
                ],
                [
                    -0.17205881482830354,
                    -0.9850866785414771
                ],
                [
                    0.7801477517395721,
                    -0.6255953048542572
                ],
                [
                    0.927496774738017,
                    0.37383115553759855
                ],
                [
                    0.8646195297174414,
                    0.502427177639895
                ],
                [
                    0.3933376921474762,
                    0.9193940721671513
                ],
                [
                    0.2938040432180907,
                    0.9558656726699115
                ],
                [
                    0.26436968321673127,
                    0.9644214175327532
                ],
                [
                    -0.7557739054786778,
                    0.6548326532767792
                ]
            ]
        },
        {
            "Type": "F",
            "Centroid": {
                "x": 94243.886125,
                "y": 441673.8805833333
            },
            "Distances": [
                5.8884350784907475,
                5.573020815222419,
                6.387918819167872,
                6.51967552925019,
                5.725381079639172,
                6.402928419095051,
                6.681390961007218,
                9.124408876227516,
                8.762326717690685,
                6.411600606756815,
                5.9558807218976,
                2.2539596285197474
            ],
            "UnitPairs": [
                [
                    -0.8858041110198078,
                    -0.46405934631295576
                ],
                [
                    -0.7905945708955394,
                    -0.6123399582507236
                ],
                [
                    -0.772865175617319,
                    -0.634570264287581
                ],
                [
                    -0.4044679812931916,
                    -0.9145521593154818
                ],
                [
                    -0.3680104382041234,
                    -0.929821658907131
                ],
                [
                    -0.13696857790533928,
                    -0.9905753927221234
                ],
                [
                    0.9396247033954883,
                    0.342206687206636
                ],
                [
                    0.8776458956004759,
                    0.4793095888208776
                ],
                [
                    0.41940914992170686,
                    0.9077973149122832
                ],
                [
                    0.3295588932615027,
                    0.9441350199374311
                ],
                [
                    0.3027260088287045,
                    0.9530776272574251
                ],
                [
                    -0.7528972473719924,
                    0.6581380819400111
                ]
            ]
        },
        {
            "Type": "R",
            "Centroid": {
                "x": 94246.518125,
                "y": 441671.77
            },
            "Distances": [
                0.0
            ],
            "UnitPairs": [
                [
                    0.0,
                    0.0
                ]
            ]
        }
    ]
}