{
    "Pand ID": "0599100000136603",
    "Archetype ID": "TI.1946",
    "Construction Year": 1904,
    "Number of Floors": 2,
    "Wall Area": 89.0,
    "Roof Area (Flat)": 18.27,
    "Roof Area (Sloped)": 47.28,
    "Floor Area": 59.62,
    "Shared Wall Area": 102.74,
    "Absolute Height (70%)": 5.088407039642334,
    "Surfaces": [
        {
            "Type": "G",
            "Centroid": {
                "x": 94238.6166923077,
                "y": 434249.68657692306
            },
            "Distances": [
                4.917208505372264,
                4.26242846371633,
                6.088301855601619,
                4.624992493183198,
                4.178408358242709,
                6.527041209197203,
                4.121238586295864,
                3.7566248078177606,
                7.2311037050279525,
                7.10253531282108,
                7.361204715935143,
                6.811262439785095,
                3.931618548190788
            ],
            "UnitPairs": [
                [
                    -0.9876929771018056,
                    -0.15640518848098436
                ],
                [
                    -0.8712620843534725,
                    -0.4908180725768382
                ],
                [
                    -0.7582889970293712,
                    -0.6519185508820793
                ],
                [
                    -0.7547455077714986,
                    -0.6560176967877792
                ],
                [
                    -0.7530839587489326,
                    -0.6579244265681553
                ],
                [
                    -0.4621837385451383,
                    -0.8867841855967208
                ],
                [
                    -0.2367473484675025,
                    -0.9715712495713359
                ],
                [
                    0.9993831921915743,
                    0.03511744815585116
                ],
                [
                    0.9270103106992169,
                    0.37503584343011986
                ],
                [
                    0.9032419283738328,
                    0.4291317033586775
                ],
                [
                    0.4691226267380779,
                    0.8831330370235088
                ],
                [
                    0.44166668351112665,
                    0.8971792132435316
                ],
                [
                    0.12267408101625484,
                    0.9924470111027678
                ]
            ]
        },
        {
            "Type": "F",
            "Centroid": {
                "x": 94239.98683333333,
                "y": 434250.992
            },
            "Distances": [
                6.563307368340413,
                6.114602817133561,
                7.978879846886548,
                6.516054093124225,
                6.069658442720045,
                8.340386618420395,
                5.804629555634953,
                2.657320632618637,
                1.8315713502806519,
                5.515515292732246,
                5.113946709178001,
                5.337603670598303,
                2.060245683835056,
                3.0851067422507548,
                2.9913092358083557,
                2.284955786078034,
                2.035290383295436,
                4.860203385047323,
                5.597571224273333,
                5.077048382416127,
                1.2456164248202912,
                1.2862771646649298,
                0.614407257228356,
                2.744095529985953
            ],
            "UnitPairs": [
                [
                    -0.9487340732159825,
                    -0.31607539973716864
                ],
                [
                    -0.8314249486642712,
                    -0.5556370710622304
                ],
                [
                    -0.7503350656000872,
                    -0.6610577049932274
                ],
                [
                    -0.7459780511135903,
                    -0.6659705303215524
                ],
                [
                    -0.7441659816534096,
                    -0.6679947542831584
                ],
                [
                    -0.5259748179597453,
                    -0.8505001416062273
                ],
                [
                    -0.40413144557396646,
                    -0.9147009209016334
                ],
                [
                    0.8972069976820576,
                    -0.4416102391366716
                ],
                [
                    0.9670202945691424,
                    -0.2546993323340464
                ],
                [
                    0.9669389682757431,
                    0.25500790503402376
                ],
                [
                    0.956045681486252,
                    0.2932177602252089
                ],
                [
                    0.9452119299254027,
                    0.3264573594310525
                ],
                [
                    0.8956051606579998,
                    0.4448498580451142
                ],
                [
                    0.8483228897143069,
                    0.5294792486838062
                ],
                [
                    0.6415808314584595,
                    0.7670554326155783
                ],
                [
                    0.5943951628943901,
                    0.804173109677109
                ],
                [
                    0.47274171516819424,
                    0.8812010387759616
                ],
                [
                    0.41832954417418766,
                    0.9082953222774057
                ],
                [
                    0.3721554551427855,
                    0.9281704138828527
                ],
                [
                    0.32266122819408266,
                    0.9465145174905064
                ],
                [
                    0.2578375334987189,
                    0.9661882871983581
                ],
                [
                    0.2139248633328111,
                    0.9768501179034775
                ],
                [
                    -0.2926940253592985,
                    0.9562061532530368
                ],
                [
                    -0.32354315789122606,
                    0.9462134140783321
                ]
            ]
        },
        {
            "Type": "R",
            "Centroid": {
                "x": 94234.90299999999,
                "y": 434247.5945
            },
            "Distances": [
                0.0
            ],
            "UnitPairs": [
                [
                    0.0,
                    0.0
                ]
            ]
        }
    ]
}