{
    "Pand ID": "0599100000227004",
    "Archetype ID": "TI.1946",
    "Construction Year": 1941,
    "Number of Floors": 2,
    "Wall Area": 64.44,
    "Roof Area (Flat)": 0.0,
    "Roof Area (Sloped)": 43.22,
    "Floor Area": 37.04,
    "Shared Wall Area": 106.56,
    "Absolute Height (70%)": 6.677079200744629,
    "Surfaces": [
        {
            "Type": "G",
            "Centroid": {
                "x": 96224.8077638889,
                "y": 434043.01280555554
            },
            "Distances": [
                4.720365733085018,
                4.930266680734321,
                2.838436930722321,
                4.332062619949604,
                3.85344029391945,
                3.6926054320357924,
                3.8609847605506737,
                2.325911168851167,
                4.514639863679264
            ],
            "UnitPairs": [
                [
                    -0.711997560978877,
                    -0.7021819373639074
                ],
                [
                    -0.6626191036791754,
                    -0.7489565564433001
                ],
                [
                    0.09516192105082551,
                    -0.9954618067921625
                ],
                [
                    0.8938262095466067,
                    -0.44841354476369827
                ],
                [
                    0.7095247110564197,
                    0.7046805548617786
                ],
                [
                    0.6895161581624643,
                    0.7242703001179019
                ],
                [
                    0.6413159503798656,
                    0.7672769068519982
                ],
                [
                    -0.40710449374674146,
                    0.9133815912154182
                ],
                [
                    -0.9577483519060518,
                    0.2876075354041367
                ]
            ]
        },
        {
            "Type": "F",
            "Centroid": {
                "x": 96224.598375,
                "y": 434043.72185
            },
            "Distances": [
                5.110901017394685,
                5.359327272132266,
                4.867198866895724,
                3.5622792156289456,
                3.384608900622272,
                3.6788447657000845,
                3.505669951698254,
                1.5960148526873916,
                4.156501246236314,
                4.312510731581046
            ],
            "UnitPairs": [
                [
                    -0.616623172561296,
                    -0.7872584474366994
                ],
                [
                    -0.5705007074104068,
                    -0.8212971099694832
                ],
                [
                    0.8385726804303342,
                    -0.5447897389230865
                ],
                [
                    0.8262968234197786,
                    0.5632349062392913
                ],
                [
                    0.8141265596425907,
                    0.5806874760871972
                ],
                [
                    0.7808157677050107,
                    0.6247613439572225
                ],
                [
                    0.7660447323929995,
                    0.6427872649430275
                ],
                [
                    -0.4620884315462966,
                    0.8868338522130758
                ],
                [
                    -0.9898950478414259,
                    0.1418019543554356
                ],
                [
                    -0.9918815896901657,
                    0.12716490095033903
                ]
            ]
        },
        {
            "Type": "R",
            "Centroid": {
                "x": 96225.077875,
                "y": 434040.18725
            },
            "Distances": [
                0.0
            ],
            "UnitPairs": [
                [
                    0.0,
                    0.0
                ]
            ]
        }
    ]
}