{
    "Pand ID": "0599100000204201",
    "Archetype ID": "TI.1946",
    "Construction Year": 1931,
    "Number of Floors": 2,
    "Wall Area": 32.11,
    "Roof Area (Flat)": 11.12,
    "Roof Area (Sloped)": 46.06,
    "Floor Area": 42.19,
    "Shared Wall Area": 100.91,
    "Absolute Height (70%)": 4.8355793952941895,
    "Surfaces": [
        {
            "Type": "G",
            "Centroid": {
                "x": 95119.64856249999,
                "y": 433480.7265
            },
            "Distances": [
                5.235490485604992,
                3.0221050817137676,
                2.8029152903700476,
                5.558068110862577,
                5.554410871133411,
                2.7863212530368138,
                3.054310662839362,
                5.226728051570651
            ],
            "UnitPairs": [
                [
                    -0.8304379526531422,
                    -0.557111126072041
                ],
                [
                    -0.5786529431356369,
                    -0.8155738908280876
                ],
                [
                    0.7710721788239713,
                    -0.6367477483616678
                ],
                [
                    0.9757437101945566,
                    -0.21891599305615217
                ],
                [
                    0.8447790609789464,
                    0.5351152568667144
                ],
                [
                    0.5054155182116314,
                    0.8628760942052272
                ],
                [
                    -0.8256363803070389,
                    0.5642025943874157
                ],
                [
                    -0.9693923138923518,
                    0.24551688692721746
                ]
            ]
        },
        {
            "Type": "F",
            "Centroid": {
                "x": 95119.44738392856,
                "y": 433480.38303571433
            },
            "Distances": [
                4.880148971062373,
                2.62580090797674,
                2.7673766034745424,
                5.691820859266256,
                5.910973220053543,
                3.1074683737433753,
                5.130300643608447
            ],
            "UnitPairs": [
                [
                    -0.8496813218532848,
                    -0.52729654966978
                ],
                [
                    -0.589371198657897,
                    -0.8078623584451461
                ],
                [
                    0.8536707900421401,
                    -0.5208130012094824
                ],
                [
                    0.9881598016701719,
                    -0.15342817982093898
                ],
                [
                    0.8278549723137806,
                    0.5609421938269126
                ],
                [
                    -0.7467723398828495,
                    0.6650797488917355
                ],
                [
                    -0.9483988885977451,
                    0.3170797188508937
                ]
            ]
        },
        {
            "Type": "R",
            "Centroid": {
                "x": 95121.0568125,
                "y": 433483.13075
            },
            "Distances": [
                0.0
            ],
            "UnitPairs": [
                [
                    0.0,
                    0.0
                ]
            ]
        }
    ]
}