{
    "Pand ID": "0599100000239799",
    "Archetype ID": "TI.1946",
    "Construction Year": 1927,
    "Number of Floors": 3,
    "Wall Area": 102.9,
    "Roof Area (Flat)": 0.0,
    "Roof Area (Sloped)": 55.54,
    "Floor Area": 49.94,
    "Shared Wall Area": 165.34,
    "Absolute Height (70%)": 8.976542472839355,
    "Surfaces": [
        {
            "Type": "G",
            "Centroid": {
                "x": 94648.67925,
                "y": 434149.0575
            },
            "Distances": [
                3.474296628455404,
                3.3859026215321486,
                3.5624963245688126,
                4.574001974497219,
                3.540528924127301,
                6.841900033057682,
                6.237090392344247,
                2.1912357386739383
            ],
            "UnitPairs": [
                [
                    -0.9999865790227235,
                    -0.00518090478879153
                ],
                [
                    -0.9992165688651743,
                    -0.039575857606733926
                ],
                [
                    -0.9971238357524098,
                    -0.07578955188151835
                ],
                [
                    -0.0009291644432673253,
                    -0.9999995683266255
                ],
                [
                    0.5800686970797947,
                    -0.8145675580749269
                ],
                [
                    0.9894546788586682,
                    0.14484280611990955
                ],
                [
                    0.5083700572757734,
                    0.8611387140672674
                ],
                [
                    -0.7211684129227385,
                    0.6927597853531183
                ]
            ]
        },
        {
            "Type": "F",
            "Centroid": {
                "x": 94647.96674999999,
                "y": 434149.398375
            },
            "Distances": [
                2.7849693585563284,
                2.975696318192674,
                2.712639273491128,
                2.9047114018670257,
                4.965643395201148,
                7.510441237245663,
                6.354666637835417,
                1.46239985232447
            ],
            "UnitPairs": [
                [
                    -0.9916626161453372,
                    -0.12886138187907836
                ],
                [
                    -0.9859036965769266,
                    -0.1673137802930515
                ],
                [
                    -0.9845577427451324,
                    -0.175060135955076
                ],
                [
                    -0.9776358498726978,
                    -0.21030488592443086
                ],
                [
                    0.14263005690159997,
                    -0.9897760690521096
                ],
                [
                    0.9962463940061302,
                    0.08656282360102556
                ],
                [
                    0.6110863435193037,
                    0.7915639460992444
                ],
                [
                    -0.593373965821357,
                    0.8049269138781701
                ]
            ]
        },
        {
            "Type": "R",
            "Centroid": {
                "x": 94650.733,
                "y": 434146.1735
            },
            "Distances": [
                0.0
            ],
            "UnitPairs": [
                [
                    0.0,
                    0.0
                ]
            ]
        }
    ]
}