{
    "Pand ID": "0599100000136443",
    "Archetype ID": "TI.1946",
    "Construction Year": 1900,
    "Number of Floors": 3,
    "Wall Area": 109.39,
    "Roof Area (Flat)": 0.0,
    "Roof Area (Sloped)": 73.64,
    "Floor Area": 56.77,
    "Shared Wall Area": 114.94,
    "Absolute Height (70%)": 8.237462997436523,
    "Surfaces": [
        {
            "Type": "G",
            "Centroid": {
                "x": 91467.01891666667,
                "y": 434075.8465
            },
            "Distances": [
                7.3036571394742404,
                5.1876869230125005,
                3.957912616248601,
                4.2535997630758295,
                2.589086893960977,
                6.6928357924448365
            ],
            "UnitPairs": [
                [
                    -0.9925392893214148,
                    -0.12192521951319504
                ],
                [
                    0.37624347080036546,
                    -0.9265208312175688
                ],
                [
                    0.9966954088746672,
                    -0.08122968624930088
                ],
                [
                    0.994647726394342,
                    0.10332424874426169
                ],
                [
                    0.8693541103579836,
                    0.49418967087918675
                ],
                [
                    -0.7663667279056394,
                    0.6424033299720695
                ]
            ]
        },
        {
            "Type": "F",
            "Centroid": {
                "x": 91468.00763000001,
                "y": 434074.64791999996
            },
            "Distances": [
                1.22770441913616,
                1.3787361969581793,
                2.032342023580629,
                2.4439793495048607,
                3.734258542289085,
                1.513412878503319,
                3.3381062446792,
                2.7782169283172444,
                2.708062780050492,
                2.735505887534495,
                2.4712339550682256,
                2.732884304321388,
                2.559864437983147,
                3.0834906811639704,
                3.632443830368716,
                3.374268214135689,
                1.6395493590610832,
                1.9215411681192724,
                1.3811594480051863,
                2.7809759763339548,
                8.188615916084553,
                1.0009992911297945,
                7.457855470651687,
                7.743820921288955,
                8.243638770642374
            ],
            "UnitPairs": [
                [
                    -0.03574150203704444,
                    -0.9993610683992727
                ],
                [
                    0.1306413804192007,
                    -0.9914296897522111
                ],
                [
                    0.15456059873329342,
                    -0.9879833102432479
                ],
                [
                    0.20136013018892326,
                    -0.9795172780356148
                ],
                [
                    0.25791465403195035,
                    -0.9661677034736668
                ],
                [
                    0.3350837086151071,
                    -0.9421883613273653
                ],
                [
                    0.3532302190441545,
                    -0.9355364302655556
                ],
                [
                    0.5539956165098724,
                    -0.8325195834860861
                ],
                [
                    0.5716706464106902,
                    -0.8204831942412859
                ],
                [
                    0.575074616790087,
                    -0.8181009626713165
                ],
                [
                    0.7393553314749993,
                    -0.6733154489683819
                ],
                [
                    0.9927679688855503,
                    0.12004898981190514
                ],
                [
                    0.9606446198912818,
                    0.2777803345702047
                ],
                [
                    0.9586926978766371,
                    0.2844438627181381
                ],
                [
                    0.8925451160152539,
                    0.45095810878319625
                ],
                [
                    0.8452558655674278,
                    0.5343617891689659
                ],
                [
                    0.7984633050358673,
                    0.602043478920916
                ],
                [
                    0.7354096927210462,
                    0.677622744491311
                ],
                [
                    0.6046514044482976,
                    0.7964902253629365
                ],
                [
                    0.4538406698727451,
                    0.891082850451886
                ],
                [
                    -0.7427238085561602,
                    0.6695978974009943
                ],
                [
                    -0.8610195907571222,
                    0.508571788769725
                ],
                [
                    -0.916869470977948,
                    0.399187140560186
                ],
                [
                    -0.9171028194205555,
                    0.398650747661243
                ],
                [
                    -0.9993014285557617,
                    0.03737184617347908
                ]
            ]
        },
        {
            "Type": "R",
            "Centroid": {
                "x": 91460.90575,
                "y": 434077.735
            },
            "Distances": [
                0.0
            ],
            "UnitPairs": [
                [
                    0.0,
                    0.0
                ]
            ]
        }
    ]
}