{
    "Pand ID": "0599100000686785",
    "Archetype ID": "TI.1946",
    "Construction Year": 1898,
    "Number of Floors": 3,
    "Wall Area": 92.0,
    "Roof Area (Flat)": 0.0,
    "Roof Area (Sloped)": 87.63,
    "Floor Area": 60.66,
    "Shared Wall Area": 185.0,
    "Absolute Height (70%)": 8.39348030090332,
    "Surfaces": [
        {
            "Type": "G",
            "Centroid": {
                "x": 91011.53835000002,
                "y": 436479.97905
            },
            "Distances": [
                8.575966758931177,
                8.18111500041386,
                8.579048773049767,
                4.365297475525952,
                4.219309949489862,
                4.31511525338125,
                3.8127951492168703,
                3.7717759278341623,
                4.134797461777835,
                4.31613732983511
            ],
            "UnitPairs": [
                [
                    -0.049860267889293944,
                    -0.9987562033279233
                ],
                [
                    0.24280308978590726,
                    -0.9700755947813636
                ],
                [
                    0.5318072108795533,
                    -0.8468654500311783
                ],
                [
                    0.3947955459279185,
                    0.9187690008459563
                ],
                [
                    0.35110006558507795,
                    0.9363379432374584
                ],
                [
                    0.33635254559041833,
                    0.9417361440843426
                ],
                [
                    -0.5808337225936412,
                    0.8140222273980073
                ],
                [
                    -0.5956345347649481,
                    0.8032555639367485
                ],
                [
                    -0.7261782536540623,
                    0.6875064682749801
                ],
                [
                    -0.767723486716578,
                    0.6407812793330812
                ]
            ]
        },
        {
            "Type": "F",
            "Centroid": {
                "x": 91011.34075,
                "y": 436480.9173928572
            },
            "Distances": [
                9.506425593094312,
                9.139427872818835,
                9.484585184847205,
                3.6234816700215715,
                3.7078133697071824,
                3.448671708913974,
                3.5337031949809337,
                3.3634029088319575,
                2.9592331026566727,
                2.927827812330654,
                3.3903688777641774,
                3.6465872674155713,
                3.612297070751634,
                2.6553644057710915
            ],
            "UnitPairs": [
                [
                    -0.02419416191118172,
                    -0.9997072784217467
                ],
                [
                    0.238964629996558,
                    -0.9710282723024124
                ],
                [
                    0.5018669670038918,
                    -0.8649448233444227
                ],
                [
                    0.5301530889186641,
                    0.8479019414472402
                ],
                [
                    0.5100040944489603,
                    0.8601719732967913
                ],
                [
                    0.48685411129853867,
                    0.8734832993891241
                ],
                [
                    0.46664926537889007,
                    0.8844424589091946
                ],
                [
                    0.46232938549357067,
                    0.8867082605395855
                ],
                [
                    -0.6815955114119848,
                    0.731729156739729
                ],
                [
                    -0.6998362374213505,
                    0.7143033254800983
                ],
                [
                    -0.8273436021636703,
                    0.5616961491401222
                ],
                [
                    -0.8577883293641471,
                    0.5140030953279032
                ],
                [
                    -0.86260900999102,
                    0.5058712246039623
                ],
                [
                    -0.86391155767875,
                    0.5036435450882656
                ]
            ]
        },
        {
            "Type": "R",
            "Centroid": {
                "x": 91011.25375,
                "y": 436480.74275000003
            },
            "Distances": [
                0.0
            ],
            "UnitPairs": [
                [
                    0.0,
                    0.0
                ]
            ]
        }
    ]
}