{
    "Pand ID": "0599100000155105",
    "Archetype ID": "TI.1946",
    "Construction Year": 1939,
    "Number of Floors": 3,
    "Wall Area": 97.04,
    "Roof Area (Flat)": 55.01,
    "Roof Area (Sloped)": 5.77,
    "Floor Area": 60.6,
    "Shared Wall Area": 209.37,
    "Absolute Height (70%)": 8.709156036376953,
    "Surfaces": [
        {
            "Type": "G",
            "Centroid": {
                "x": 93073.60895833334,
                "y": 434149.09591666673
            },
            "Distances": [
                5.111422002626562,
                4.199024992656714,
                7.950927444167314,
                7.838403423045461,
                3.7366088309204564,
                5.124656660581202
            ],
            "UnitPairs": [
                [
                    -0.9993957318946154,
                    -0.034758755311804855
                ],
                [
                    -0.98649885165747,
                    -0.16376817663542895
                ],
                [
                    0.6880539037837521,
                    -0.7256595796156344
                ],
                [
                    0.9876586147515142,
                    -0.1566220313593214
                ],
                [
                    -0.32765895193534256,
                    0.944796068586567
                ],
                [
                    -0.5341496054542666,
                    0.8453899685902663
                ]
            ]
        },
        {
            "Type": "F",
            "Centroid": {
                "x": 93074.74406944444,
                "y": 434148.5130277778
            },
            "Distances": [
                5.278484464960026,
                6.760155744580229,
                6.789632474266903,
                6.757513540281951,
                6.6379450654200784,
                4.741895732297513,
                6.257414439656236,
                4.906271352097528,
                6.256580821837992
            ],
            "UnitPairs": [
                [
                    -0.9998029698618546,
                    -0.01984997368802947
                ],
                [
                    0.6413395962122282,
                    -0.767257142247849
                ],
                [
                    0.6426791983372722,
                    -0.766135397971247
                ],
                [
                    0.994530830831271,
                    -0.10444341303338259
                ],
                [
                    0.9952712007192068,
                    -0.09713514821602058
                ],
                [
                    -0.49757408800897257,
                    0.8674214817158031
                ],
                [
                    -0.6188569547026201,
                    0.7855037043936833
                ],
                [
                    -0.87101673302454,
                    0.4912533468499298
                ],
                [
                    -0.9979003903609628,
                    0.06476735996964914
                ]
            ]
        },
        {
            "Type": "R",
            "Centroid": {
                "x": 93081.350625,
                "y": 434147.86825
            },
            "Distances": [
                0.0
            ],
            "UnitPairs": [
                [
                    0.0,
                    0.0
                ]
            ]
        }
    ]
}