{
    "Pand ID": "0599100000021075",
    "Archetype ID": "TI.1946",
    "Construction Year": 1924,
    "Number of Floors": 4,
    "Wall Area": 137.74,
    "Roof Area (Flat)": 0.0,
    "Roof Area (Sloped)": 107.73,
    "Floor Area": 89.32,
    "Shared Wall Area": 275.11,
    "Absolute Height (70%)": 9.369833946228027,
    "Surfaces": [
        {
            "Type": "G",
            "Centroid": {
                "x": 94744.35870394736,
                "y": 438183.7615263158
            },
            "Distances": [
                7.689326172076542,
                6.346021412664703,
                5.410854332929818,
                3.8303358148259794,
                5.8185303608093735,
                4.569910074169592,
                5.326706776800553,
                4.071703397794021,
                4.304814310015999,
                4.900651281277431,
                5.561158326104407,
                5.353967523602998,
                5.429021757530822,
                4.91508999023618,
                5.282899700328239,
                4.128904886240526,
                9.778814457350647,
                9.61881873322594,
                9.612939778813864
            ],
            "UnitPairs": [
                [
                    -0.9996427223077464,
                    -0.02672878106382241
                ],
                [
                    -0.9925240615782495,
                    -0.12204911793296708
                ],
                [
                    -0.9753688831075024,
                    -0.2205800123892083
                ],
                [
                    -0.8489017946633622,
                    -0.5285506059189818
                ],
                [
                    0.5796001470305845,
                    -0.8149010182605768
                ],
                [
                    0.6480261109235013,
                    -0.7616181192443902
                ],
                [
                    0.702576884640304,
                    -0.7116078422622428
                ],
                [
                    0.8722199791259002,
                    -0.4891137986334207
                ],
                [
                    0.8760937826881331,
                    -0.48214073042546246
                ],
                [
                    0.8840500586493725,
                    -0.46739222693797683
                ],
                [
                    0.9915957664339665,
                    0.12937478885097603
                ],
                [
                    0.9885045117117667,
                    0.1511913698776541
                ],
                [
                    0.9855221237984606,
                    0.16954687700978707
                ],
                [
                    0.972804376344069,
                    0.23162824820351072
                ],
                [
                    0.9469082012518384,
                    0.32150405658717285
                ],
                [
                    -0.21375618273606756,
                    0.9768870427752152
                ],
                [
                    -0.7415601327743957,
                    0.6708864057943197
                ],
                [
                    -0.7722963862189122,
                    0.635262380306916
                ],
                [
                    -0.9981940143341294,
                    0.06007253738203588
                ]
            ]
        },
        {
            "Type": "F",
            "Centroid": {
                "x": 94744.55164351853,
                "y": 438184.35814814817
            },
            "Distances": [
                9.7885372471669,
                7.920243287639532,
                6.634746409659884,
                5.755971095642053,
                4.32840911179052,
                6.21328642045022,
                4.9282478362202,
                5.643216074289406,
                4.24003640292444,
                4.46608390412961,
                5.046873424684467,
                4.4147115624508,
                4.826586505051067,
                4.6449413417793295,
                5.322899373005703,
                5.103921755939332,
                5.37492545976784,
                5.167639234082299,
                4.620364242686274,
                4.934084476782183,
                3.60120684429945,
                3.0996257471421758,
                4.893595920329557,
                5.950550929523329,
                7.530704474593673,
                9.53878319723772,
                9.406918027313049
            ],
            "UnitPairs": [
                [
                    -0.9999980866766067,
                    -0.0019561807496996085
                ],
                [
                    -0.9948581416465907,
                    -0.10127822075595591
                ],
                [
                    -0.9784124543286706,
                    -0.20666172653529025
                ],
                [
                    -0.9504075728719562,
                    -0.31100714690765113
                ],
                [
                    -0.7957931955067421,
                    -0.6055684849669507
                ],
                [
                    0.5117229862442899,
                    -0.859150502152694
                ],
                [
                    0.5617577633016182,
                    -0.8273017680208131
                ],
                [
                    0.628982026338718,
                    -0.7774198418762157
                ],
                [
                    0.7920878884792576,
                    -0.6104070583835605
                ],
                [
                    0.8012571098720048,
                    -0.5983201850845098
                ],
                [
                    0.8202071130264351,
                    -0.5720666846975453
                ],
                [
                    0.8653977564382992,
                    -0.5010855447441668
                ],
                [
                    0.9684860048777514,
                    -0.24906797938701786
                ],
                [
                    0.9861225674212318,
                    -0.16601892067640414
                ],
                [
                    0.9997336242082818,
                    0.02307987494277065
                ],
                [
                    0.999130026933215,
                    0.0417035883400125
                ],
                [
                    0.9989871527814889,
                    0.04499631737747371
                ],
                [
                    0.9980343533757872,
                    0.0626692068066487
                ],
                [
                    0.9930995134694823,
                    0.11727470463265986
                ],
                [
                    0.9747464811557287,
                    0.22331434677271525
                ],
                [
                    -0.29865502455898124,
                    0.954361135160938
                ],
                [
                    -0.4269930070600823,
                    0.9042549264017247
                ],
                [
                    -0.6765001795047803,
                    0.7364424669517641
                ],
                [
                    -0.7353131786201914,
                    0.6777274742457108
                ],
                [
                    -0.766132642436572,
                    0.6426824831852473
                ],
                [
                    -0.7804473971782996,
                    0.6252214489583809
                ],
                [
                    -0.8102035646955984,
                    0.5861486021091794
                ]
            ]
        },
        {
            "Type": "R",
            "Centroid": {
                "x": 94743.476125,
                "y": 438187.79500000004
            },