{
    "Pand ID": "0599100000203036",
    "Archetype ID": "TI.1946",
    "Construction Year": 1923,
    "Number of Floors": 2,
    "Wall Area": 59.36,
    "Roof Area (Flat)": 16.05,
    "Roof Area (Sloped)": 49.28,
    "Floor Area": 57.89,
    "Shared Wall Area": 109.05,
    "Absolute Height (70%)": 1.2245378494262695,
    "Surfaces": [
        {
            "Type": "G",
            "Centroid": {
                "x": 93941.511425,
                "y": 441980.17264999996
            },
            "Distances": [
                4.148031075101405,
                6.526825154669664,
                6.679974640611012,
                4.166221981554148,
                2.886588747939934,
                5.18316355135137,
                5.234082918721406,
                5.25287108165811,
                4.276696973173588,
                2.894634381115799
            ],
            "UnitPairs": [
                [
                    -0.9900600852919754,
                    -0.14064504083559615
                ],
                [
                    -0.9073017676556258,
                    -0.4204800856271041
                ],
                [
                    -0.26703694190095617,
                    -0.963686293178535
                ],
                [
                    0.02957115596161926,
                    -0.9995626777421682
                ],
                [
                    0.9153364856262086,
                    -0.40268985346226654
                ],
                [
                    0.9527386027983026,
                    0.3037913012874764
                ],
                [
                    0.9509211216718251,
                    0.30943338597895037
                ],
                [
                    0.14205564697745993,
                    0.9898586733275692
                ],
                [
                    -0.006734168961526166,
                    0.9999773252271261
                ],
                [
                    -0.5478412093633795,
                    0.8365823386393414
                ]
            ]
        },
        {
            "Type": "F",
            "Centroid": {
                "x": 93941.68762499999,
                "y": 441979.90358333336
            },
            "Distances": [
                4.2945191167829835,
                6.581252092949749,
                6.472243514508575,
                3.895693876306898,
                2.6228229914363914,
                5.106442086007703,
                5.159133917406046,
                5.498292017615078,
                4.550286852961259
            ],
            "UnitPairs": [
                [
                    -0.9973177167282461,
                    -0.07319407011471597
                ],
                [
                    -0.9265714052392399,
                    -0.3761189053916067
                ],
                [
                    -0.30283162177044104,
                    -0.9530440749807348
                ],
                [
                    -0.01360476507721068,
                    -0.9999074509009291
                ],
                [
                    0.9402083205965196,
                    -0.3405999322975157
                ],
                [
                    0.9325475389314465,
                    0.36104720970103377
                ],
                [
                    0.9305825506504085,
                    0.36608211705159793
                ],
                [
                    0.10366855710479822,
                    0.9946118993194326
                ],
                [
                    -0.04505210476309538,
                    0.9989846384486676
                ]
            ]
        },
        {
            "Type": "R",
            "Centroid": {
                "x": 93939.92562499999,
                "y": 441982.59425
            },
            "Distances": [
                0.0
            ],
            "UnitPairs": [
                [
                    0.0,
                    0.0
                ]
            ]
        }
    ]
}