{
    "Pand ID": "0599100000060400",
    "Archetype ID": "TI.1946",
    "Construction Year": 1919,
    "Number of Floors": 2,
    "Wall Area": 54.11,
    "Roof Area (Flat)": 33.9,
    "Roof Area (Sloped)": 26.57,
    "Floor Area": 55.56,
    "Shared Wall Area": 95.1,
    "Absolute Height (70%)": 4.638623237609863,
    "Surfaces": [
        {
            "Type": "G",
            "Centroid": {
                "x": 96376.85187500001,
                "y": 434030.50525
            },
            "Distances": [
                5.671320569327118,
                4.103781305091043,
                4.138761771358955,
                5.64484091891235,
                5.649665476823627,
                4.1117749208853835,
                4.116262382322436,
                5.668902627529075
            ],
            "UnitPairs": [
                [
                    -0.9646783201772212,
                    -0.26343070925777545
                ],
                [
                    -0.8745592742855959,
                    -0.48491862797901664
                ],
                [
                    0.5298686228270717,
                    -0.8480797383167118
                ],
                [
                    0.7082573375269985,
                    -0.7059543496849973
                ],
                [
                    0.9643048818268082,
                    0.26479443892382926
                ],
                [
                    0.8760207135130194,
                    0.4822734799842725
                ],
                [
                    -0.5247478900469895,
                    0.8512576883008064
                ],
                [
                    -0.7093083554621865,
                    0.704898330875828
                ]
            ]
        },
        {
            "Type": "F",
            "Centroid": {
                "x": 96377.16044642858,
                "y": 434030.0046785715
            },
            "Distances": [
                5.864328284183043,
                4.172464560713717,
                3.55073673591742,
                5.074753752978279,
                5.513621632831331,
                4.1248998528011995,
                6.242142530190141
            ],
            "UnitPairs": [
                [
                    -0.9855470479309983,
                    -0.16940193716275673
                ],
                [
                    -0.9341173236736542,
                    -0.3569661407091288
                ],
                [
                    0.5307148097935693,
                    -0.8475504649669987
                ],
                [
                    0.727016275273891,
                    -0.6866202265349295
                ],
                [
                    0.9321329814901318,
                    0.36211614824296
                ],
                [
                    0.7984263106878952,
                    0.602092539732321
                ],
                [
                    -0.6936034234460011,
                    0.7203570579816562
                ]
            ]
        },
        {
            "Type": "R",
            "Centroid": {
                "x": 96374.691875,
                "y": 434034.00925
            },
            "Distances": [
                0.0
            ],
            "UnitPairs": [
                [
                    0.0,
                    0.0
                ]
            ]
        }
    ]
}