{
    "Pand ID": "0599100000199876",
    "Archetype ID": "TI.1946",
    "Construction Year": 1940,
    "Number of Floors": 2,
    "Wall Area": 166.66,
    "Roof Area (Flat)": 0.0,
    "Roof Area (Sloped)": 103.9,
    "Floor Area": 90.19,
    "Shared Wall Area": 61.34,
    "Absolute Height (70%)": 5.241265296936035,
    "Surfaces": [
        {
            "Type": "G",
            "Centroid": {
                "x": 94374.4069375,
                "y": 432985.5155
            },
            "Distances": [
                5.938730051851563,
                6.138283331175001,
                8.234054568001698,
                4.456651532139128,
                6.04755397899768,
                4.439210065289686,
                6.268728978336702,
                4.563044214538308,
                4.92850937192446,
                3.471178708887909,
                3.5713804584203546,
                7.7313655814353845,
                7.326310096434114,
                2.604257956473917,
                1.8474476660915902,
                2.0434092844719016
            ],
            "UnitPairs": [
                [
                    -0.9367217319912619,
                    -0.3500748445908255
                ],
                [
                    -0.47276043535948614,
                    -0.881190995618265
                ],
                [
                    -0.08099745933156298,
                    -0.9967143079046432
                ],
                [
                    0.53472040225983,
                    -0.8450290476706026
                ],
                [
                    0.561063615436964,
                    -0.8277726858460616
                ],
                [
                    0.5784953769308532,
                    -0.8156856618021613
                ],
                [
                    0.9928747153540395,
                    -0.11916291206006588
                ],
                [
                    0.9125623825280692,
                    0.40893752333907196
                ],
                [
                    0.43280073933681384,
                    0.9014896117146927
                ],
                [
                    0.22270893112397921,
                    0.974884983984067
                ],
                [
                    0.18902004641006176,
                    0.9819732287873932
                ],
                [
                    -0.3086049255945214,
                    0.9511903068780716
                ],
                [
                    -0.6970681602023684,
                    0.7170048675093393
                ],
                [
                    -0.8155634101915964,
                    0.5786677146313365
                ],
                [
                    -0.879558068046377,
                    0.4757915561824575
                ],
                [
                    -0.9493631622083194,
                    0.3141808177496207
                ]
            ]
        },
        {
            "Type": "F",
            "Centroid": {
                "x": 94374.44495833333,
                "y": 432985.30170833337
            },
            "Distances": [
                5.9033665292438515,
                5.969383940488224,
                0.7395709647638186,
                8.024234898894274,
                1.0445308972337874,
                2.269286186309362,
                4.256454447330084,
                5.849920110192652,
                0.5558693298270354,
                0.9310530571180192,
                2.828237444997078,
                4.24384017866339,
                6.20897919375056,
                4.620579315568251,
                5.106359585019522,
                3.6721099014330445,
                3.7749321465765577,
                7.9465114805725,
                3.199588691531416,
                7.507090473553408,
                2.763184357748708,
                1.989880409742565,
                2.155156269279391,
                2.0882283069102603
            ],
            "UnitPairs": [
                [
                    -0.9487736032635568,
                    -0.3159567213247521
                ],
                [
                    -0.49250615518339913,
                    -0.8703089607182414
                ],
                [
                    -0.20276395434632005,
                    -0.9792276440224935
                ],
                [
                    -0.08785365112379048,
                    -0.9961333926659719
                ],
                [
                    0.19630024081020378,
                    -0.9805438365814432
                ],
                [
                    0.5473270291559394,
                    -0.836918827100534
                ],
                [
                    0.55093780414614,
                    -0.8345463054634112
                ],
                [
                    0.5735192282068502,
                    -0.819192098885859
                ],
                [
                    0.586543723794452,
                    -0.8099175637540759
                ],
                [
                    0.5907737077459939,
                    -0.8068372984908736
                ],
                [
                    0.5954385724035509,
                    -0.8034008379968378
                ],
                [
                    0.596167989402142,
                    -0.8028597190121121
                ],
                [
                    0.9963057490813967,
                    -0.0858769721599283
                ],
                [
                    0.8929706395820964,
                    0.4501149151542766
                ],
                [
                    0.4102808726604981,
                    0.9119592126454671
                ],
                [
                    0.20016875485471602,
                    0.9797614350340151
                ],
                [
                    0.16875579266745624,
                    0.9856578932069577
                ],
                [
                    -0.30503427060618704,
                    0.9523413745898849
                ],
                [
                    -0.4103522233375817,
                    0.9119271093688922
                ],
                [
                    -0.6853465202605001,
                    0.7282171016714891
                ],
                [
                    -0.7824155226107047,
                    0.6227567341890555
                ],
                [
                    -0.8357076763003368,
                    0.5491745439955237
                ],
                [
                    -0.9177795418012346,
                    0.3970903079289598
                ],
                [
                    -0.9270817405051894,
                    0.3748592354762898
                ]
            ]
        },
        {
            "Type": "R",
            "Centroid": {
                "x": 94375.68699999999,
                "y": 432983.40249999997
            },
            "Distances": [
                0.0
            ],
            "UnitPairs": [
                [
                    0.0,
                    0.0
                ]
            ]
        }
    ]
}