{
    "Pand ID": "0599100000309335",
    "Archetype ID": "TI.1946",
    "Construction Year": 1919,
    "Number of Floors": 2,
    "Wall Area": 56.79,
    "Roof Area (Flat)": 31.92,
    "Roof Area (Sloped)": 22.8,
    "Floor Area": 47.54,
    "Shared Wall Area": 114.74,
    "Absolute Height (70%)": 4.839843273162842,
    "Surfaces": [
        {
            "Type": "G",
            "Centroid": {
                "x": 94396.485,
                "y": 433890.54958333337
            },
            "Distances": [
                3.784338626532292,
                5.935320688354438,
                5.922080237580091,
                3.7294558593580542,
                2.346054490788659,
                2.616427017964237,
                3.6572377108421295,
                5.4420718640646815,
                5.432880083980085,
                3.654279934597335,
                2.600703303613924,
                2.3602172937338683
            ],
            "UnitPairs": [
                [
                    -0.9977965432385442,
                    -0.06634800902221534
                ],
                [
                    -0.949401101620519,
                    -0.3140661526521838
                ],
                [
                    -0.44815333354542397,
                    -0.8939567045624324
                ],
                [
                    -0.20002918069865372,
                    -0.9797899401754568
                ],
                [
                    0.4624786015271388,
                    -0.8866304433807254
                ],
                [
                    0.9386846960159154,
                    -0.34477679948846396
                ],
                [
                    0.9993881418107825,
                    0.034976306380049255
                ],
                [
                    0.9619498108006539,
                    0.2732262093954135
                ],
                [
                    0.40972743104959397,
                    0.9122079983454981
                ],
                [
                    0.17951553021209968,
                    0.9837551394593417
                ],
                [
                    -0.21494185792629494,
                    0.9766268467081952
                ],
                [
                    -0.8232292870481733,
                    0.5677090284169843
                ]
            ]
        },
        {
            "Type": "F",
            "Centroid": {
                "x": 94396.53581818183,
                "y": 433890.3186818182
            },
            "Distances": [
                3.8268713987473393,
                5.915725758348983,
                5.740370329568878,
                3.514696711675083,
                2.1187273136923483,
                2.4970752114302046,
                3.6219990428004496,
                5.461377155052912,
                5.62445542194836,
                3.8733873797546896,
                2.538263324128518
            ],
            "UnitPairs": [
                [
                    -0.9999860938834243,
                    -0.005273712143385289
                ],
                [
                    -0.9611362010484984,
                    -0.27607463308688923
                ],
                [
                    -0.4711922796847956,
                    -0.8820305185000377
                ],
                [
                    -0.2267103671226737,
                    -0.9739622217720266
                ],
                [
                    0.488114639148436,
                    -0.8727795248795608
                ],
                [
                    0.9631995893301462,
                    -0.26878718554692627
                ],
                [
                    0.9950808312148628,
                    0.09906633812116881
                ],
                [
                    0.9492444251674884,
                    0.3145393795511851
                ],
                [
                    0.3867364313515412,
                    0.9221902909191111
                ],
                [
                    0.15624097433071052,
                    0.9877189670853701
                ],
                [
                    -0.78550486187771,
                    0.6188554855266937
                ]
            ]
        },
        {
            "Type": "R",
            "Centroid": {
                "x": 94395.926,
                "y": 433893.0895
            },
            "Distances": [
                0.0
            ],
            "UnitPairs": [
                [
                    0.0,
                    0.0
                ]
            ]
        }
    ]
}