{
    "Pand ID": "0599100000263475",
    "Archetype ID": "TI.1946",
    "Construction Year": 1900,
    "Number of Floors": 2,
    "Wall Area": 63.55,
    "Roof Area (Flat)": 14.46,
    "Roof Area (Sloped)": 48.12,
    "Floor Area": 59.56,
    "Shared Wall Area": 115.42,
    "Absolute Height (70%)": 9.4281005859375,
    "Surfaces": [
        {
            "Type": "G",
            "Centroid": {
                "x": 68774.91575,
                "y": 444000.64175
            },
            "Distances": [
                6.076162615088127,
                6.077795087453855,
                6.063749592867691,
                6.067071544389911
            ],
            "UnitPairs": [
                [
                    -0.9361582894245858,
                    -0.3515788064454871
                ],
                [
                    -0.26395263034049077,
                    -0.9645356442020877
                ],
                [
                    0.9348588547694633,
                    0.3550196074291213
                ],
                [
                    0.26763323757081486,
                    0.9635208612932902
                ]
            ]
        },
        {
            "Type": "F",
            "Centroid": {
                "x": 68774.64875,
                "y": 444000.348625
            },
            "Distances": [
                4.834403978576782,
                5.725998718822387,
                5.727424449776144,
                4.830287137185868,
                4.045562393310419,
                6.419924655191916,
                6.423450928293833,
                4.348767765527145
            ],
            "UnitPairs": [
                [
                    -0.9751460616231714,
                    -0.2215629899166781
                ],
                [
                    -0.9467780672354666,
                    -0.3218870786500666
                ],
                [
                    -0.23348191001439103,
                    -0.9723611457149199
                ],
                [
                    -0.13027175861945534,
                    -0.9914783249805285
                ],
                [
                    0.9963386071292443,
                    0.08549491180039487
                ],
                [
                    0.9245825019463174,
                    0.3809818855204114
                ],
                [
                    0.29435112389161655,
                    0.9556973453263027
                ],
                [
                    0.05628031046821215,
                    0.9984150072257537
                ]
            ]
        },
        {
            "Type": "R",
            "Centroid": {
                "x": 68774.0195,
                "y": 443995.55950000003
            },
            "Distances": [
                0.0
            ],
            "UnitPairs": [
                [
                    0.0,
                    0.0
                ]
            ]
        }
    ]
}