{
    "Pand ID": "0599100000086750",
    "Archetype ID": "TI.1946",
    "Construction Year": 1938,
    "Number of Floors": 3,
    "Wall Area": 38.54,
    "Roof Area (Flat)": 0.0,
    "Roof Area (Sloped)": 11.14,
    "Floor Area": 10.54,
    "Shared Wall Area": 0.0,
    "Absolute Height (70%)": 7.92609977722168,
    "Surfaces": [
        {
            "Type": "G",
            "Centroid": {
                "x": 97565.06725000001,
                "y": 436253.5484375
            },
            "Distances": [
                2.5557362510953934,
                1.9130764256000665,
                3.259643064843033,
                3.3576963509626685,
                8.95713883086615,
                10.410476515758113,
                9.921273332343116,
                10.041290245038153,
                10.13449156519283,
                8.780156763128202,
                2.298192503890926,
                3.587118608284497,
                9.978247480643706,
                13.124110247355798,
                13.185321977876267,
                9.165236107722288
            ],
            "UnitPairs": [
                [
                    -0.9984402728978918,
                    -0.055830291559184037
                ],
                [
                    -0.9925113155957657,
                    -0.12215272577540938
                ],
                [
                    -0.6720827883387724,
                    -0.7404760128584725
                ],
                [
                    -0.657221430807723,
                    -0.7536975460269519
                ],
                [
                    0.8999804683410627,
                    -0.43593021987997294
                ],
                [
                    0.9189060640508353,
                    -0.3944764193847363
                ],
                [
                    0.9963690817555044,
                    -0.08513902114596436
                ],
                [
                    0.9974066833637958,
                    -0.07197157759305227
                ],
                [
                    0.9971146490170248,
                    0.07591032021836867
                ],
                [
                    0.9940881735339777,
                    0.10857579490788943
                ],
                [
                    -0.2814168086028092,
                    0.9595856292357706
                ],
                [
                    -0.7261399146331262,
                    0.687546961579059
                ],
                [
                    -0.9411221778396031,
                    0.3380666300870914
                ],
                [
                    -0.9572267958148571,
                    0.2893386620796154
                ],
                [
                    -0.997453837082776,
                    0.07131509579918484
                ],
                [
                    -0.9990740982978124,
                    0.043022623239559646
                ]
            ]
        },
        {
            "Type": "F",
            "Centroid": {
                "x": 97564.7244,
                "y": 436253.50104999996
            },
            "Distances": [
                2.2109548389751703,
                1.56701387996389,
                3.002350762273879,
                3.1049802092454923,
                2.627575783818371,
                9.247035205934747,
                10.708322898545317,
                10.259128466873744,
                10.38008986954719,
                10.585502297953097,
                10.479971016177407,
                9.12613037930563,
                2.2731063547605217,
                3.3815498369892483,
                9.672935588548441,
                12.810451752379208,
                7.5964773480889765,
                12.846924554157068,
                8.824960742131836,
                7.623995730588618
            ],
            "UnitPairs": [
                [
                    -0.999070610153977,
                    -0.04310354888591182
                ],
                [
                    -0.9929076059252985,
                    -0.11888854484639033
                ],
                [
                    -0.6154843808484264,
                    -0.7881490829352206
                ],
                [
                    -0.6002936812436475,
                    -0.7997796548168441
                ],
                [
                    -0.3245957757909525,
                    -0.9458528333407209
                ],
                [
                    0.9088426520325122,
                    -0.4171391061103117
                ],
                [
                    0.9253643258493783,
                    -0.37907896861383056
                ],
                [
                    0.9969755260419108,
                    -0.07771615323377379
                ],
                [
                    0.9978815337992347,
                    -0.06505724020035471
                ],
                [
                    0.997127930531817,
                    0.0757356597207409
                ],
                [
                    0.9969588640909356,
                    0.07792960483995302
                ],
                [
                    0.993970020477749,
                    0.10965217002623924
                ],
                [
                    -0.13369370041244388,
                    0.99102270128894
                ],
                [
                    -0.6688944741419426,
                    0.7433573719701542
                ],
                [
                    -0.935383050696277,
                    0.3536361809404206
                ],
                [
                    -0.9539007863424399,
                    0.300122124834666
                ],
                [
                    -0.9963697189069457,
                    0.08513156433012374
                ],
                [
                    -0.9970401823414514,
                    0.07688221378527992
                ],
                [
                    -0.9987466525408163,
                    0.05005121415624171
                ],
                [
                    -0.9993316194332496,
                    0.036555634325215365
                ]
            ]
        },
        {
            "Type": "R",
            "Centroid": {
                "x": 97573.1285,
                "y": 436249.64375
            },
            "Distances": [
                0.0
            ],
            "UnitPairs": [
                [
                    0.0,
                    0.0
                ]
            ]
        }
    ]
}