{
    "Pand ID": "0599100000218731",
    "Archetype ID": "TI.1946",
    "Construction Year": 1937,
    "Number of Floors": 4,
    "Wall Area": 79.01,
    "Roof Area (Flat)": 15.08,
    "Roof Area (Sloped)": 81.52,
    "Floor Area": 76.78,
    "Shared Wall Area": 180.14,
    "Absolute Height (70%)": 3.5507657527923584,
    "Surfaces": [
        {
            "Type": "G",
            "Centroid": {
                "x": 94107.345825,
                "y": 442007.8883166667
            },
            "Distances": [
                3.6741203089327534,
                7.237518647858251,
                6.269889896272829,
                5.5327241190794805,
                5.873820957824108,
                3.236103013057812,
                3.2434026748283276,
                2.604598224507782,
                2.5324933782824273,
                2.0803706987938035,
                5.057568603336692,
                7.643865573827959,
                8.224083226167174,
                6.248152503826323,
                5.759084543374814
            ],
            "UnitPairs": [
                [
                    -0.5008545842980276,
                    -0.8655314467930383
                ],
                [
                    0.3427694104441369,
                    -0.9394195714715436
                ],
                [
                    0.7902531116140025,
                    -0.6127805639740762
                ],
                [
                    0.7943284185910795,
                    -0.6074885706073775
                ],
                [
                    0.9388777832355596,
                    -0.34425064727126004
                ],
                [
                    0.9992883375322953,
                    -0.03772026606403274
                ],
                [
                    0.9816234119518941,
                    0.1908283970165924
                ],
                [
                    0.8073414088290851,
                    0.5900846122293547
                ],
                [
                    0.6530323096527412,
                    0.7573300486245125
                ],
                [
                    0.4392486399367093,
                    0.8983655337966562
                ],
                [
                    -0.4474877510327997,
                    0.8942900607049186
                ],
                [
                    -0.5706798422678333,
                    0.8211726478817721
                ],
                [
                    -0.9704668326556254,
                    0.2412345885551203
                ],
                [
                    -0.9968066554367291,
                    0.07985293781096593
                ],
                [
                    -0.9998464090305369,
                    0.01752593360538373
                ]
            ]
        },
        {
            "Type": "F",
            "Centroid": {
                "x": 94106.917425,
                "y": 442007.91698333336
            },
            "Distances": [
                3.5055882308746114,
                7.4216835765988325,
                6.630340773883671,
                5.895214187031533,
                6.287060795347188,
                3.6653007213201714,
                3.6601097767273645,
                2.8115627998908175,
                2.277736210459892,
                4.854371628848847,
                7.383469291444911,
                4.350441898379168,
                7.801785409623482,
                5.818834142495731,
                5.330289908737247
            ],
            "UnitPairs": [
                [
                    -0.4027284173216903,
                    -0.9153195190104746
                ],
                [
                    0.3919865310840711,
                    -0.9199709557636461
                ],
                [
                    0.8119039704867853,
                    -0.5837910094441274
                ],
                [
                    0.8181551758728502,
                    -0.574997485379254
                ],
                [
                    0.9453065897489941,
                    -0.32618315618242305
                ],
                [
                    0.9991540335802288,
                    -0.041124411003184036
                ],
                [
                    0.9869102896740051,
                    0.1612702084564025
                ],
                [
                    0.7405845603273327,
                    0.6719631753338656
                ],
                [
                    0.5892692901993853,
                    0.8079366953096712
                ],
                [
                    -0.37796859002460736,
                    0.925818418997381
                ],
                [
                    -0.532784771591981,
                    0.8462507826641467
                ],
                [
                    -0.8952653755610899,
                    0.445533284190374
                ],
                [
                    -0.9680860986882024,
                    0.2506178475820431
                ],
                [
                    -0.9967288735128642,
                    0.08081802215952069
                ],
                [
                    -0.9999080896651333,
                    0.013557736618761095
                ]
            ]
        },
        {
            "Type": "R",
            "Centroid": {
                "x": 94109.448625,
                "y": 442009.42525000003
            },
            "Distances": [
                0.0
            ],
            "UnitPairs": [
                [
                    0.0,
                    0.0
                ]
            ]
        }
    ]
}