{
    "Pand ID": "0599100000089601",
    "Archetype ID": "TI.1946",
    "Construction Year": 1933,
    "Number of Floors": 3,
    "Wall Area": 60.29,
    "Roof Area (Flat)": 0.0,
    "Roof Area (Sloped)": 46.41,
    "Floor Area": 41.08,
    "Shared Wall Area": 99.42,
    "Absolute Height (70%)": 6.126166343688965,
    "Surfaces": [
        {
            "Type": "G",
            "Centroid": {
                "x": 95277.21204166667,
                "y": 433322.91225
            },
            "Distances": [
                4.9059176285248025,
                2.753702981671314,
                4.433354987412955,
                4.4587931600800745,
                2.7562128808069284,
                4.870037280264685
            ],
            "UnitPairs": [
                [
                    -0.746377526882349,
                    -0.6655227925210289
                ],
                [
                    0.3345797783799729,
                    -0.9423674293497246
                ],
                [
                    0.8727776919108685,
                    -0.48811791659673487
                ],
                [
                    0.6995913964485846,
                    0.7145431253711139
                ],
                [
                    0.055269073877569186,
                    0.9984714965749977
                ],
                [
                    -0.9036207349996062,
                    0.4283334767196836
                ]
            ]
        },
        {
            "Type": "F",
            "Centroid": {
                "x": 95277.18157500001,
                "y": 433322.36185
            },
            "Distances": [
                4.533725465890157,
                2.255285436499045,
                4.220443697046225,
                4.886913647687332,
                5.1038468825127525
            ],
            "UnitPairs": [
                [
                    -0.8009307196307026,
                    -0.5987570311502363
                ],
                [
                    0.4220308368029833,
                    -0.9065814760888145
                ],
                [
                    0.9240260692800136,
                    -0.3823294695559411
                ],
                [
                    0.6445376831018558,
                    0.7645725440150802
                ],
                [
                    -0.8562560947857596,
                    0.5165515464522783
                ]
            ]
        },
        {
            "Type": "R",
            "Centroid": {
                "x": 95277.364375,
                "y": 433325.66425
            },
            "Distances": [
                0.0
            ],
            "UnitPairs": [
                [
                    0.0,
                    0.0
                ]
            ]
        }
    ]
}