{
    "Pand ID": "0599100000255706",
    "Archetype ID": "TI.1946",
    "Construction Year": 1937,
    "Number of Floors": 4,
    "Wall Area": 103.74,
    "Roof Area (Flat)": 0.0,
    "Roof Area (Sloped)": 88.81,
    "Floor Area": 74.91,
    "Shared Wall Area": 200.03,
    "Absolute Height (70%)": 8.226409912109375,
    "Surfaces": [
        {
            "Type": "G",
            "Centroid": {
                "x": 90885.84784999999,
                "y": 438093.66560000007
            },
            "Distances": [
                4.272387437959688,
                3.7455328619599895,
                4.34095363027045,
                3.87314456485118,
                8.443184045157631,
                8.650480357758326,
                4.321947202350006,
                4.754996784381606,
                3.3880553743749804,
                4.074027150120185
            ],
            "UnitPairs": [
                [
                    -0.9870593576148837,
                    -0.1603553071927868
                ],
                [
                    -0.9203229892866274,
                    -0.3911592966944877
                ],
                [
                    -0.830946447997206,
                    -0.5563524068077956
                ],
                [
                    0.4840769479725946,
                    -0.8750254330255424
                ],
                [
                    0.8574845652159798,
                    -0.514509689331855
                ],
                [
                    0.9690675723566137,
                    0.24679554332860087
                ],
                [
                    0.6994301083472712,
                    0.7147010028937449
                ],
                [
                    -0.5188436736903574,
                    0.854869137512575
                ],
                [
                    -0.8607002181968738,
                    0.5091121039573245
                ],
                [
                    -0.9489627480477707,
                    0.31538817799280844
                ]
            ]
        },
        {
            "Type": "F",
            "Centroid": {
                "x": 90885.84784999999,
                "y": 438093.66560000007
            },
            "Distances": [
                4.272387437959688,
                3.7455328619599895,
                4.34095363027045,
                3.87314456485118,
                8.443184045157631,
                8.650480357758326,
                4.321947202350006,
                4.754996784381606,
                3.3880553743749804,
                4.074027150120185
            ],
            "UnitPairs": [
                [
                    -0.9870593576148837,
                    -0.1603553071927868
                ],
                [
                    -0.9203229892866274,
                    -0.3911592966944877
                ],
                [
                    -0.830946447997206,
                    -0.5563524068077956
                ],
                [
                    0.4840769479725946,
                    -0.8750254330255424
                ],
                [
                    0.8574845652159798,
                    -0.514509689331855
                ],
                [
                    0.9690675723566137,
                    0.24679554332860087
                ],
                [
                    0.6994301083472712,
                    0.7147010028937449
                ],
                [
                    -0.5188436736903574,
                    0.854869137512575
                ],
                [
                    -0.8607002181968738,
                    0.5091121039573245
                ],
                [
                    -0.9489627480477707,
                    0.31538817799280844
                ]
            ]
        },
        {
            "Type": "R",
            "Centroid": {
                "x": 90887.72275,
                "y": 438090.27650000004
            },
            "Distances": [
                0.0
            ],
            "UnitPairs": [
                [
                    0.0,
                    0.0
                ]
            ]
        }
    ]
}