{
    "Pand ID": "0599100000052798",
    "Archetype ID": "TI.1946",
    "Construction Year": 1941,
    "Number of Floors": 2,
    "Wall Area": 139.46,
    "Roof Area (Flat)": 0.0,
    "Roof Area (Sloped)": 68.88,
    "Floor Area": 60.39,
    "Shared Wall Area": 51.47,
    "Absolute Height (70%)": 6.251152515411377,
    "Surfaces": [
        {
            "Type": "G",
            "Centroid": {
                "x": 96121.51314772727,
                "y": 433963.3245227272
            },
            "Distances": [
                4.3535305801403235,
                5.295743553534585,
                3.055693815522164,
                3.475113727814863,
                3.5388351272524767,
                3.3588187133052587,
                4.498717975324073,
                4.0296910172536125,
                6.082192327843053,
                4.833972426659329,
                6.293416297538363
            ],
            "UnitPairs": [
                [
                    -0.9785787991693127,
                    -0.20587261550858552
                ],
                [
                    -0.43662853079683966,
                    -0.8996418876943165
                ],
                [
                    0.016600901727533226,
                    -0.9998621955358812
                ],
                [
                    0.07128609079991197,
                    -0.9974559104333719
                ],
                [
                    0.9420408560613003,
                    -0.33549817512364016
                ],
                [
                    0.9579937315449151,
                    -0.2867891391260296
                ],
                [
                    0.9975569256280032,
                    -0.0698582860626157
                ],
                [
                    0.7272833723932564,
                    0.6863373050041008
                ],
                [
                    0.21813306801651847,
                    0.9759190359029283
                ],
                [
                    -0.6535562159689033,
                    0.75687797733083
                ],
                [
                    -0.931651816765527,
                    0.36335229780131145
                ]
            ]
        },
        {
            "Type": "F",
            "Centroid": {
                "x": 96121.66725961538,
                "y": 433963.22401923075
            },
            "Distances": [
                4.485536779591864,
                5.275774493741983,
                2.956577343138566,
                3.3670708865383085,
                3.845868398650575,
                3.3602115045186145,
                3.182783368457945,
                4.338884601578318,
                3.990597927219653,
                6.149073811542136,
                5.011021211871921,
                6.473622506358543,
                1.859719760008185
            ],
            "UnitPairs": [
                [
                    -0.9841374248583,
                    -0.17740780420622382
                ],
                [
                    -0.46749242567064736,
                    -0.8839970768846321
                ],
                [
                    -0.03496766814274079,
                    -0.9993884440920152
                ],
                [
                    0.027803211687992383,
                    -0.9996134159863166
                ],
                [
                    0.9029470134355546,
                    -0.4297518946180602
                ],
                [
                    0.9462545379500171,
                    -0.3234228646972872
                ],
                [
                    0.9625585627313313,
                    -0.2710738152470538
                ],
                [
                    0.9987855825990823,
                    -0.04926824527230117
                ],
                [
                    0.6957893115910639,
                    0.7182459424707064
                ],
                [
                    0.19069788728568265,
                    0.9816487741472391
                ],
                [
                    -0.6612194351781376,
                    0.7501925476454059
                ],
                [
                    -0.9295235564735366,
                    0.36876273938779125
                ],
                [
                    -0.9557271227598624,
                    0.29425442532127705
                ]
            ]
        },
        {
            "Type": "R",
            "Centroid": {
                "x": 96119.88987500001,
                "y": 433963.77125
            },
            "Distances": [
                0.0
            ],
            "UnitPairs": [
                [
                    0.0,
                    0.0
                ]
            ]
        }
    ]
}