{
    "Pand ID": "0599100000093298",
    "Archetype ID": "TI.1946",
    "Construction Year": 1914,
    "Number of Floors": 3,
    "Wall Area": 109.78,
    "Roof Area (Flat)": 21.73,
    "Roof Area (Sloped)": 76.24,
    "Floor Area": 67.94,
    "Shared Wall Area": 212.09,
    "Absolute Height (70%)": 8.967041015625,
    "Surfaces": [
        {
            "Type": "G",
            "Centroid": {
                "x": 92141.24306944445,
                "y": 439300.11538888887
            },
            "Distances": [
                6.823927533874455,
                5.314422869122498,
                7.456478420288242,
                6.949302322203416,
                6.865130401698238,
                7.152201944457708,
                5.062541093263603,
                6.243096826694213,
                6.6978056181717385
            ],
            "UnitPairs": [
                [
                    -0.8440072693987472,
                    -0.5363317342858529
                ],
                [
                    -0.7606553983355846,
                    -0.649155886504107
                ],
                [
                    0.9605815442417323,
                    -0.2779983756466373
                ],
                [
                    0.9980218493866115,
                    -0.06286802165590752
                ],
                [
                    0.9643743335052477,
                    0.264541385942369
                ],
                [
                    0.9006394961417767,
                    0.43456702358725574
                ],
                [
                    -0.9426974233941481,
                    0.3336488692113825
                ],
                [
                    -0.9696220661757831,
                    0.24460794914516854
                ],
                [
                    -0.975311141714572,
                    0.22083518027573848
                ]
            ]
        },
        {
            "Type": "F",
            "Centroid": {
                "x": 92140.44289772728,
                "y": 439299.94649999996
            },
            "Distances": [
                3.813708524597508,
                6.064772624203511,
                4.612731667644714,
                8.187199864417854,
                7.740368236586467,
                7.681628620058856,
                7.9486692529410465,
                4.385329476775714,
                5.520261800584336,
                5.964465996209924,
                3.711311662501951
            ],
            "UnitPairs": [
                [
                    -0.915191264555131,
                    -0.4030197877052443
                ],
                [
                    -0.8177178328956236,
                    -0.5756192715367381
                ],
                [
                    -0.7028964528777218,
                    -0.7112921878749384
                ],
                [
                    0.9725824951878982,
                    -0.2325581433837178
                ],
                [
                    0.9994004207912879,
                    -0.03462367574646917
                ],
                [
                    0.9660356728726364,
                    0.2584087435392091
                ],
                [
                    0.9110615931154838,
                    0.41227026760351826
                ],
                [
                    -0.9058094148481801,
                    0.4236853832413827
                ],
                [
                    -0.9516347081051004,
                    0.307231805530808
                ],
                [
                    -0.9610705687503251,
                    0.2763030254664731
                ],
                [
                    -0.9999895090390112,
                    0.004580590782583052
                ]
            ]
        },
        {
            "Type": "R",
            "Centroid": {
                "x": 92136.731625,
                "y": 439299.96349999995
            },
            "Distances": [
                0.0
            ],
            "UnitPairs": [
                [
                    0.0,
                    0.0
                ]
            ]
        }
    ]
}