{
    "Pand ID": "0599100000324353",
    "Archetype ID": "TI.1946",
    "Construction Year": 1925,
    "Number of Floors": 3,
    "Wall Area": 93.02,
    "Roof Area (Flat)": 15.13,
    "Roof Area (Sloped)": 38.0,
    "Floor Area": 42.82,
    "Shared Wall Area": 167.36,
    "Absolute Height (70%)": 7.837021350860596,
    "Surfaces": [
        {
            "Type": "G",
            "Centroid": {
                "x": 93591.04798214286,
                "y": 433952.87582142855
            },
            "Distances": [
                5.74893008902058,
                5.956657657956584,
                3.160783564222104,
                1.7367798683963216,
                2.527400702534501,
                4.026165247088466,
                6.093032205232507,
                3.3748294174442823,
                3.621936778228614,
                5.903975926419189,
                4.334299452011299,
                4.028101984460411,
                5.090209779264317,
                6.404018216037077
            ],
            "UnitPairs": [
                [
                    -0.9962474850416152,
                    -0.0865502660207163
                ],
                [
                    -0.9574760663379225,
                    -0.28851270750186786
                ],
                [
                    -0.8524332932407276,
                    -0.5228359977801527
                ],
                [
                    -0.37849191761234335,
                    -0.9256045960895674
                ],
                [
                    0.7899985368892654,
                    -0.6131087274805505
                ],
                [
                    0.9268479131188886,
                    -0.37543700662982205
                ],
                [
                    0.9707224019037627,
                    -0.24020411828732216
                ],
                [
                    0.9940184946202366,
                    -0.10921186910276104
                ],
                [
                    0.9949491329611792,
                    -0.10038039061389362
                ],
                [
                    0.998588566521443,
                    -0.053111908388324545
                ],
                [
                    0.7612863148170037,
                    0.6484158749385659
                ],
                [
                    -0.7289679243964639,
                    0.6845478545734486
                ],
                [
                    -0.842078682163892,
                    0.5393547005868428
                ],
                [
                    -0.904331772255499,
                    0.4268302305240673
                ]
            ]
        },
        {
            "Type": "F",
            "Centroid": {
                "x": 93591.03012499999,
                "y": 433953.02249999996
            },
            "Distances": [
                5.7457330526581805,
                5.983650040929334,
                3.225050823233973,
                1.8671779005978402,
                2.6335288706312188,
                4.099822351330496,
                6.147150666163709,
                3.411632866016057,
                3.6572691058428597,
                5.9313836760543595,
                4.254570520342577,
                2.5796090426080736,
                1.7947758390645947,
                4.99735868358953,
                6.3264980686424765,
                4.454857384084269
            ],
            "UnitPairs": [
                [
                    -0.9936939199352097,
                    -0.11212668497640116
                ],
                [
                    -0.9501725470410849,
                    -0.3117244469871706
                ],
                [
                    -0.8299094019602123,
                    -0.557898184741663
                ],
                [
                    -0.3424954846484974,
                    -0.9395194745163034
                ],
                [
                    0.764943199396909,
                    -0.6440977423469364
                ],
                [
                    0.9145518216877245,
                    -0.40446874471047156
                ],
                [
                    0.9650812745919286,
                    -0.2619506316694397
                ],
                [
                    0.988529578780825,
                    -0.151027387832157
                ],
                [
                    0.9902197227495967,
                    -0.13951666809995125
                ],
                [
                    0.9969849065544528,
                    -0.07759572219271481
                ],
                [
                    0.779749679584,
                    0.6260913968332814
                ],
                [
                    0.7491445285274978,
                    0.6624065786035892
                ],
                [
                    -0.48279009619428453,
                    0.8757361035247512
                ],
                [
                    -0.854151216723358,
                    0.5200247099609853
                ],
                [
                    -0.9125901782239152,
                    0.4088754903503546
                ],
                [
                    -0.9505354795688528,
                    0.3106160042251709
                ]
            ]
        },
        {
            "Type": "R",
            "Centroid": {
                "x": 93588.11162499999,
                "y": 433955.63325
            },
            "Distances": [
                0.0
            ],
            "UnitPairs": [
                [
                    0.0,
                    0.0
                ]
            ]
        }
    ]
}