{
    "Pand ID": "0599100000179753",
    "Archetype ID": "TI.1946",
    "Construction Year": 1922,
    "Number of Floors": 3,
    "Wall Area": 62.06,
    "Roof Area (Flat)": 6.37,
    "Roof Area (Sloped)": 50.42,
    "Floor Area": 44.78,
    "Shared Wall Area": 119.69,
    "Absolute Height (70%)": 5.978267192840576,
    "Surfaces": [
        {
            "Type": "G",
            "Centroid": {
                "x": 94590.78158333333,
                "y": 433341.29375
            },
            "Distances": [
                5.135921946058006,
                6.428083299281359,
                6.294979089396887,
                5.0060320183797336,
                2.801671329058767,
                3.70937711341196,
                6.400603102019592,
                6.063968535761446,
                5.469714791737323,
                2.105703659769098,
                3.16368947108066,
                3.051753851376749
            ],
            "UnitPairs": [
                [
                    -0.9502837824624175,
                    -0.3113851839585834
                ],
                [
                    -0.9134267650176059,
                    -0.4070031264615436
                ],
                [
                    -0.4259876474952455,
                    -0.9047289783031526
                ],
                [
                    -0.3425034692196592,
                    -0.9395165637563279
                ],
                [
                    0.0494050337856697,
                    -0.9987788256849646
                ],
                [
                    0.9773653516026641,
                    0.21155843043140715
                ],
                [
                    0.8902937076168157,
                    0.4553867742676591
                ],
                [
                    0.6677832582400337,
                    0.7443557751601881
                ],
                [
                    0.664644648778262,
                    0.7471596153770764
                ],
                [
                    0.6123447906282801,
                    0.7905908280459671
                ],
                [
                    -0.07920604585806296,
                    0.9968582659031978
                ],
                [
                    -0.9953565986173339,
                    0.0962561249424232
                ]
            ]
        },
        {
            "Type": "F",
            "Centroid": {
                "x": 94591.18415384616,
                "y": 433341.80465384613
            },
            "Distances": [
                3.4470007656055355,
                5.6889773963686485,
                7.010285134167098,
                6.930248949956099,
                5.627587470569782,
                3.2344596221556503,
                1.8956962312657555,
                5.81588022716671,
                3.6277206831824533,
                5.415003619693865,
                4.820577763165411,
                1.4552858988469268,
                2.722360325121969
            ],
            "UnitPairs": [
                [
                    -0.9980136588536773,
                    -0.0629979106121454
                ],
                [
                    -0.9286649388928402,
                    -0.37091971000629975
                ],
                [
                    -0.8949926752018496,
                    -0.4460808349784112
                ],
                [
                    -0.44502785807906325,
                    -0.8955167254348525
                ],
                [
                    -0.37620985141881613,
                    -0.9265344827341465
                ],
                [
                    0.9964094563960418,
                    0.08466519476469883
                ],
                [
                    0.975286084003251,
                    0.22094581767846075
                ],
                [
                    0.9105837718447933,
                    0.41332456308923804
                ],
                [
                    0.7491883723137539,
                    0.6623569904438753
                ],
                [
                    0.6734706770246444,
                    0.7392139387132571
                ],
                [
                    0.6706345821333635,
                    0.7417878788756318
                ],
                [
                    0.6093965141416491,
                    0.7928656182178712
                ],
                [
                    -0.23992189429498845,
                    0.9707921943639145
                ]
            ]
        },
        {
            "Type": "R",
            "Centroid": {
                "x": 94590.92,
                "y": 433338.4955
            },
            "Distances": [
                0.0
            ],
            "UnitPairs": [
                [
                    0.0,
                    0.0
                ]
            ]
        }
    ]
}