{
    "Pand ID": "0599100000323182",
    "Archetype ID": "TI.1946",
    "Construction Year": 1916,
    "Number of Floors": 4,
    "Wall Area": 105.83,
    "Roof Area (Flat)": 16.83,
    "Roof Area (Sloped)": 58.49,
    "Floor Area": 57.08,
    "Shared Wall Area": 211.13,
    "Absolute Height (70%)": 11.845491409301758,
    "Surfaces": [
        {
            "Type": "G",
            "Centroid": {
                "x": 91751.598375,
                "y": 434439.04624999996
            },
            "Distances": [
                6.302175070942645,
                6.3512605146544425,
                6.31499169636868,
                6.318643891306526
            ],
            "UnitPairs": [
                [
                    0.3716573998080273,
                    -0.9283699570580342
                ],
                [
                    0.9245802445752526,
                    -0.38098736375523784
                ],
                [
                    -0.3765246439463938,
                    0.9264066021467255
                ],
                [
                    -0.9237346019820288,
                    0.38303313838505265
                ]
            ]
        },
        {
            "Type": "F",
            "Centroid": {
                "x": 91751.52190086208,
                "y": 434439.3604655172
            },
            "Distances": [
                3.360415318352589,
                2.637460391853666,
                1.2026288624305048,
                0.9844599121670637,
                1.610037290626292,
                5.272575733961331,
                6.622463762385173,
                0.3871098588383273,
                4.279888683836272,
                3.951967516259123,
                4.123036164658841,
                3.979044774651549,
                6.54689898491379,
                4.011959458653254,
                4.23258098172407,
                1.5647783498620174,
                1.5463645713884515,
                2.3048208640031334,
                3.1942232299596016,
                2.811855181217606,
                5.99529385332556,
                5.754321246542493,
                2.656836712859043,
                5.635506152488536,
                3.845085346076097,
                2.971149361047517,
                2.996050493583172,
                3.0525311444282095,
                6.133201386703139
            ],
            "UnitPairs": [
                [
                    -0.9948996017895673,
                    -0.10087012619681023
                ],
                [
                    -0.6124360642771612,
                    -0.7905201244577527
                ],
                [
                    -0.4708650189304872,
                    -0.882205267467607
                ],
                [
                    -0.40761015976544496,
                    -0.91315604233668
                ],
                [
                    0.1923707852808002,
                    -0.9813223124796706
                ],
                [
                    0.2580757881118245,
                    -0.9661246749723663
                ],
                [
                    0.36523025639852724,
                    -0.9309172142629365
                ],
                [
                    0.40485700465950086,
                    -0.914380011689963
                ],
                [
                    0.5557911230031285,
                    -0.8313219758859507
                ],
                [
                    0.8521639219107197,
                    -0.523274927923879
                ],
                [
                    0.8827776406898225,
                    -0.46979105685199113
                ],
                [
                    0.8946177636920113,
                    -0.4468322469190253
                ],
                [
                    0.9086323390100483,
                    -0.4175970216669759
                ],
                [
                    0.9176872737277156,
                    -0.39730349562795514
                ],
                [
                    0.9764075763141484,
                    -0.21593574256322276
                ],
                [
                    0.8810986795921093,
                    0.47293246539124534
                ],
                [
                    0.8592567124946145,
                    0.5115446236966499
                ],
                [
                    0.8025457278749427,
                    0.5965906089352048
                ],
                [
                    0.010870917722572503,
                    0.9999409098281103
                ],
                [
                    -0.2134803620342943,
                    0.976947355298998
                ],
                [
                    -0.3838470504325265,
                    0.9233966871687648
                ],
                [
                    -0.4921998165777995,
                    0.8704822459767807
                ],
                [
                    -0.7427162732773861,
                    0.6696062555031509
                ],
                [
                    -0.8159472703353708,
                    0.578126328783128
                ],
                [
                    -0.868192916830468,
                    0.4962268222954138
                ],
                [
                    -0.9024372511298491,
                    0.4308213176865808
                ],
                [
                    -0.9089552622406795,
                    0.41689366899124003
                ],
                [
                    -0.9212930938336623,
                    0.3888689178301585
                ],
                [
                    -0.9391956172458622,
                    0.3433825746105411
                ]
            ]
        },
        {
            "Type": "R",
            "Centroid": {
                "x": 91748.183625,
                "y": 434441.26849999995
            },
            "Distances": [
                0.0
            ],
            "UnitPairs": [
                [
                    0.0,
                    0.0
                ]
            ]
        }
    ]
}