{
    "Pand ID": "0599100000108522",
    "Archetype ID": "TI.1946",
    "Construction Year": 1941,
    "Number of Floors": 2,
    "Wall Area": 58.18,
    "Roof Area (Flat)": 0.0,
    "Roof Area (Sloped)": 47.28,
    "Floor Area": 44.16,
    "Shared Wall Area": 116.19,
    "Absolute Height (70%)": 5.53134822845459,
    "Surfaces": [
        {
            "Type": "G",
            "Centroid": {
                "x": 93872.6121875,
                "y": 433131.287125
            },
            "Distances": [
                6.0332056803366365,
                6.480985749184858,
                3.0903116397988732,
                4.347546380578502,
                3.488978830725651,
                3.3801770340021937,
                3.5262347881670655,
                1.9832219445416737
            ],
            "UnitPairs": [
                [
                    -0.9252751017907707,
                    -0.37929669917635567
                ],
                [
                    -0.3473815692737351,
                    -0.9377238641140136
                ],
                [
                    0.5836385485438779,
                    -0.8120135741806264
                ],
                [
                    0.9979479504544453,
                    -0.06403036923032672
                ],
                [
                    0.3435460798583423,
                    0.9391358213879212
                ],
                [
                    0.325907486180198,
                    0.9454016661989252
                ],
                [
                    0.2582428722726704,
                    0.9660800271822005
                ],
                [
                    -0.7661144554119095,
                    0.6427041630555332
                ]
            ]
        },
        {
            "Type": "F",
            "Centroid": {
                "x": 93872.9280625,
                "y": 433131.56425
            },
            "Distances": [
                6.432040369324074,
                6.85349858194077,
                3.1587944397238994,
                4.060923270950658,
                3.126699188020033,
                3.0224237479747322,
                3.288088854108021,
                3.185513743870064
            ],
            "UnitPairs": [
                [
                    -0.9170107246416741,
                    -0.3988625463642229
                ],
                [
                    -0.37458970324406043,
                    -0.9271906784602221
                ],
                [
                    0.47098664645309196,
                    -0.8821403396642
                ],
                [
                    0.9905998541710943,
                    -0.13679155279551042
                ],
                [
                    0.28232648774994706,
                    0.9593183800567876
                ],
                [
                    0.2599734734489086,
                    0.9656157585203907
                ],
                [
                    0.21038056776777475,
                    0.9776195664499093
                ],
                [
                    0.18670457823273523,
                    0.9824161035258616
                ]
            ]
        },
        {
            "Type": "R",
            "Centroid": {
                "x": 93871.09281249999,
                "y": 433132.56175
            },
            "Distances": [
                0.0
            ],
            "UnitPairs": [
                [
                    0.0,
                    0.0
                ]
            ]
        }
    ]
}