{
    "Pand ID": "0599100000606488",
    "Archetype ID": "TI.1946",
    "Construction Year": 1922,
    "Number of Floors": null,
    "Wall Area": 187.35,
    "Roof Area (Flat)": 0.0,
    "Roof Area (Sloped)": 81.73,
    "Floor Area": 62.48,
    "Shared Wall Area": 319.08,
    "Absolute Height (70%)": 14.314409255981445,
    "Surfaces": [
        {
            "Type": "G",
            "Centroid": {
                "x": 91098.04513461539,
                "y": 437334.5738076924
            },
            "Distances": [
                2.838458400051068,
                3.2678389372525882,
                5.46310683065657,
                4.671667328423711,
                5.372612773322073,
                4.656906072273744,
                4.704385974471987,
                2.895331828357274,
                4.859691396888702,
                7.088371811248133,
                7.060872092268925,
                4.836914998607934,
                3.005599071905714
            ],
            "UnitPairs": [
                [
                    -0.9950417506002408,
                    -0.09945810455869357
                ],
                [
                    -0.6623290366963347,
                    -0.7492130852760818
                ],
                [
                    -0.23711500718127906,
                    -0.9714815867371971
                ],
                [
                    0.2925326844868709,
                    -0.9562555246935334
                ],
                [
                    0.7325328570409909,
                    -0.6807316750051838
                ],
                [
                    0.7978720908152693,
                    -0.6028267800107016
                ],
                [
                    0.8068248237312492,
                    -0.5907907445204593
                ],
                [
                    0.8640168149664216,
                    0.5034629514227242
                ],
                [
                    0.3166076318323099,
                    0.948556591598802
                ],
                [
                    0.11210125622252917,
                    0.9936967889418437
                ],
                [
                    -0.645017294729836,
                    0.7641679720450235
                ],
                [
                    -0.7890121320075917,
                    0.6143776164093502
                ],
                [
                    -0.9959360991847845,
                    0.09006268006557938
                ]
            ]
        },
        {
            "Type": "F",
            "Centroid": {
                "x": 91097.84108333333,
                "y": 437335.1552619048
            },
            "Distances": [
                2.8065910649628782,
                2.7590272571933134,
                3.6086512684824674,
                5.989033746417962,
                2.5620118910189107,
                5.287437049154221,
                2.5666279111949257,
                5.924858023314152,
                5.1814567473966395,
                5.224179746641033,
                2.8440157015398437,
                4.389030560717954,
                6.538949174800036,
                3.415257129858335,
                2.77981580856432,
                0.7194599337745883,
                2.800684903645687,
                2.914304707722912,
                6.488627632120135,
                0.7289596475522414,
                4.331534400515458
            ],
            "UnitPairs": [
                [
                    -0.9938509988703909,
                    -0.11072575149587541
                ],
                [
                    -0.9497308613055369,
                    -0.3130675503527045
                ],
                [
                    -0.543231580856118,
                    -0.8395829021368665
                ],
                [
                    -0.1822219375509177,
                    -0.9832574258428917
                ],
                [
                    0.1372619182221404,
                    -0.9905347877818217
                ],
                [
                    0.2970563341113925,
                    -0.9548599553674354
                ],
                [
                    0.2983161927443074,
                    -0.9544671021813906
                ],
                [
                    0.6986946607632084,
                    -0.7154199962406594
                ],
                [
                    0.7564796654218681,
                    -0.6540172136902962
                ],
                [
                    0.7656066331258767,
                    -0.643309010751178
                ],
                [
                    0.951354335067959,
                    0.30809889507656757
                ],
                [
                    0.39705047448401287,
                    0.9177967752787217
                ],
                [
                    0.1527258646565233,
                    0.9882685921675936
                ],
                [
                    -0.11839030502399714,
                    0.9929671372589955
                ],
                [
                    -0.1526480035193359,
                    0.9882806215956886
                ],
                [
                    -0.28678919234993405,
                    0.9579937156115758
                ],
                [
                    -0.29361865458675407,
                    0.9559226358229334
                ],
                [
                    -0.4609447082791173,
                    0.887428856815846
                ],
                [
                    -0.6704550761705721,
                    0.7419501269203426
                ],
                [
                    -0.781021741388099,
                    0.6245038346392291
                ],
                [
                    -0.8339615940504033,
                    0.5518224892562013
                ]
            ]
        },
        {
            "Type": "R",
            "Centroid": {
                "x": 91097.01875,
                "y": 437337.8325
            },
            "Distances": [
                0.0
            ],
            "UnitPairs": [
                [
                    0.0,
                    0.0
                ]
            ]
        }
    ]
}