{
    "Pand ID": "0599100000310733",
    "Archetype ID": "TI.1946",
    "Construction Year": 1925,
    "Number of Floors": 2,
    "Wall Area": 77.7,
    "Roof Area (Flat)": 46.02,
    "Roof Area (Sloped)": 0.0,
    "Floor Area": 46.01,
    "Shared Wall Area": 104.79,
    "Absolute Height (70%)": 5.307497024536133,
    "Surfaces": [
        {
            "Type": "G",
            "Centroid": {
                "x": 93758.22908333334,
                "y": 434108.4000833333
            },
            "Distances": [
                4.905529275446984,
                3.8425987480812585,
                2.6820671391394066,
                3.082096441092801,
                5.6334510564350495,
                6.548469144687165
            ],
            "UnitPairs": [
                [
                    -0.13838126229039566,
                    -0.9903790316070492
                ],
                [
                    0.9634538783170431,
                    -0.2678742696786093
                ],
                [
                    0.9739378364319246,
                    -0.22681510259747242
                ],
                [
                    0.996453785713542,
                    -0.08414186197815289
                ],
                [
                    -0.4203166601816078,
                    0.9073774876939469
                ],
                [
                    -0.9679870506048106,
                    0.25100013916609626
                ]
            ]
        },
        {
            "Type": "F",
            "Centroid": {
                "x": 93758.22908333334,
                "y": 434108.4000833333
            },
            "Distances": [
                4.905529275446984,
                3.8425987480812585,
                2.6820671391394066,
                3.082096441092801,
                5.6334510564350495,
                6.548469144687165
            ],
            "UnitPairs": [
                [
                    -0.13838126229039566,
                    -0.9903790316070492
                ],
                [
                    0.9634538783170431,
                    -0.2678742696786093
                ],
                [
                    0.9739378364319246,
                    -0.22681510259747242
                ],
                [
                    0.996453785713542,
                    -0.08414186197815289
                ],
                [
                    -0.4203166601816078,
                    0.9073774876939469
                ],
                [
                    -0.9679870506048106,
                    0.25100013916609626
                ]
            ]
        },
        {
            "Type": "R",
            "Centroid": {
                "x": 93757.55025,
                "y": 434103.54175
            },
            "Distances": [
                0.0
            ],
            "UnitPairs": [
                [
                    0.0,
                    0.0
                ]
            ]
        }
    ]
}