{
    "Pand ID": "0599100000237066",
    "Archetype ID": "TI.1946",
    "Construction Year": 1941,
    "Number of Floors": 2,
    "Wall Area": 37.35,
    "Roof Area (Flat)": 0.0,
    "Roof Area (Sloped)": 56.08,
    "Floor Area": 35.15,
    "Shared Wall Area": 102.92,
    "Absolute Height (70%)": 6.506683826446533,
    "Surfaces": [
        {
            "Type": "G",
            "Centroid": {
                "x": 94527.5935,
                "y": 433182.51533333334
            },
            "Distances": [
                4.463138687563011,
                2.242974277828654,
                4.570320442192391,
                4.56976742053158,
                2.241950849401644,
                4.468587354471051
            ],
            "UnitPairs": [
                [
                    -0.5430035160587218,
                    -0.8397304219497264
                ],
                [
                    0.4019216844810975,
                    -0.9156740465601705
                ],
                [
                    0.99916407563661,
                    -0.04087970104145459
                ],
                [
                    0.5530916056341649,
                    0.8331204449399987
                ],
                [
                    -0.494881500324618,
                    0.8689604712738407
                ],
                [
                    -0.9986377452247344,
                    0.052179055304388496
                ]
            ]
        },
        {
            "Type": "F",
            "Centroid": {
                "x": 94527.6455,
                "y": 433182.54175000003
            },
            "Distances": [
                4.5136529898330515,
                4.519533804766197,
                4.5190895999440786,
                4.5192317723865525
            ],
            "UnitPairs": [
                [
                    -0.5484471237767944,
                    -0.8361852381027554
                ],
                [
                    0.9988862115002509,
                    -0.04718407013681671
                ],
                [
                    0.5477873242502425,
                    0.8366176231653022
                ],
                [
                    -0.9989529697479356,
                    0.04574892601777868
                ]
            ]
        },
        {
            "Type": "R",
            "Centroid": {
                "x": 94527.4895,
                "y": 433182.4625
            },
            "Distances": [
                2.239426544889502,
                2.239426544889502
            ],
            "UnitPairs": [
                [
                    0.4489988753120344,
                    -0.8935323217257047
                ],
                [
                    -0.4489988753120344,
                    0.8935323217257047
                ]
            ]
        }
    ]
}