{
    "Pand ID": "0599100000758659",
    "Archetype ID": "TI.1946",
    "Construction Year": 1890,
    "Number of Floors": 3,
    "Wall Area": 92.9,
    "Roof Area (Flat)": 0.0,
    "Roof Area (Sloped)": 61.2,
    "Floor Area": 44.97,
    "Shared Wall Area": 149.1,
    "Absolute Height (70%)": 7.796055316925049,
    "Surfaces": [
        {
            "Type": "G",
            "Centroid": {
                "x": 94567.82528409091,
                "y": 437599.4725
            },
            "Distances": [
                4.103743845993246,
                3.7695919852468207,
                3.923194246900074,
                3.5178942059918015,
                3.238409669875233,
                3.5831528535395023,
                4.343590419863748,
                6.608965020701501,
                6.676907239255407,
                6.2491501974516135,
                6.379754263523269
            ],
            "UnitPairs": [
                [
                    0.5904586153567216,
                    -0.8070679175577623
                ],
                [
                    0.6401464451678786,
                    -0.7682529067559252
                ],
                [
                    0.6548467262632178,
                    -0.7557617118525827
                ],
                [
                    0.9375185028209247,
                    -0.3479354205429678
                ],
                [
                    0.9378340663126316,
                    -0.34708394382845553
                ],
                [
                    0.9798886769842646,
                    -0.19954493408259544
                ],
                [
                    0.9734092076812425,
                    0.22907316386118998
                ],
                [
                    -0.6710444187580706,
                    0.7414171484755684
                ],
                [
                    -0.6744004266599735,
                    0.7383658067115823
                ],
                [
                    -0.98907993817197,
                    0.1473800390342323
                ],
                [
                    -0.997046097415506,
                    0.07680546613691797
                ]
            ]
        },
        {
            "Type": "F",
            "Centroid": {
                "x": 94566.73712499999,
                "y": 437599.78691666666
            },
            "Distances": [
                5.047749439388494,
                4.750318593110019,
                4.912234851478206,
                4.648216314125469,
                4.368836237428946,
                5.3596369033979485,
                5.676998332686756,
                5.741439459724221,
                2.9817293756332974,
                5.128747010990934,
                5.065019733696117,
                5.275672665105306
            ],
            "UnitPairs": [
                [
                    0.6956070308505339,
                    -0.7184224792079548
                ],
                [
                    0.7370558271805215,
                    -0.67583186342406
                ],
                [
                    0.744518556335573,
                    -0.6676017669778849
                ],
                [
                    0.9436415398055159,
                    -0.3309692498608823
                ],
                [
                    0.9442445941712795,
                    -0.3292448122268834
                ],
                [
                    0.9919048800950682,
                    0.12698310455957695
                ],
                [
                    -0.5895280928149407,
                    0.8077478738950532
                ],
                [
                    -0.5947550303282821,
                    0.8039069933140301
                ],
                [
                    -0.7843602505001347,
                    0.620305567793298
                ],
                [
                    -0.9929813244994081,
                    0.1182712526161835
                ],
                [
                    -0.9934314700730309,
                    0.1144286426928885
                ],
                [
                    -0.9994460109067297,
                    0.03328169590969025
                ]
            ]
        },
        {
            "Type": "R",
            "Centroid": {
                "x": 94571.336375,
                "y": 437598.7575
            },
            "Distances": [
                0.0
            ],
            "UnitPairs": [
                [
                    0.0,
                    0.0
                ]
            ]
        }
    ]
}