{
    "Pand ID": "0599100000310585",
    "Archetype ID": "TI.1946",
    "Construction Year": 1919,
    "Number of Floors": 2,
    "Wall Area": 38.94,
    "Roof Area (Flat)": 0.0,
    "Roof Area (Sloped)": 51.64,
    "Floor Area": 33.92,
    "Shared Wall Area": 100.37,
    "Absolute Height (70%)": 6.171345233917236,
    "Surfaces": [
        {
            "Type": "G",
            "Centroid": {
                "x": 94278.90966666666,
                "y": 433939.142
            },
            "Distances": [
                4.313099777928424,
                4.2942318708963185,
                2.21358126749643,
                4.585899842033535,
                4.55858721107902,
                2.2149548590703523
            ],
            "UnitPairs": [
                [
                    -0.9829744000722445,
                    -0.18374256121707674
                ],
                [
                    -0.3233795259350916,
                    -0.9462693497128583
                ],
                [
                    0.5562629894933678,
                    -0.831006309554808
                ],
                [
                    0.9793788543247475,
                    0.20203232340777796
                ],
                [
                    0.34031011396825156,
                    0.9403132596804724
                ],
                [
                    -0.7429797767320235,
                    0.6693138661100877
                ]
            ]
        },
        {
            "Type": "F",
            "Centroid": {
                "x": 94278.66339999999,
                "y": 433939.50989999995
            },
            "Distances": [
                4.158578088696487,
                4.5762849255142335,
                4.7704179816999,
                4.311240160357882,
                1.7890370370822528
            ],
            "UnitPairs": [
                [
                    -0.9602801522103543,
                    -0.27903768432034165
                ],
                [
                    -0.24963480609079994,
                    -0.9683400557593436
                ],
                [
                    0.9931205228099225,
                    0.11709665739783623
                ],
                [
                    0.41695659094438164,
                    0.9089264003581586
                ],
                [
                    -0.7822085127298825,
                    0.6230167273941409
                ]
            ]
        },
        {
            "Type": "R",
            "Centroid": {
                "x": 94280.141,
                "y": 433937.3025
            },
            "Distances": [
                0.0
            ],
            "UnitPairs": [
                [
                    0.0,
                    0.0
                ]
            ]
        }
    ]
}