{
    "Pand ID": "0599100000046908",
    "Archetype ID": "TI.1946",
    "Construction Year": 1931,
    "Number of Floors": 4,
    "Wall Area": 76.56,
    "Roof Area (Flat)": 0.0,
    "Roof Area (Sloped)": 70.03,
    "Floor Area": 57.95,
    "Shared Wall Area": 162.2,
    "Absolute Height (70%)": 3.905109167098999,
    "Surfaces": [
        {
            "Type": "G",
            "Centroid": {
                "x": 92275.52756249999,
                "y": 441136.983
            },
            "Distances": [
                7.1379766259387845,
                7.069747188727491,
                2.941664972843299,
                4.385153909788116,
                3.533738786676428,
                4.263657855921995,
                5.1272486103721535,
                3.087780402232266
            ],
            "UnitPairs": [
                [
                    -0.8893626769421565,
                    -0.45720239376263255
                ],
                [
                    -0.29113488008223026,
                    -0.9566820169729885
                ],
                [
                    0.4489804284960318,
                    -0.893541590989205
                ],
                [
                    0.9743671688390473,
                    0.2249635976965595
                ],
                [
                    0.7648414790028376,
                    0.6442185281383576
                ],
                [
                    0.6078700701574975,
                    0.7940365091144859
                ],
                [
                    0.09200841150109237,
                    0.9957582297993051
                ],
                [
                    -0.9564313569243382,
                    0.29195729052700364
                ]
            ]
        },
        {
            "Type": "F",
            "Centroid": {
                "x": 92275.52756249999,
                "y": 441136.983
            },
            "Distances": [
                7.1379766259387845,
                7.069747188727491,
                2.941664972843299,
                4.385153909788116,
                3.533738786676428,
                4.263657855921995,
                5.1272486103721535,
                3.087780402232266
            ],
            "UnitPairs": [
                [
                    -0.8893626769421565,
                    -0.45720239376263255
                ],
                [
                    -0.29113488008223026,
                    -0.9566820169729885
                ],
                [
                    0.4489804284960318,
                    -0.893541590989205
                ],
                [
                    0.9743671688390473,
                    0.2249635976965595
                ],
                [
                    0.7648414790028376,
                    0.6442185281383576
                ],
                [
                    0.6078700701574975,
                    0.7940365091144859
                ],
                [
                    0.09200841150109237,
                    0.9957582297993051
                ],
                [
                    -0.9564313569243382,
                    0.29195729052700364
                ]
            ]
        },
        {
            "Type": "R",
            "Centroid": {
                "x": 92276.84831249999,
                "y": 441134.3545
            },
            "Distances": [
                0.0
            ],
            "UnitPairs": [
                [
                    0.0,
                    0.0
                ]
            ]
        }
    ]
}