{
    "Pand ID": "0599100000618771",
    "Archetype ID": "TI.1946",
    "Construction Year": 1915,
    "Number of Floors": 3,
    "Wall Area": 157.93,
    "Roof Area (Flat)": 5.03,
    "Roof Area (Sloped)": 70.38,
    "Floor Area": 46.53,
    "Shared Wall Area": 113.92,
    "Absolute Height (70%)": 9.140918731689453,
    "Surfaces": [
        {
            "Type": "G",
            "Centroid": {
                "x": 94231.87617647059,
                "y": 434476.7829852941
            },
            "Distances": [
                4.341716070805436,
                3.8093677912419985,
                4.0936779197051285,
                5.32012116999888,
                5.693236578061791,
                4.305000624935372,
                5.01668098313926,
                4.220311373164115,
                3.1340294160331146,
                2.6350411814011285,
                3.3543404845537728,
                3.438455762073063,
                5.106197160232358,
                2.2548457684181513,
                2.476799600857794,
                4.386668530013966,
                2.265757754957422
            ],
            "UnitPairs": [
                [
                    -0.9872079151858059,
                    -0.15943817671591254
                ],
                [
                    -0.8899577715728658,
                    -0.4560429418564207
                ],
                [
                    -0.4092106177969136,
                    -0.9124399543434452
                ],
                [
                    -0.0609340389495447,
                    -0.9981417949857101
                ],
                [
                    0.0006715915196265021,
                    -0.99999977448239
                ],
                [
                    0.6180773851691411,
                    -0.7861172596645344
                ],
                [
                    0.950992009547066,
                    -0.3092154552696766
                ],
                [
                    0.9811654077796108,
                    -0.19316946595326612
                ],
                [
                    0.992276432855269,
                    0.1240462849102006
                ],
                [
                    0.6739262907733967,
                    0.7387985886589195
                ],
                [
                    0.1844844112456325,
                    0.9828354399426957
                ],
                [
                    0.1552509516936744,
                    0.9878750639621432
                ],
                [
                    -0.16551974866241037,
                    0.9862064757456891
                ],
                [
                    -0.574396922722845,
                    0.8185769207389896
                ],
                [
                    -0.58106294513929,
                    0.813858620268935
                ],
                [
                    -0.6100703648514425,
                    0.7923472407537164
                ],
                [
                    -0.7428757407551627,
                    0.6694293344315502
                ]
            ]
        },
        {
            "Type": "F",
            "Centroid": {
                "x": 94232.18504347827,
                "y": 434476.28479347826
            },
            "Distances": [
                4.599138771408555,
                3.901044910692725,
                2.1467330901765127,
                3.796693166956786,
                1.90571243198288,
                4.853504556759009,
                1.9672149932997693,
                5.20399157040379,
                2.3941053524494778,
                3.723029201948415,
                4.584534498611447,
                2.2223984701868402,
                3.8450497202880944,
                1.9522866869660922,
                2.938034939886206,
                2.0048168200625787,
                2.8512758249314585,
                3.8075934718736124,
                3.901447390774262,
                5.653007264629546,
                2.8402618991707187,
                3.061965609690238,
                4.970192652570438
            ],
            "UnitPairs": [
                [
                    -0.9991095521704362,
                    -0.04219126404589731
                ],
                [
                    -0.9482186344841316,
                    -0.3176183578086267
                ],
                [
                    -0.7667667144139932,
                    -0.6419258568298754
                ],
                [
                    -0.5225714565334665,
                    -0.8525954919048607
                ],
                [
                    -0.19522540338703948,
                    -0.9807584013774073
                ],
                [
                    -0.13043018109266594,
                    -0.9914574967491719
                ],
                [
                    -0.06508870596432496,
                    -0.9978794818793949
                ],
                [
                    -0.058617212220892376,
                    -0.9982805329322268
                ],
                [
                    -0.05055896063465587,
                    -0.9987210779289397
                ],
                [
                    0.6317319564664036,
                    -0.7751869033846805
                ],
                [
                    0.9732627212382051,
                    -0.22969474405829116
                ],
                [
                    0.9818025664617791,
                    -0.18990450360395283
                ],
                [
                    0.9965947908307509,
                    -0.08245497491972094
                ],
                [
                    0.9977820034006428,
                    0.06656631047158637
                ],
                [
                    0.9533435030660862,
                    0.3018876697741787
                ],
                [
                    0.6963012818693649,
                    0.7177496254733117
                ],
                [
                    0.5144912705065733,
                    0.8574956166491651
                ],
                [
                    0.08140483589352926,
                    0.9966811188605649
                ],
                [
                    0.057659760392322,
                    0.9983362920536847
                ],
                [
                    -0.20414682384830582,
                    0.9789402812800425
                ],
                [
                    -0.5647519613404316,
                    0.8252606995138783
                ],
                [
                    -0.5708893244082631,
                    0.8210270271292395
                ],
                [
                    -0.600589089182958,
                    0.7995578440328036
                ]
            ]
        },
        {
            "Type": "R",
            "Centroid": {
                "x": 94230.193,
                "y": 434478.29975
            },
            "Distances": [
                0.0
            ],
            "UnitPairs": [
                [
                    0.0,
                    0.0
                ]
            ]
        }
    ]
}