{
    "Pand ID": "0599100000221166",
    "Archetype ID": "TI.1946",
    "Construction Year": 1933,
    "Number of Floors": 4,
    "Wall Area": 109.18,
    "Roof Area (Flat)": 7.39,
    "Roof Area (Sloped)": 91.06,
    "Floor Area": 62.19,
    "Shared Wall Area": 233.36,
    "Absolute Height (70%)": 7.858390808105469,
    "Surfaces": [
        {
            "Type": "G",
            "Centroid": {
                "x": 93153.792025,
                "y": 441569.98155
            },
            "Distances": [
                5.1189509325687705,
                4.383068040770047,
                5.588466985699621,
                6.328655880217771,
                3.108990004810797,
                5.270026513203771,
                6.356505223004805,
                6.147537234500347,
                5.061695274284892,
                2.735350407143577
            ],
            "UnitPairs": [
                [
                    -0.9575985518457123,
                    -0.28810590674783965
                ],
                [
                    -0.7740924777876718,
                    -0.6330725359961075
                ],
                [
                    -0.7500983741547371,
                    -0.6613262652355645
                ],
                [
                    -0.1976565045840426,
                    -0.9802713431472014
                ],
                [
                    0.7645891419141259,
                    -0.6445179935944542
                ],
                [
                    0.9742076225105235,
                    0.2256535136938786
                ],
                [
                    0.940312292731547,
                    0.34031278573973883
                ],
                [
                    0.25133641994582967,
                    0.9678997902721198
                ],
                [
                    0.14364752530592145,
                    0.9896289145298275
                ],
                [
                    -0.7395396197552386,
                    0.6731130297448393
                ]
            ]
        },
        {
            "Type": "F",
            "Centroid": {
                "x": 93153.52790277779,
                "y": 441570.20419444446
            },
            "Distances": [
                4.938653698947382,
                4.332888595415802,
                5.548120865310082,
                6.501762728707396,
                5.484070823967566,
                6.535947574099858,
                6.006511274524227,
                4.8881116578922414,
                2.3901927449359888
            ],
            "UnitPairs": [
                [
                    -0.9390773397960831,
                    -0.34370590609052926
                ],
                [
                    -0.7220997514421142,
                    -0.6917889482835331
                ],
                [
                    -0.7079474065415243,
                    -0.7062651552859801
                ],
                [
                    -0.15177080723457165,
                    -0.9884157131851792
                ],
                [
                    0.984345825480374,
                    0.17624782511952072
                ],
                [
                    0.9549070202079725,
                    0.2969050062857325
                ],
                [
                    0.30121016002951406,
                    0.9535577798408413
                ],
                [
                    0.20278223813050894,
                    0.9792238579093043
                ],
                [
                    -0.7358309414615348,
                    0.6771652867563659
                ]
            ]
        },
        {
            "Type": "R",
            "Centroid": {
                "x": 93156.169125,
                "y": 441567.97775
            },
            "Distances": [
                0.0
            ],
            "UnitPairs": [
                [
                    0.0,
                    0.0
                ]
            ]
        }
    ]
}