{
    "Pand ID": "0599100000244525",
    "Archetype ID": "TI.1946",
    "Construction Year": 1921,
    "Number of Floors": 2,
    "Wall Area": 100.21,
    "Roof Area (Flat)": 0.0,
    "Roof Area (Sloped)": 98.22,
    "Floor Area": 69.69,
    "Shared Wall Area": 149.55,
    "Absolute Height (70%)": 6.266287803649902,
    "Surfaces": [
        {
            "Type": "G",
            "Centroid": {
                "x": 92531.30695,
                "y": 440026.71319999994
            },
            "Distances": [
                3.801120772856188,
                4.271021789884282,
                6.012891977210932,
                6.585153812134242,
                5.749509016394329,
                3.8005967597237404,
                7.157033877968946,
                6.541173452086134,
                6.675748761801915,
                3.2125266582693053
            ],
            "UnitPairs": [
                [
                    -0.7590392866776242,
                    -0.6510448227886644
                ],
                [
                    -0.7008159047763267,
                    -0.7133421812934789
                ],
                [
                    -0.5589988998203252,
                    -0.8291683966479101
                ],
                [
                    0.36427395144137736,
                    -0.9312918384165539
                ],
                [
                    0.4506123901393865,
                    -0.8927197062084321
                ],
                [
                    0.9803197328071673,
                    0.19741636575746263
                ],
                [
                    0.6473072614994242,
                    0.7622291710569178
                ],
                [
                    -0.13272847851485578,
                    0.9911524357994241
                ],
                [
                    -0.1883234442833335,
                    0.9821070615433238
                ],
                [
                    -0.6173333985875198,
                    0.7867016429297593
                ]
            ]
        },
        {
            "Type": "F",
            "Centroid": {
                "x": 92531.0790576923,
                "y": 440027.47596153844
            },
            "Distances": [
                4.1883697764906564,
                4.707326613483471,
                6.546940289463866,
                7.378814424257261,
                6.534637945358729,
                3.953711946244178,
                6.756200627801731,
                5.491979221479309,
                5.7562621752818615,
                5.884263949802693,
                1.0866280943313709,
                1.7981860946015131,
                2.4889156427738826
            ],
            "UnitPairs": [
                [
                    -0.6344491613954816,
                    -0.7729645927237353
                ],
                [
                    -0.5874475937957531,
                    -0.8092622100058668
                ],
                [
                    -0.4785911515561381,
                    -0.8780378748392177
                ],
                [
                    0.35597755366443873,
                    -0.934494505755428
                ],
                [
                    0.4313463624565429,
                    -0.9021864084519944
                ],
                [
                    0.9999950328833516,
                    -0.003151857963912501
                ],
                [
                    0.7194416766874183,
                    0.6945528589280994
                ],
                [
                    -0.06451366220088468,
                    0.9979168238833487
                ],
                [
                    -0.11123671452129831,
                    0.9937939390751521
                ],
                [
                    -0.17492547939350447,
                    0.9845816759715532
                ],
                [
                    -0.6371155834357586,
                    0.770768274738467
                ],
                [
                    -0.6853059847395008,
                    0.7282552487145034
                ],
                [
                    -0.7052499739808514,
                    0.7089587253148157
                ]
            ]
        },
        {
            "Type": "R",
            "Centroid": {
                "x": 92529.84675,
                "y": 440028.7855
            },
            "Distances": [
                0.0
            ],
            "UnitPairs": [
                [
                    0.0,
                    0.0
                ]
            ]
        }
    ]
}