{
    "Pand ID": "0599100000305362",
    "Archetype ID": "TI.1946",
    "Construction Year": 1941,
    "Number of Floors": 2,
    "Wall Area": 37.63,
    "Roof Area (Flat)": 0.0,
    "Roof Area (Sloped)": 52.7,
    "Floor Area": 49.6,
    "Shared Wall Area": 49.43,
    "Absolute Height (70%)": -1.0609294176101685,
    "Surfaces": [
        {
            "Type": "G",
            "Centroid": {
                "x": 89229.75222916667,
                "y": 440097.7365833333
            },
            "Distances": [
                4.9679724457700765,
                3.3946952080348365,
                4.99998712219038,
                4.978581346387106,
                3.393665013295592,
                5.000772662532799
            ],
            "UnitPairs": [
                [
                    -0.26865420072900653,
                    -0.9632366897241086
                ],
                [
                    0.5435932300971364,
                    -0.8393487953125099
                ],
                [
                    0.9802691914095614,
                    -0.19766717576078405
                ],
                [
                    0.2567665855782668,
                    0.9664734453312612
                ],
                [
                    -0.522935133465349,
                    0.8523724808952818
                ],
                [
                    -0.9829814307491398,
                    0.18370494495895937
                ]
            ]
        },
        {
            "Type": "F",
            "Centroid": {
                "x": 89229.75222916667,
                "y": 440097.7365833333
            },
            "Distances": [
                4.9679724457700765,
                3.3946952080348365,
                4.99998712219038,
                4.978581346387106,
                3.393665013295592,
                5.000772662532799
            ],
            "UnitPairs": [
                [
                    -0.26865420072900653,
                    -0.9632366897241086
                ],
                [
                    0.5435932300971364,
                    -0.8393487953125099
                ],
                [
                    0.9802691914095614,
                    -0.19766717576078405
                ],
                [
                    0.2567665855782668,
                    0.9664734453312612
                ],
                [
                    -0.522935133465349,
                    0.8523724808952818
                ],
                [
                    -0.9829814307491398,
                    0.18370494495895937
                ]
            ]
        },
        {
            "Type": "R",
            "Centroid": {
                "x": 89229.7345625,
                "y": 440097.72575
            },
            "Distances": [
                4.952811247158889,
                5.015183670605102,
                4.99360813942136,
                4.985416156156007
            ],
            "UnitPairs": [
                [
                    -0.2659095883678059,
                    -0.9639979724118013
                ],
                [
                    0.9808215058653904,
                    -0.1949081158698832
                ],
                [
                    0.25953177818880097,
                    0.9657345681449738
                ],
                [
                    -0.9824656250517787,
                    0.186443813497841
                ]
            ]
        }
    ]
}