{
    "Pand ID": "0599100000223731",
    "Archetype ID": "TI.1946",
    "Construction Year": 1926,
    "Number of Floors": 4,
    "Wall Area": 78.48,
    "Roof Area (Flat)": 0.0,
    "Roof Area (Sloped)": 116.5,
    "Floor Area": 69.88,
    "Shared Wall Area": 202.39,
    "Absolute Height (70%)": 8.813858985900879,
    "Surfaces": [
        {
            "Type": "G",
            "Centroid": {
                "x": 93183.75375,
                "y": 441312.68425000005
            },
            "Distances": [
                5.8854427310813,
                4.869837049705518,
                3.4945356473785916,
                4.336502466380002,
                3.0157112163939983,
                7.439385350316724,
                7.719200923016748,
                3.6370348349326767
            ],
            "UnitPairs": [
                [
                    -0.967578015827109,
                    -0.25257233278424407
                ],
                [
                    -0.4668790714751158,
                    -0.8843211705135945
                ],
                [
                    -0.39021636566250334,
                    -0.9207231874831585
                ],
                [
                    -0.001066527699973341,
                    -0.9999994312591709
                ],
                [
                    0.960760096739292,
                    -0.2773806707640357
                ],
                [
                    0.8786176131765728,
                    0.47752600957005714
                ],
                [
                    0.22986511397868264,
                    0.9732224973640752
                ],
                [
                    -0.5146018899855854,
                    0.8574292360441551
                ]
            ]
        },
        {
            "Type": "F",
            "Centroid": {
                "x": 93183.33983928572,
                "y": 441312.80375
            },
            "Distances": [
                5.5195270963643495,
                4.800834638300458,
                3.469513831142192,
                4.4747570655808095,
                7.751900445068434,
                7.710061177905243,
                3.3345062511329826
            ],
            "UnitPairs": [
                [
                    -0.9567331029497745,
                    -0.2909669564058713
                ],
                [
                    -0.3873731185992869,
                    -0.9219230266061601
                ],
                [
                    -0.2737312291969684,
                    -0.9618062248510959
                ],
                [
                    0.09146546019905127,
                    -0.9958082494087783
                ],
                [
                    0.896591198962229,
                    0.44285914458603265
                ],
                [
                    0.28382209476473147,
                    0.9588769569258403
                ],
                [
                    -0.4371604597294637,
                    0.8993835291182088
                ]
            ]
        },
        {
            "Type": "R",
            "Centroid": {
                "x": 93186.651125,
                "y": 441311.84775
            },
            "Distances": [
                0.0
            ],
            "UnitPairs": [
                [
                    0.0,
                    0.0
                ]
            ]
        }
    ]
}