{
    "Pand ID": "0599100000220882",
    "Archetype ID": "TI.1946",
    "Construction Year": 1913,
    "Number of Floors": 4,
    "Wall Area": 272.62,
    "Roof Area (Flat)": 91.72,
    "Roof Area (Sloped)": 11.71,
    "Floor Area": 93.31,
    "Shared Wall Area": 323.92,
    "Absolute Height (70%)": 13.156949043273926,
    "Surfaces": [
        {
            "Type": "G",
            "Centroid": {
                "x": 95002.05692500001,
                "y": 437976.9791
            },
            "Distances": [
                8.025288085174516,
                7.077035767171188,
                7.245490449216726,
                7.990068400820587,
                7.492035187446225,
                7.714310665896941,
                6.37681086830806,
                7.080532243416778,
                7.683236586890516,
                7.177554949281797
            ],
            "UnitPairs": [
                [
                    -0.9968240286331217,
                    -0.07963577047805435
                ],
                [
                    0.6025404053729966,
                    -0.7980883784976104
                ],
                [
                    0.6137886774077286,
                    -0.7894703664394701
                ],
                [
                    0.6562146576190359,
                    -0.7545742661434536
                ],
                [
                    0.9981533472411254,
                    -0.06074450914558078
                ],
                [
                    0.9998560252566017,
                    0.016968463633163382
                ],
                [
                    -0.6617414389656884,
                    0.7497321308011415
                ],
                [
                    -0.6987892759911227,
                    0.7153275807347306
                ],
                [
                    -0.7236273329769781,
                    0.6901909032786694
                ],
                [
                    -0.8942878243853424,
                    0.44749222021855434
                ]
            ]
        },
        {
            "Type": "F",
            "Centroid": {
                "x": 95001.71035576923,
                "y": 437977.2574615385
            },
            "Distances": [
                7.708026782617996,
                7.50880411693089,
                7.6786564102264,
                8.427905499743243,
                7.859069877746727,
                7.104397530150326,
                8.061118096066831,
                5.939256619243713,
                6.6394483984179935,
                7.240425526481747,
                6.743710730734433,
                5.899925869555417,
                5.147849815960496
            ],
            "UnitPairs": [
                [
                    -0.9928910452780838,
                    -0.11902677096600671
                ],
                [
                    0.6140484102354119,
                    -0.7892683636681272
                ],
                [
                    0.6242979207131536,
                    -0.7811863453704455
                ],
                [
                    0.6632453616082261,
                    -0.7484020245196917
                ],
                [
                    0.9956355335297242,
                    -0.0933267612905392
                ],
                [
                    0.9985039830151339,
                    -0.05467902617012703
                ],
                [
                    0.9998326701987953,
                    -0.01829293861431557
                ],
                [
                    -0.6521406663380402,
                    0.7580979826567124
                ],
                [
                    -0.693014011574419,
                    0.7209241151199834
                ],
                [
                    -0.7200171799510133,
                    0.6939562382278799
                ],
                [
                    -0.9004287122733917,
                    0.4350036024146024
                ],
                [
                    -0.9390339627512931,
                    0.3438243982029245
                ],
                [
                    -0.9750149962918211,
                    0.22213904880965918
                ]
            ]
        },
        {
            "Type": "R",
            "Centroid": {
                "x": 94995.63812500001,
                "y": 437980.191
            },
            "Distances": [
                0.0
            ],
            "UnitPairs": [
                [
                    0.0,
                    0.0
                ]
            ]
        }
    ]
}