{
    "Pand ID": "0599100000062736",
    "Archetype ID": "TI.1946",
    "Construction Year": 1931,
    "Number of Floors": 3,
    "Wall Area": 48.79,
    "Roof Area (Flat)": 19.49,
    "Roof Area (Sloped)": 46.42,
    "Floor Area": 50.01,
    "Shared Wall Area": 118.12,
    "Absolute Height (70%)": 5.365477561950684,
    "Surfaces": [
        {
            "Type": "G",
            "Centroid": {
                "x": 95117.8156875,
                "y": 433421.0965
            },
            "Distances": [
                2.761928552312047,
                5.508232368719413,
                5.513737963304812,
                2.77542426092879,
                2.7790308703374134,
                5.477687361328501,
                5.4848924400032795,
                2.7885932973701992
            ],
            "UnitPairs": [
                [
                    -0.8562404693704453,
                    -0.5165774468676303
                ],
                [
                    -0.30951399394070384,
                    -0.9508948877530439
                ],
                [
                    0.6103164536303417,
                    -0.7921577030036904
                ],
                [
                    0.9775532476974788,
                    -0.21068850921707055
                ],
                [
                    0.8492618866518625,
                    0.5279718248926916
                ],
                [
                    0.3131111520001894,
                    0.9497164874282822
                ],
                [
                    -0.6132982618695525,
                    0.7898514050046286
                ],
                [
                    -0.9753573612043831,
                    0.2206309541846351
                ]
            ]
        },
        {
            "Type": "F",
            "Centroid": {
                "x": 95117.4280982143,
                "y": 433421.18003571435
            },
            "Distances": [
                2.4880960059712103,
                5.4819087284164105,
                5.822096617276946,
                3.076458844237243,
                5.533772971995082,
                5.187470456239301,
                2.3921280765610935
            ],
            "UnitPairs": [
                [
                    -0.7946983193376974,
                    -0.6070045973811392
                ],
                [
                    -0.24029690743742055,
                    -0.9706994366311396
                ],
                [
                    0.6445640689950456,
                    -0.7645502998237266
                ],
                [
                    0.8931418961955634,
                    0.44977500292945755
                ],
                [
                    0.37997841551268047,
                    0.9249953533637196
                ],
                [
                    -0.5737450920250636,
                    0.8190339244360706
                ],
                [
                    -0.9749836294906757,
                    0.22227667944521018
                ]
            ]
        },
        {
            "Type": "R",
            "Centroid": {
                "x": 95120.52881250001,
                "y": 433420.51175
            },
            "Distances": [
                0.0
            ],
            "UnitPairs": [
                [
                    0.0,
                    0.0
                ]
            ]
        }
    ]
}