{
    "Pand ID": "0599100000100292",
    "Archetype ID": "TI.1946",
    "Construction Year": 1878,
    "Number of Floors": 5,
    "Wall Area": 157.68,
    "Roof Area (Flat)": 0.0,
    "Roof Area (Sloped)": 107.86,
    "Floor Area": 78.42,
    "Shared Wall Area": 244.38,
    "Absolute Height (70%)": 10.268392562866211,
    "Surfaces": [
        {
            "Type": "G",
            "Centroid": {
                "x": 92730.48525,
                "y": 438299.953125
            },
            "Distances": [
                5.9427296613788085,
                5.587454145494392,
                4.842509249141997,
                5.380933778444865,
                4.929488165935886,
                8.42727892492418,
                7.780465559888767,
                8.410800590813496
            ],
            "UnitPairs": [
                [
                    -0.8674044241826624,
                    -0.49760382324530417
                ],
                [
                    -0.8178590608533339,
                    -0.5754185924873323
                ],
                [
                    -0.2591115340109371,
                    -0.9658474066551606
                ],
                [
                    0.07159538025450747,
                    -0.9974337579640127
                ],
                [
                    0.1292730560554622,
                    -0.991609034336659
                ],
                [
                    0.7352610558157532,
                    0.6777840214999936
                ],
                [
                    0.4394659900069807,
                    0.8982592296365144
                ],
                [
                    0.04057283207622282,
                    0.9991765836414075
                ]
            ]
        },
        {
            "Type": "F",
            "Centroid": {
                "x": 92730.01227777777,
                "y": 438298.66277777776
            },
            "Distances": [
                4.969626879451524,
                4.526406704455938,
                0.3242108176833426,
                3.475836620108253,
                1.7994991244092273,
                4.166132790955215,
                3.765182375510985,
                9.670038319442039,
                9.728355581580185
            ],
            "UnitPairs": [
                [
                    -0.942078327275289,
                    -0.33539294160461053
                ],
                [
                    -0.9050838877860015,
                    -0.4252330608856473
                ],
                [
                    -0.5637621196167699,
                    -0.8259372085608001
                ],
                [
                    -0.22491787250848355,
                    -0.9743777248204402
                ],
                [
                    0.16183515638983123,
                    -0.9868178059582625
                ],
                [
                    0.20599972811255912,
                    -0.9785520487013206
                ],
                [
                    0.29486545710142475,
                    -0.9555387811116658
                ],
                [
                    0.6896789859467608,
                    0.724115250732539
                ],
                [
                    0.08369577112958741,
                    0.9964913536478998
                ]
            ]
        },
        {
            "Type": "R",
            "Centroid": {
                "x": 92733.90449999999,
                "y": 438306.94200000004
            },
            "Distances": [
                0.0
            ],
            "UnitPairs": [
                [
                    0.0,
                    0.0
                ]
            ]
        }
    ]
}