{
    "Pand ID": "0599100015004367",
    "Archetype ID": "TI.1946",
    "Construction Year": 1936,
    "Number of Floors": 2,
    "Wall Area": 64.47,
    "Roof Area (Flat)": 0.0,
    "Roof Area (Sloped)": 56.15,
    "Floor Area": 49.13,
    "Shared Wall Area": 101.97,
    "Absolute Height (70%)": 8.72429084777832,
    "Surfaces": [
        {
            "Type": "G",
            "Centroid": {
                "x": 75649.64503571427,
                "y": 436659.32249999995
            },
            "Distances": [
                6.652018260541198,
                7.025873891421255,
                3.407557536906229,
                1.4834995581154649,
                4.248272969683543,
                4.812071659211424,
                2.6251629220926875
            ],
            "UnitPairs": [
                [
                    -0.8079180639293027,
                    -0.5892948345070803
                ],
                [
                    -0.1302735757033492,
                    -0.9914780862295766
                ],
                [
                    0.9868400604522024,
                    -0.1616993972984853
                ],
                [
                    0.718378566338992,
                    0.6956523811680189
                ],
                [
                    0.6206555709898748,
                    0.784083326056123
                ],
                [
                    0.10592408464054091,
                    0.9943742194430946
                ],
                [
                    -0.4896022656174841,
                    0.8719458822095708
                ]
            ]
        },
        {
            "Type": "F",
            "Centroid": {
                "x": 75648.84268333334,
                "y": 436657.8256333333
            },
            "Distances": [
                3.190177710141754,
                5.174374315373833,
                2.968765774204092,
                4.60305324995186,
                4.866304753618801,
                5.470299201618231,
                3.8322271708331184,
                3.615914465524717,
                4.2711174285892435,
                3.1440164899590335,
                3.689025990093754,
                5.927518543988195,
                6.417426879661238,
                4.501973858505942,
                3.81654438235511
            ],
            "UnitPairs": [
                [
                    -0.995534926863212,
                    -0.09439390549955642
                ],
                [
                    -0.8835722069344873,
                    -0.4682949445946642
                ],
                [
                    -0.6638898058144278,
                    -0.7478304124169339
                ],
                [
                    -0.6443404349865464,
                    -0.7647387814419694
                ],
                [
                    -0.25130635980588306,
                    -0.9679075955488292
                ],
                [
                    -0.02064481834997532,
                    -0.9997868730260948
                ],
                [
                    0.06081754975980778,
                    -0.9981488995341393
                ],
                [
                    0.3537325561348743,
                    -0.9353466088730359
                ],
                [
                    0.975170253754755,
                    0.22145648825872533
                ],
                [
                    0.5941656707680578,
                    0.8043426854772435
                ],
                [
                    0.5898756670487921,
                    0.8074940850704373
                ],
                [
                    0.5801865723636727,
                    0.814483604039328
                ],
                [
                    0.20445369947631536,
                    0.978876235675608
                ],
                [
                    0.006900676822925722,
                    0.9999761900462357
                ],
                [
                    -0.1265368052748174,
                    0.9919619130343881
                ]
            ]
        },
        {
            "Type": "R",
            "Centroid": {
                "x": 75650.12174999999,
                "y": 436654.4435
            },
            "Distances": [
                0.0
            ],
            "UnitPairs": [
                [
                    0.0,
                    0.0
                ]
            ]
        }
    ]
}