{
    "Pand ID": "0599100000092786",
    "Archetype ID": "TI.1946",
    "Construction Year": 1916,
    "Number of Floors": 2,
    "Wall Area": 78.38,
    "Roof Area (Flat)": 16.75,
    "Roof Area (Sloped)": 51.54,
    "Floor Area": 63.24,
    "Shared Wall Area": 110.22,
    "Absolute Height (70%)": 4.690753936767578,
    "Surfaces": [
        {
            "Type": "G",
            "Centroid": {
                "x": 86079.92425,
                "y": 433870.2654166667
            },
            "Distances": [
                3.0313661947845603,
                4.190890936321219,
                6.054280290861625,
                6.048243864175548,
                4.174090141211838,
                3.0256895093470524,
                2.849500454505416,
                4.172283568204116,
                6.673797782397591,
                6.6657441575438545,
                4.051350002208255,
                2.8398299257066717
            ],
            "UnitPairs": [
                [
                    -0.8893679703345375,
                    -0.4571920967635214
                ],
                [
                    -0.6215862067464358,
                    -0.7833457650249839
                ],
                [
                    -0.4126006527608852,
                    -0.9109120162459662
                ],
                [
                    0.4945237108759072,
                    -0.8691641383429957
                ],
                [
                    0.6930851759604032,
                    -0.7208556990576802
                ],
                [
                    0.928713931590447,
                    -0.37079702435404516
                ],
                [
                    0.9563079716947241,
                    0.29236118633143277
                ],
                [
                    0.6279534833062833,
                    0.7782508739497215
                ],
                [
                    0.3734005855812893,
                    0.9276702014657743
                ],
                [
                    -0.4569632329129871,
                    0.8894855837874558
                ],
                [
                    -0.7153171161270798,
                    0.6987999881050643
                ],
                [
                    -0.9817489331889097,
                    0.1901815768744116
                ]
            ]
        },
        {
            "Type": "F",
            "Centroid": {
                "x": 86079.66879545453,
                "y": 433870.3674090909
            },
            "Distances": [
                2.858344901926542,
                4.120433641793278,
                6.048030906921677,
                6.265570505587728,
                4.426118095653505,
                3.068811368410841,
                4.261435869451788,
                6.680234620040156,
                6.460815149579102,
                3.7988134554843214,
                2.5701576068280745
            ],
            "UnitPairs": [
                [
                    -0.8538316887122547,
                    -0.5205491786092641
                ],
                [
                    -0.5702180058677258,
                    -0.8214934118933848
                ],
                [
                    -0.3707893509568731,
                    -0.9287169952235076
                ],
                [
                    0.5181418902814299,
                    -0.8552946752643714
                ],
                [
                    0.7113354134293158,
                    -0.7028527083261075
                ],
                [
                    0.9712081283760833,
                    0.23823259931467247
                ],
                [
                    0.6747618956489252,
                    0.7380354897837021
                ],
                [
                    0.4112811453086548,
                    0.9115085405598793
                ],
                [
                    -0.43191847931473754,
                    0.9019126494436391
                ],
                [
                    -0.6956239061235691,
                    0.7184061394708344
                ],
                [
                    -0.9853658187381362,
                    0.17045293562306996
                ]
            ]
        },
        {
            "Type": "R",
            "Centroid": {
                "x": 86082.73425,
                "y": 433869.1435
            },
            "Distances": [
                0.0
            ],
            "UnitPairs": [
                [
                    0.0,
                    0.0
                ]
            ]
        }
    ]
}