{
    "Pand ID": "0599100000116021",
    "Archetype ID": "TI.1946",
    "Construction Year": 1942,
    "Number of Floors": 2,
    "Wall Area": 55.77,
    "Roof Area (Flat)": 0.0,
    "Roof Area (Sloped)": 41.06,
    "Floor Area": 35.61,
    "Shared Wall Area": 99.32,
    "Absolute Height (70%)": 2.442538261413574,
    "Surfaces": [
        {
            "Type": "G",
            "Centroid": {
                "x": 91881.31275,
                "y": 441964.90408333327
            },
            "Distances": [
                4.407711578696034,
                4.40815430318751,
                2.4055017552189852,
                4.419071926836475,
                4.420630878247552,
                2.405337057714311
            ],
            "UnitPairs": [
                [
                    -0.9533291652520807,
                    -0.3019329440120292
                ],
                [
                    -0.1091159625781264,
                    -0.994029027096618
                ],
                [
                    0.7723960275548862,
                    -0.6351412257265555
                ],
                [
                    0.9526887250781314,
                    0.3039476815325367
                ],
                [
                    0.11129633157880016,
                    0.993787264245775
                ],
                [
                    -0.7803480156651161,
                    0.6253454840706182
                ]
            ]
        },
        {
            "Type": "F",
            "Centroid": {
                "x": 91880.94115,
                "y": 441965.20965
            },
            "Distances": [
                4.1653054053686835,
                4.6886764784907635,
                4.6976241143802895,
                4.177831820484046,
                1.9242845735471752
            ],
            "UnitPairs": [
                [
                    -0.9195964346466934,
                    -0.3928643498525793
                ],
                [
                    -0.023332810546538338,
                    -0.9997277529167625
                ],
                [
                    0.9753015329557476,
                    0.22087761275006715
                ],
                [
                    0.20671009200926727,
                    0.9784022372529205
                ],
                [
                    -0.7823167221153456,
                    0.622880844382536
                ]
            ]
        },
        {
            "Type": "R",
            "Centroid": {
                "x": 91883.17075,
                "y": 441963.37625
            },
            "Distances": [
                0.0
            ],
            "UnitPairs": [
                [
                    0.0,
                    0.0
                ]
            ]
        }
    ]
}