{
    "Pand ID": "0599100000201465",
    "Archetype ID": "TI.1946",
    "Construction Year": 1905,
    "Number of Floors": 3,
    "Wall Area": 156.89,
    "Roof Area (Flat)": 0.0,
    "Roof Area (Sloped)": 119.91,
    "Floor Area": 98.61,
    "Shared Wall Area": 271.35,
    "Absolute Height (70%)": 9.894757270812988,
    "Surfaces": [
        {
            "Type": "G",
            "Centroid": {
                "x": 92338.24462499999,
                "y": 438973.50422727276
            },
            "Distances": [
                5.960140669618931,
                8.074898422243901,
                7.4990902528633745,
                7.4632016089862505,
                7.943270781677053,
                8.335349896249685,
                5.720896598620876,
                7.821970187839877,
                7.622488240909811,
                8.098995879488456,
                7.044747732863442
            ],
            "UnitPairs": [
                [
                    -0.9996408357220287,
                    -0.026799245455127678
                ],
                [
                    0.5265700913704017,
                    -0.8501317185437601
                ],
                [
                    0.7487574906651198,
                    -0.6628440391018637
                ],
                [
                    0.8217652853725727,
                    -0.5698261276534573
                ],
                [
                    0.962575771386913,
                    -0.27101270143461836
                ],
                [
                    0.9868811870406038,
                    -0.16144820428028553
                ],
                [
                    -0.37721359979064006,
                    0.9261262873566363
                ],
                [
                    -0.5364377387322984,
                    0.8439398986087685
                ],
                [
                    -0.5932446016417161,
                    0.8050222621909046
                ],
                [
                    -0.9895053805733942,
                    0.14449602699141018
                ],
                [
                    -0.9970548650342272,
                    0.07669156480069343
                ]
            ]
        },
        {
            "Type": "F",
            "Centroid": {
                "x": 92339.26579166666,
                "y": 438972.9142777778
            },
            "Distances": [
                7.057699355197854,
                5.202108383409087,
                6.347796360392767,
                4.632873810501313,
                5.452016046039333,
                6.288623146364646,
                4.411596910358543,
                5.483895013735085,
                6.806665195027971,
                7.244364941842578,
                6.69165612032329,
                8.884396719941645,
                8.716006085184269,
                6.067252624562881,
                5.986427265945696,
                9.20503226316823,
                8.124168201486325,
                6.99241435569155
            ],
            "UnitPairs": [
                [
                    0.45777429311372436,
                    -0.8890684431269789
                ],
                [
                    0.6825758080419614,
                    -0.7308147961528033
                ],
                [
                    0.7236894620621068,
                    -0.6901257584674394
                ],
                [
                    0.8046481483885984,
                    -0.5937519324556343
                ],
                [
                    0.8093947809528784,
                    -0.5872649219613256
                ],
                [
                    0.8128700375826944,
                    -0.5824451064266134
                ],
                [
                    0.8656351454892769,
                    -0.5006753388112485
                ],
                [
                    0.9378066721647033,
                    -0.34715795488993884
                ],
                [
                    0.9732862045534905,
                    -0.2295952177765491
                ],
                [
                    0.9945431229896518,
                    -0.10432629828566864
                ],
                [
                    -0.47509414851924786,
                    0.8799349692123679
                ],
                [
                    -0.5872280168397681,
                    0.8094215565689076
                ],
                [
                    -0.6359755388528752,
                    0.7717092159491132
                ],
                [
                    -0.7075964909206838,
                    0.7066167320667793
                ],
                [
                    -0.8564652068586704,
                    0.5162047553447516
                ],
                [
                    -0.9815464420282879,
                    0.19122390577960985
                ],
                [
                    -0.9902757386523907,
                    0.13911851579305387
                ],
                [
                    -0.9981054199098985,
                    0.06152699201557983
                ]
            ]
        },
        {
            "Type": "R",
            "Centroid": {
                "x": 92343.084625,
                "y": 438970.7055
            },
            "Distances": [
                0.0
            ],
            "UnitPairs": [
                [
                    0.0,
                    0.0
                ]
            ]
        }
    ]
}