{
    "Pand ID": "0599100000305425",
    "Archetype ID": "TI.1946",
    "Construction Year": 1941,
    "Number of Floors": 2,
    "Wall Area": 38.38,
    "Roof Area (Flat)": 0.0,
    "Roof Area (Sloped)": 48.35,
    "Floor Area": 47.21,
    "Shared Wall Area": 51.57,
    "Absolute Height (70%)": -0.8230181932449341,
    "Surfaces": [
        {
            "Type": "G",
            "Centroid": {
                "x": 89108.8232767857,
                "y": 440109.87124999997
            },
            "Distances": [
                5.478162355730467,
                3.556761680660243,
                4.729360264377184,
                3.675966317504011,
                4.289512186244318,
                2.9636874611412134,
                5.095817494638455
            ],
            "UnitPairs": [
                [
                    -0.3073501981801185,
                    -0.9515964773361878
                ],
                [
                    0.4156268670847762,
                    -0.9095352150177
                ],
                [
                    0.9604440051886525,
                    -0.2784731816480353
                ],
                [
                    0.4562842989900214,
                    0.889834051098959
                ],
                [
                    0.26513171309938655,
                    0.9642122041900241
                ],
                [
                    -0.6953210528180315,
                    0.7186992649975539
                ],
                [
                    -0.9989985495083603,
                    0.04474257569912645
                ]
            ]
        },
        {
            "Type": "F",
            "Centroid": {
                "x": 89108.50511805556,
                "y": 440110.1741388889
            },
            "Distances": [
                4.773143081518694,
                5.6824090146830315,
                3.9678546384943045,
                5.123276315975979,
                3.576518152973301,
                4.100129183414288,
                2.52484353504795,
                1.5306946458359796,
                1.5447028800329636
            ],
            "UnitPairs": [
                [
                    -0.9998769100480656,
                    -0.015689638387562276
                ],
                [
                    -0.24031278847249019,
                    -0.9706955051387516
                ],
                [
                    0.4527495606841666,
                    -0.8916377264900214
                ],
                [
                    0.9486984782138391,
                    -0.31618222188280265
                ],
                [
                    0.5579293489035657,
                    0.8298884513186355
                ],
                [
                    0.35497526524873835,
                    0.9348756928392074
                ],
                [
                    -0.6901637790138487,
                    0.7236532029482929
                ],
                [
                    -0.7124579409304167,
                    0.7017148155805112
                ],
                [
                    -0.7357761613957483,
                    0.6772248078162361
                ]
            ]
        },
        {
            "Type": "R",
            "Centroid": {
                "x": 89106.7625625,
                "y": 440112.00125
            },
            "Distances": [
                0.0
            ],
            "UnitPairs": [
                [
                    0.0,
                    0.0
                ]
            ]
        }
    ]
}