{
    "Pand ID": "0599100000216551",
    "Archetype ID": "TI.1946",
    "Construction Year": 1926,
    "Number of Floors": 3,
    "Wall Area": 129.19,
    "Roof Area (Flat)": 2.45,
    "Roof Area (Sloped)": 80.32,
    "Floor Area": 60.47,
    "Shared Wall Area": 173.76,
    "Absolute Height (70%)": 8.538962364196777,
    "Surfaces": [
        {
            "Type": "G",
            "Centroid": {
                "x": 94789.603875,
                "y": 434279.675625
            },
            "Distances": [
                2.5288763871174207,
                4.436295502041304,
                5.900024494114949,
                6.462279824587237,
                6.183610477020611,
                6.931722533487764,
                6.728252282805869,
                5.241774273206292,
                6.030086610565478,
                5.125597602343423,
                5.06729842039754,
                6.1567697318642285,
                5.067308188878767,
                6.466658992959503,
                5.231765431617051,
                2.89522637824776
            ],
            "UnitPairs": [
                [
                    -0.6757447729362968,
                    -0.7371356739768281
                ],
                [
                    -0.2948124171162181,
                    -0.9555551468722738
                ],
                [
                    -0.1767577407584347,
                    -0.9842543883986364
                ],
                [
                    -0.1459043906464679,
                    -0.9892986954353488
                ],
                [
                    0.2778514278000327,
                    -0.9606240596973841
                ],
                [
                    0.6052067115686398,
                    -0.7960683615571424
                ],
                [
                    0.617712420001713,
                    -0.7864040730919616
                ],
                [
                    0.7366064997747478,
                    -0.6763215688484248
                ],
                [
                    0.38475815520347856,
                    0.9230174223731726
                ],
                [
                    -0.02592380641331309,
                    0.9996639216561959
                ],
                [
                    -0.16613882391639506,
                    0.9861023735838369
                ],
                [
                    -0.19228833488368507,
                    0.9813384718167629
                ],
                [
                    -0.19810813997816126,
                    0.9801801695986271
                ],
                [
                    -0.46297091021185155,
                    0.8863734745002299
                ],
                [
                    -0.5301986559327821,
                    0.847873448839549
                ],
                [
                    -0.8005850656127904,
                    0.5992191191190115
                ]
            ]
        },
        {
            "Type": "F",
            "Centroid": {
                "x": 94790.23486666667,
                "y": 434278.56646666664
            },
            "Distances": [
                2.4586481418792343,
                3.6818331420210555,
                4.987255800418901,
                5.513380090189122,
                4.1314537254416654,
                1.646505841362401,
                3.2905945793602185,
                3.021099637380689,
                3.1097836718568743,
                2.812280323646656,
                2.82993293542005,
                2.0519923697538482,
                3.7178531733981144,
                5.6693944549291215,
                5.469498168824061,
                3.581735289705017,
                3.8000506337444007,
                3.6855423868973003,
                4.045700798653895,
                6.885436908322919,
                2.199077053123725,
                6.279665342894525,
                6.281160663896496,
                7.377738051201754,
                6.052293252857488,
                6.292135574296564,
                2.4463199883732725,
                7.7420536951663035,
                6.506958712471188,
                4.096869563333943
            ],
            "UnitPairs": [
                [
                    -0.9516882984619534,
                    -0.3070657626154241
                ],
                [
                    -0.5266036215860058,
                    -0.8501109490722388
                ],
                [
                    -0.33562879740871876,
                    -0.9419943260710104
                ],
                [
                    -0.2854631171645641,
                    -0.9583896956555252
                ],
                [
                    -0.13260869008083653,
                    -0.9911684696937472
                ],
                [
                    0.025589543794896613,
                    -0.9996725340071964
                ],
                [
                    0.07236787382621611,
                    -0.997378007997907
                ],
                [
                    0.1777939815970907,
                    -0.9840677314635682
                ],
                [
                    0.2306055369153061,
                    -0.9730473196838905
                ],
                [
                    0.28700315773959273,
                    -0.9579296359584573
                ],
                [
                    0.3159556617557551,
                    -0.9487739561162516
                ],
                [
                    0.36556341260898534,
                    -0.9307864370314346
                ],
                [
                    0.4548682410164389,
                    -0.8905587478176894
                ],
                [
                    0.6286620840493028,
                    -0.7776785866145391
                ],
                [
                    0.6445076357136612,
                    -0.7645978730723665
                ],
                [
                    0.713936996038061,
                    -0.7002099440083307
                ],
                [
                    0.7594986518612652,
                    -0.6505088760508351
                ],
                [
                    0.7619321767462842,
                    -0.6476568211936543
                ],
                [
                    0.7984113245362797,
                    -0.6021124121393144
                ],
                [
                    0.24531970241300535,
                    0.9694422332496117
                ],
                [
                    -0.0063056756656449725,
                    0.9999801190295733
                ],
                [
                    -0.12164130171762733,
                    0.9925741250488254
                ],
                [
                    -0.23448957055488437,
                    0.9721186354046433
                ],
                [
                    -0.24599228843207444,
                    0.969271785430666
                ],
                [
                    -0.24682655057501285,
                    0.9690596751135818
                ],
                [
                    -0.2598269931338403,
                    0.9656551836131919
                ],
                [
                    -0.28200181086132264,
                    0.9594138724611683
                ],
                [
                    -0.46820479544443666,
                    0.883619980264612
                ],
                [
                    -0.5232654481329778,
                    0.8521697429445579
                ],
                [
                    -0.719785343680483,
                    0.694196700527141
                ]
            ]
        },
        {
            "Type": "R",
            "Centroid": {
                "x": 94791.322,
                "y": 434273.73549999995
            },