{
    "Pand ID": "0599100000759619",
    "Archetype ID": "TI.1946",
    "Construction Year": 1935,
    "Number of Floors": 3,
    "Wall Area": 142.38,
    "Roof Area (Flat)": 4.02,
    "Roof Area (Sloped)": 86.01,
    "Floor Area": 59.54,
    "Shared Wall Area": 123.29,
    "Absolute Height (70%)": 9.914440155029297,
    "Surfaces": [
        {
            "Type": "G",
            "Centroid": {
                "x": 89237.93725833333,
                "y": 439693.2153666666
            },
            "Distances": [
                4.440567895616871,
                4.960547002977197,
                4.937353127122486,
                4.424706299321021,
                5.282106641154689,
                3.06301538279141,
                5.708974820591824,
                6.823828527216465,
                6.107249771302393,
                4.823119291749501,
                4.640537810326145,
                5.491838116931103,
                2.9682834493864987,
                5.198676290071732,
                5.19813586800877
            ],
            "UnitPairs": [
                [
                    -0.9431526398859867,
                    -0.3323598920990532
                ],
                [
                    -0.9045642205688234,
                    -0.426337390885103
                ],
                [
                    -0.744758018855431,
                    -0.6673346187262679
                ],
                [
                    -0.6798492667859218,
                    -0.7333518762849418
                ],
                [
                    -0.3515895190129005,
                    -0.9361542661977658
                ],
                [
                    0.5869597249694404,
                    -0.80961613204271
                ],
                [
                    0.9996307298599114,
                    0.02717358864303442
                ],
                [
                    0.9917990523455141,
                    0.12780704114617455
                ],
                [
                    0.8242444398325869,
                    0.5662341418574698
                ],
                [
                    0.8183224232949968,
                    0.574759437967402
                ],
                [
                    0.8171179336646684,
                    0.5764705391289155
                ],
                [
                    0.39547172010784465,
                    0.9184781535752184
                ],
                [
                    -0.5400876838999167,
                    0.8416087533406622
                ],
                [
                    -0.9998955586571153,
                    0.014452396956048262
                ],
                [
                    -0.9999995123886599,
                    0.0009875335146048141
                ]
            ]
        },
        {
            "Type": "F",
            "Centroid": {
                "x": 89238.05176785713,
                "y": 439693.0369285714
            },
            "Distances": [
                4.494002275717581,
                4.992481607066376,
                4.908022269389583,
                4.376514891650104,
                5.158121448999913,
                2.851361909627453,
                5.60229669967719,
                6.735789604562071,
                6.117575210332728,
                4.836613797439872,
                4.6546563196558814,
                5.61319612518675,
                5.318690872473473,
                5.315813446400022
            ],
            "UnitPairs": [
                [
                    -0.9574189315379329,
                    -0.288702250654135
                ],
                [
                    -0.9217145338367303,
                    -0.38786894450850157
                ],
                [
                    -0.7725398641313691,
                    -0.6349662655038344
                ],
                [
                    -0.713499881628793,
                    -0.7006553495947194
                ],
                [
                    -0.38224048747887696,
                    -0.9240628819143807
                ],
                [
                    0.5903695133101495,
                    -0.8071330979175226
                ],
                [
                    0.9982258067802346,
                    0.05954190690555477
                ],
                [
                    0.987762019519253,
                    0.15596856348394955
                ],
                [
                    0.804135130950801,
                    0.5944465418948438
                ],
                [
                    0.7923636873573201,
                    0.6100490037345453
                ],
                [
                    0.7900383809938901,
                    0.6130573843911782
                ],
                [
                    0.3665215141196529,
                    0.9304095763089699
                ],
                [
                    -0.9988628751929451,
                    0.04767553420029116
                ],
                [
                    -0.9994035552054893,
                    0.03453308330613425
                ]
            ]
        },
        {
            "Type": "R",
            "Centroid": {
                "x": 89236.334125,
                "y": 439695.7135
            },
            "Distances": [
                0.0
            ],
            "UnitPairs": [
                [
                    0.0,
                    0.0
                ]
            ]
        }
    ]
}