{
    "Pand ID": "0599100000035652",
    "Archetype ID": "TI.1946",
    "Construction Year": 1922,
    "Number of Floors": 2,
    "Wall Area": 72.71,
    "Roof Area (Flat)": 9.79,
    "Roof Area (Sloped)": 44.77,
    "Floor Area": 49.56,
    "Shared Wall Area": 117.14,
    "Absolute Height (70%)": 1.582574486732483,
    "Surfaces": [
        {
            "Type": "G",
            "Centroid": {
                "x": 94353.8648173077,
                "y": 441434.86453846155
            },
            "Distances": [
                2.7008714975341697,
                5.943119227640866,
                5.819176184114918,
                5.953471450154403,
                6.692233167600579,
                3.8432589736670013,
                3.762039105425577,
                1.9255500113172075,
                1.9311543180098305,
                6.182414570600982,
                6.590618658929369,
                6.719826245414196,
                2.854471903168482
            ],
            "UnitPairs": [
                [
                    -0.9925286375683204,
                    -0.12201189944744634
                ],
                [
                    -0.8486607982301761,
                    -0.5289374722472593
                ],
                [
                    -0.7938739370563294,
                    -0.608082372761029
                ],
                [
                    -0.7888997783933523,
                    -0.6145218789033631
                ],
                [
                    -0.17702495983418806,
                    -0.984206362301984
                ],
                [
                    0.325064665394199,
                    -0.945691790866431
                ],
                [
                    0.984654223013723,
                    -0.17451664992556312
                ],
                [
                    0.7968152908436992,
                    0.6042229656986493
                ],
                [
                    0.7965741929355192,
                    0.6045407803855138
                ],
                [
                    0.6939534130721845,
                    0.7200199028398216
                ],
                [
                    0.48118512941233127,
                    0.8766190000407463
                ],
                [
                    0.40853849371045553,
                    0.9127410909764018
                ],
                [
                    -0.0026948269103413496,
                    0.9999963689473694
                ]
            ]
        },
        {
            "Type": "F",
            "Centroid": {
                "x": 94353.72769642857,
                "y": 441435.22457142855
            },
            "Distances": [
                2.635386948315447,
                6.029050998176786,
                6.197637528830582,
                5.9407327659029825,
                6.077714038896613,
                7.025116405446028,
                3.973662157096035,
                1.854500185705839,
                1.8598391855086431,
                6.028425292745425,
                6.328525472247252,
                6.347773778175856,
                6.4529738832981005,
                2.497784148614037
            ],
            "UnitPairs": [
                [
                    -0.9651605166354393,
                    -0.26165851243177957
                ],
                [
                    -0.8138215168633187,
                    -0.5811149100567692
                ],
                [
                    -0.80975555689253,
                    -0.5867673628293146
                ],
                [
                    -0.7545485725786767,
                    -0.6562442012082709
                ],
                [
                    -0.7502115761605433,
                    -0.6611978455762793
                ],
                [
                    -0.14911801714191453,
                    -0.9888194056366733
                ],
                [
                    0.9667224891186167,
                    -0.2558273422296881
                ],
                [
                    0.9012825042074162,
                    0.43323186356685367
                ],
                [
                    0.900845935756904,
                    0.43413891789410913
                ],
                [
                    0.7344253858048083,
                    0.6786894375820641
                ],
                [
                    0.7304116245874237,
                    0.6830072171416348
                ],
                [
                    0.5211950972170997,
                    0.8534375610651656
                ],
                [
                    0.4466822001065603,
                    0.894692691435424
                ],
                [
                    0.051817356394311814,
                    0.9986565783973511
                ]
            ]
        },
        {
            "Type": "R",
            "Centroid": {
                "x": 94355.114125,
                "y": 441431.23
            },
            "Distances": [
                0.0
            ],
            "UnitPairs": [
                [
                    0.0,
                    0.0
                ]
            ]
        }
    ]
}