{
    "Pand ID": "0599100000259698",
    "Archetype ID": "TI.1946",
    "Construction Year": 1910,
    "Number of Floors": 2,
    "Wall Area": 112.61,
    "Roof Area (Flat)": 0.0,
    "Roof Area (Sloped)": 80.16,
    "Floor Area": 77.34,
    "Shared Wall Area": 113.05,
    "Absolute Height (70%)": 5.617032527923584,
    "Surfaces": [
        {
            "Type": "G",
            "Centroid": {
                "x": 88593.80443750002,
                "y": 439336.87986111105
            },
            "Distances": [
                9.135442099079446,
                9.199648158175679,
                5.4419679458186705,
                5.803422362997789,
                5.629431243324685,
                5.189137159195093,
                5.803918715586906,
                2.958244845842612,
                2.6439312503999117
            ],
            "UnitPairs": [
                [
                    -0.9557282401137563,
                    -0.29425079617404976
                ],
                [
                    -0.6046970388824477,
                    -0.796455580159245
                ],
                [
                    -0.394710152908198,
                    -0.918805689572712
                ],
                [
                    0.9975148520810774,
                    0.07045651054137073
                ],
                [
                    0.9842912650462409,
                    0.17655227428065262
                ],
                [
                    0.7687212493349461,
                    0.6395839591647992
                ],
                [
                    0.4855340224556861,
                    0.874217772089999
                ],
                [
                    -0.12270789570452612,
                    0.9924428307624411
                ],
                [
                    -0.5037952480072831,
                    0.8638230999951785
                ]
            ]
        },
        {
            "Type": "F",
            "Centroid": {
                "x": 88593.9324375,
                "y": 439337.16874999995
            },
            "Distances": [
                5.509545353285021,
                9.345823131200167,
                9.507414843142147,
                5.757924712939778,
                5.662271717259948,
                5.761035757572735,
                5.4587172485876225,
                2.1147633437664273,
                4.907975244457074,
                5.489291848710949,
                2.692153413158291,
                2.2073171498769724,
                2.4721700993171214
            ],
            "UnitPairs": [
                [
                    -0.9857437686321373,
                    -0.16825344752162208
                ],
                [
                    -0.9479100851397227,
                    -0.3185380204785662
                ],
                [
                    -0.5985854297813279,
                    -0.8010589761393994
                ],
                [
                    -0.3952813059335716,
                    -0.9185601173464097
                ],
                [
                    0.9997754051172187,
                    0.021192907367824632
                ],
                [
                    0.9994730535100195,
                    0.032459440958798456
                ],
                [
                    0.9916249099366732,
                    0.12915122141538077
                ],
                [
                    0.788740737786001,
                    0.6147259946974707
                ],
                [
                    0.7866787845690392,
                    0.6173625271337574
                ],
                [
                    0.4900449956279918,
                    0.8716971390683588
                ],
                [
                    -0.18238187972301081,
                    0.9832277711439508
                ],
                [
                    -0.3819115889352223,
                    0.924198862927765
                ],
                [
                    -0.5905742490757984,
                    0.8069833061027698
                ]
            ]
        },
        {
            "Type": "R",
            "Centroid": {
                "x": 88588.5014375,
                "y": 439336.24175
            },
            "Distances": [
                0.0
            ],
            "UnitPairs": [
                [
                    0.0,
                    0.0
                ]
            ]
        }
    ]
}