{
    "Pand ID": "0599100000049541",
    "Archetype ID": "TI.1946",
    "Construction Year": 1931,
    "Number of Floors": 2,
    "Wall Area": 40.02,
    "Roof Area (Flat)": 0.0,
    "Roof Area (Sloped)": 50.54,
    "Floor Area": 34.23,
    "Shared Wall Area": 88.62,
    "Absolute Height (70%)": 5.0276408195495605,
    "Surfaces": [
        {
            "Type": "G",
            "Centroid": {
                "x": 94971.502625,
                "y": 433464.13820000004
            },
            "Distances": [
                6.122893436951652,
                3.27944407484009,
                2.8476411361453815,
                4.319638068159821,
                2.089644764061553,
                1.3648472588425358,
                4.656513721635105,
                2.643887448400842,
                2.735059677557209,
                5.863301581868512
            ],
            "UnitPairs": [
                [
                    -0.8316329611869413,
                    -0.555325686302587
                ],
                [
                    -0.509842510448334,
                    -0.8602677574684178
                ],
                [
                    0.6173530708231341,
                    -0.7866862055135111
                ],
                [
                    0.9785542060007975,
                    0.20598948011524498
                ],
                [
                    0.96954278298488,
                    0.24492201199960398
                ],
                [
                    0.958348995853056,
                    0.28559972364734365
                ],
                [
                    0.8504216323056113,
                    0.5261017461543532
                ],
                [
                    0.6278633385122143,
                    0.7783236011790318
                ],
                [
                    -0.8646977685338707,
                    0.5022925134745135
                ],
                [
                    -0.9909092887127504,
                    0.13453171203397007
                ]
            ]
        },
        {
            "Type": "F",
            "Centroid": {
                "x": 94971.76540277776,
                "y": 433463.98555555556
            },
            "Distances": [
                6.262608253407711,
                3.2961422606105355,
                2.56779627140652,
                4.098993565129497,
                1.8842608696127687,
                1.1775973289536197,
                4.521301720410267,
                2.6150133040335555,
                6.14531916015243
            ],
            "UnitPairs": [
                [
                    -0.8550395555809363,
                    -0.5185627815336875
                ],
                [
                    -0.5869824858227003,
                    -0.8095996302725215
                ],
                [
                    0.5822978399355548,
                    -0.8129755381353039
                ],
                [
                    0.9671208698534932,
                    0.25431717026937584
                ],
                [
                    0.9357633280328833,
                    0.3526286912728776
                ],
                [
                    0.8875888188080844,
                    0.46063661244724063
                ],
                [
                    0.8177340179597375,
                    0.5755962785420209
                ],
                [
                    0.5343078829011272,
                    0.8452899421321156
                ],
                [
                    -0.9881956688501892,
                    0.15319699757412694
                ]
            ]
        },
        {
            "Type": "R",
            "Centroid": {
                "x": 94969.137625,
                "y": 433465.512
            },
            "Distances": [
                0.0
            ],
            "UnitPairs": [
                [
                    0.0,
                    0.0
                ]
            ]
        }
    ]
}