{
    "Pand ID": "0599100000114327",
    "Archetype ID": "TI.1946",
    "Construction Year": 1926,
    "Number of Floors": 4,
    "Wall Area": 92.74,
    "Roof Area (Flat)": 0.0,
    "Roof Area (Sloped)": 53.83,
    "Floor Area": 45.83,
    "Shared Wall Area": 193.45,
    "Absolute Height (70%)": 10.922513008117676,
    "Surfaces": [
        {
            "Type": "G",
            "Centroid": {
                "x": 86213.26975,
                "y": 434184.5073333334
            },
            "Distances": [
                5.228501214002581,
                5.227299839436828,
                2.451251437757376,
                5.344622868911292,
                5.345701601381007,
                2.445558616019625
            ],
            "UnitPairs": [
                [
                    -0.696088582758236,
                    -0.7179559073882117
                ],
                [
                    0.20172938847754684,
                    -0.9794412967730505
                ],
                [
                    0.9364604400163156,
                    -0.3507732091885705
                ],
                [
                    0.6877005338163852,
                    0.7259944736626162
                ],
                [
                    -0.1901527761548273,
                    0.9817545119430886
                ],
                [
                    -0.9688992872545745,
                    0.2474553922580341
                ]
            ]
        },
        {
            "Type": "F",
            "Centroid": {
                "x": 86212.81065,
                "y": 434184.67929999996
            },
            "Distances": [
                5.052410296060067,
                5.504010555900868,
                5.553887323346141,
                5.106711388035,
                1.9589003037417465
            ],
            "UnitPairs": [
                [
                    -0.6294817351784707,
                    -0.7770152798218974
                ],
                [
                    0.2749994725905723,
                    -0.9614443770051948
                ],
                [
                    0.7444515452491798,
                    0.6676764911063653
                ],
                [
                    -0.10915048014982384,
                    0.9940252374477536
                ],
                [
                    -0.9752410555781132,
                    0.22114448560813688
                ]
            ]
        },
        {
            "Type": "R",
            "Centroid": {
                "x": 86215.56525,
                "y": 434183.6475
            },
            "Distances": [
                0.0
            ],
            "UnitPairs": [
                [
                    0.0,
                    0.0
                ]
            ]
        }
    ]
}