{
    "Pand ID": "0599100000305422",
    "Archetype ID": "TI.1946",
    "Construction Year": 1941,
    "Number of Floors": 2,
    "Wall Area": 33.2,
    "Roof Area (Flat)": 0.0,
    "Roof Area (Sloped)": 47.78,
    "Floor Area": 44.79,
    "Shared Wall Area": 49.72,
    "Absolute Height (70%)": -0.9897200465202332,
    "Surfaces": [
        {
            "Type": "G",
            "Centroid": {
                "x": 89092.35089583334,
                "y": 440091.33791666664
            },
            "Distances": [
                4.818562187561064,
                3.0433587074209854,
                4.7327463720563525,
                4.742474975052283,
                3.0422274003722816,
                4.80969523174742
            ],
            "UnitPairs": [
                [
                    -0.32215695739024536,
                    -0.9466862705273906
                ],
                [
                    0.5637411924110421,
                    -0.8259514925096851
                ],
                [
                    0.9904749374152741,
                    -0.1376931311003158
                ],
                [
                    0.3096835880798329,
                    0.9508396685424944
                ],
                [
                    -0.5086185645249106,
                    0.8609919603693286
                ],
                [
                    -0.9922319613601952,
                    0.12440150664401223
                ]
            ]
        },
        {
            "Type": "F",
            "Centroid": {
                "x": 89092.35089583334,
                "y": 440091.33791666664
            },
            "Distances": [
                4.818562187561064,
                3.0433587074209854,
                4.7327463720563525,
                4.742474975052283,
                3.0422274003722816,
                4.80969523174742
            ],
            "UnitPairs": [
                [
                    -0.32215695739024536,
                    -0.9466862705273906
                ],
                [
                    0.5637411924110421,
                    -0.8259514925096851
                ],
                [
                    0.9904749374152741,
                    -0.1376931311003158
                ],
                [
                    0.3096835880798329,
                    0.9508396685424944
                ],
                [
                    -0.5086185645249106,
                    0.8609919603693286
                ],
                [
                    -0.9922319613601952,
                    0.12440150664401223
                ]
            ]
        },
        {
            "Type": "R",
            "Centroid": {
                "x": 89092.3088125,
                "y": 440091.31149999995
            },
            "Distances": [
                4.780099122887668,
                4.770898513379344,
                4.780731494793944,
                4.771328706460635
            ],
            "UnitPairs": [
                [
                    -0.315945331086417,
                    -0.9487773963183853
                ],
                [
                    0.991375101929889,
                    -0.13105497805693012
                ],
                [
                    0.3160081258761101,
                    0.9487564831822065
                ],
                [
                    -0.9913905100696138,
                    0.13093836925787242
                ]
            ]
        }
    ]
}