{
    "Pand ID": "0599100000205411",
    "Archetype ID": "TI.1946",
    "Construction Year": 1931,
    "Number of Floors": 4,
    "Wall Area": 87.11,
    "Roof Area (Flat)": 2.22,
    "Roof Area (Sloped)": 92.29,
    "Floor Area": 67.57,
    "Shared Wall Area": 187.16,
    "Absolute Height (70%)": 5.187478065490723,
    "Surfaces": [
        {
            "Type": "G",
            "Centroid": {
                "x": 92230.21266666667,
                "y": 441895.00708333333
            },
            "Distances": [
                6.553779383009346,
                7.186539062813179,
                7.181249765981277,
                6.409101473778216,
                3.11135107865929,
                4.7936965243988725,
                3.8658643106211206,
                4.350876275870465,
                5.229607254344701,
                5.973825019890297,
                5.057045484733281,
                3.1095773348545337
            ],
            "UnitPairs": [
                [
                    -0.9180834927490766,
                    -0.3963870587464429
                ],
                [
                    -0.8991694903746295,
                    -0.43760053425404916
                ],
                [
                    -0.24966638469615876,
                    -0.9683319143520726
                ],
                [
                    -0.1943980247097362,
                    -0.9809227329351445
                ],
                [
                    0.5962307969847424,
                    -0.8028130770776837
                ],
                [
                    0.9792199630167912,
                    0.2028010454346679
                ],
                [
                    0.814069786330398,
                    0.5807670643071801
                ],
                [
                    0.7957209338570144,
                    0.605663434113139
                ],
                [
                    0.7702458592835355,
                    0.6377470629148895
                ],
                [
                    0.15334954242544965,
                    0.9881720082242287
                ],
                [
                    0.043915628996651114,
                    0.9990352433872534
                ],
                [
                    -0.9026682292818955,
                    0.4303371560126866
                ]
            ]
        },
        {
            "Type": "F",
            "Centroid": {
                "x": 92230.4678409091,
                "y": 441894.88543181814
            },
            "Distances": [
                6.743189213435729,
                7.366066697126555,
                7.132558080246893,
                6.345292803955212,
                2.8646027878223843,
                4.5716902926898255,
                3.736972905458042,
                4.228984796027755,
                5.117072888931329,
                6.060959903438836,
                5.173924002835415
            ],
            "UnitPairs": [
                [
                    -0.9301371666375233,
                    -0.3672122700013168
                ],
                [
                    -0.9118965636997406,
                    -0.4104200983292667
                ],
                [
                    -0.28714675521120986,
                    -0.9578866013112792
                ],
                [
                    -0.23656763453954072,
                    -0.9716150237045362
                ],
                [
                    0.5585099259499346,
                    -0.8294978376194831
                ],
                [
                    0.970955774936839,
                    0.2392590293318151
                ],
                [
                    0.7738640777084989,
                    0.6333517105308665
                ],
                [
                    0.7583165335374306,
                    0.6518865200046516
                ],
                [
                    0.7373178324415828,
                    0.6755460117295091
                ],
                [
                    0.10904363358833417,
                    0.9940369640882843
                ],
                [
                    -0.006395708379334333,
                    0.9999795472480056
                ]
            ]
        },
        {
            "Type": "R",
            "Centroid": {
                "x": 92227.40575,
                "y": 441896.34525
            },
            "Distances": [
                0.0
            ],
            "UnitPairs": [
                [
                    0.0,
                    0.0
                ]
            ]
        }
    ]
}