{
    "Pand ID": "0599100000238916",
    "Archetype ID": "TI.1946",
    "Construction Year": 1910,
    "Number of Floors": 3,
    "Wall Area": 121.77,
    "Roof Area (Flat)": 6.97,
    "Roof Area (Sloped)": 94.68,
    "Floor Area": 64.66,
    "Shared Wall Area": 211.89,
    "Absolute Height (70%)": 8.455187797546387,
    "Surfaces": [
        {
            "Type": "G",
            "Centroid": {
                "x": 92398.113625,
                "y": 439290.79905555554
            },
            "Distances": [
                6.931979962297098,
                7.040789947615447,
                4.21098593335667,
                5.888217828633754,
                5.750358894865899,
                5.510076786892713,
                6.274186364062736,
                6.138751843624379,
                7.4178528472923375
            ],
            "UnitPairs": [
                [
                    -0.9248439890012141,
                    -0.3803466787134101
                ],
                [
                    -0.9031657026141487,
                    -0.42929210756953257
                ],
                [
                    0.9126128799319309,
                    -0.40882481747363036
                ],
                [
                    0.9676951780351367,
                    -0.25212306996295525
                ],
                [
                    0.9818517597282999,
                    -0.18964999846675684
                ],
                [
                    0.9620555583911531,
                    0.272853628468977
                ],
                [
                    0.7962785467475524,
                    0.6049301414127138
                ],
                [
                    -0.9189164415991049,
                    0.39445224471263796
                ],
                [
                    -0.9535104221682885,
                    0.3013600418377527
                ]
            ]
        },
        {
            "Type": "F",
            "Centroid": {
                "x": 92398.3884107143,
                "y": 439290.5886428571
            },
            "Distances": [
                7.112376521300168,
                5.765574503198588,
                7.205224517806623,
                3.8750104417066193,
                5.57087903376869,
                5.389726967154693,
                5.4428480000691355,
                3.9042720825856083,
                4.241368469577482,
                5.310380057206952,
                6.191668255077184,
                6.474812170105811,
                7.744170198706637,
                5.629696305754282
            ],
            "UnitPairs": [
                [
                    -0.9400213408670733,
                    -0.34111563833173836
                ],
                [
                    -0.9207730663008895,
                    -0.3900986546693768
                ],
                [
                    -0.9206910482663077,
                    -0.3902921900862066
                ],
                [
                    0.9208270117912867,
                    -0.38997129939975017
                ],
                [
                    0.9734934563861587,
                    -0.22871486697049268
                ],
                [
                    0.9863605926795411,
                    -0.16459884935461847
                ],
                [
                    0.9868389280076163,
                    -0.16170630837657124
                ],
                [
                    0.9930696948603626,
                    0.11752693797571076
                ],
                [
                    0.9928904587987012,
                    0.11903166312584544
                ],
                [
                    0.9464886188087727,
                    0.32273719101687326
                ],
                [
                    0.7625108599497457,
                    0.6469754156524801
                ],
                [
                    -0.9136613632767859,
                    0.4064762148702002
                ],
                [
                    -0.9488151119829289,
                    0.31583204915401175
                ],
                [
                    -0.9987724752661452,
                    0.049533247932449655
                ]
            ]
        },
        {
            "Type": "R",
            "Centroid": {
                "x": 92401.95662499999,
                "y": 439289.07749999996
            },
            "Distances": [
                0.0
            ],
            "UnitPairs": [
                [
                    0.0,
                    0.0
                ]
            ]
        }
    ]
}