{
    "Pand ID": "0599100000182854",
    "Archetype ID": "TI.1946",
    "Construction Year": 1922,
    "Number of Floors": 3,
    "Wall Area": 63.07,
    "Roof Area (Flat)": 7.83,
    "Roof Area (Sloped)": 47.52,
    "Floor Area": 43.81,
    "Shared Wall Area": 122.65,
    "Absolute Height (70%)": 6.211239337921143,
    "Surfaces": [
        {
            "Type": "G",
            "Centroid": {
                "x": 94524.41100000001,
                "y": 433290.72068749997
            },
            "Distances": [
                5.729947439555711,
                1.2805998731607176,
                1.399467768523262,
                5.225566910390734,
                1.2799551886950353,
                1.2378416841696729,
                2.062478341726264,
                1.9865284820976923,
                2.4649895608655226,
                2.2821710683256895,
                3.4047357695052645,
                7.116147406454194,
                7.1490690764927,
                3.532089383121966,
                2.4635390519107405,
                2.731030741353221
            ],
            "UnitPairs": [
                [
                    -0.9302005046690313,
                    -0.3670517962270169
                ],
                [
                    -0.8511636014036296,
                    -0.524900489279257
                ],
                [
                    -0.8396049029716396,
                    -0.5431975763071698
                ],
                [
                    -0.7369535336611273,
                    -0.6759434068207024
                ],
                [
                    -0.4976736729759198,
                    -0.8673643497554285
                ],
                [
                    -0.47663607353170645,
                    -0.8791007072049697
                ],
                [
                    0.15612285156439856,
                    -0.9877376449338158
                ],
                [
                    0.22149191615803385,
                    -0.9751622075719724
                ],
                [
                    0.2718064249176776,
                    -0.962351945690074
                ],
                [
                    0.9131655505261855,
                    -0.40758885820420615
                ],
                [
                    0.9933223101448545,
                    0.11537238910800765
                ],
                [
                    0.8824999878871269,
                    0.4703124189081348
                ],
                [
                    0.42928666196477433,
                    0.903168290995173
                ],
                [
                    0.054641878804525444,
                    0.9985060165470769
                ],
                [
                    -0.4493535424758178,
                    0.8933540137394768
                ],
                [
                    -0.9739912333192804,
                    0.2265856955264103
                ]
            ]
        },
        {
            "Type": "F",
            "Centroid": {
                "x": 94524.25329411765,
                "y": 433290.437617647
            },
            "Distances": [
                1.0798866417972817,
                5.483197487626913,
                1.209660640422843,
                1.0102400036633046,
                1.1236229665140136,
                4.91906362262623,
                0.9559531647325191,
                0.9138340274008991,
                1.818528650620549,
                1.7587943347766108,
                2.2471113837175043,
                2.3332394887946903,
                3.603655739478133,
                7.390541450018912,
                7.472459098816801,
                2.6591033950075573,
                2.659862332876353
            ],
            "UnitPairs": [
                [
                    -0.9587062915379488,
                    -0.2843980424784131
                ],
                [
                    -0.9432988925372112,
                    -0.3319445726895841
                ],
                [
                    -0.9401761780396911,
                    -0.340688647076299
                ],
                [
                    -0.9228441897523242,
                    -0.38517346928413465
                ],
                [
                    -0.9053696372890601,
                    -0.4246243279359719
                ],
                [
                    -0.7508124311803156,
                    -0.6605154753562582
                ],
                [
                    -0.5013782424959005,
                    -0.8652282114862656
                ],
                [
                    -0.47305539591862866,
                    -0.8810326852008781
                ],
                [
                    0.2637879156849596,
                    -0.964580704523258
                ],
                [
                    0.33983841688841054,
                    -0.9404838384612352
                ],
                [
                    0.36834216957657007,
                    -0.9296902958037291
                ],
                [
                    0.9607697337237535,
                    -0.2773472890806538
                ],
                [
                    0.9822541713906486,
                    0.187554639467197
                ],
                [
                    0.8710736454015588,
                    0.4911524246981168
                ],
                [
                    0.4318131206465251,
                    0.9019630972703426
                ],
                [
                    -0.35699782092920485,
                    0.9341052166923164
                ],
                [
                    -0.9407607629591386,
                    0.3390710646406435
                ]
            ]
        },
        {
            "Type": "R",
            "Centroid": {
                "x": 94524.604,
                "y": 433294.2475
            },
            "Distances": [
                0.0
            ],
            "UnitPairs": [
                [
                    0.0,
                    0.0
                ]
            ]
        }
    ]
}