{
    "Pand ID": "0599100000308780",
    "Archetype ID": "TI.1946",
    "Construction Year": 1919,
    "Number of Floors": 2,
    "Wall Area": 37.71,
    "Roof Area (Flat)": 0.0,
    "Roof Area (Sloped)": 55.15,
    "Floor Area": 38.3,
    "Shared Wall Area": 94.51,
    "Absolute Height (70%)": 5.311829090118408,
    "Surfaces": [
        {
            "Type": "G",
            "Centroid": {
                "x": 94102.2263,
                "y": 434111.29630000005
            },
            "Distances": [
                3.295542645754972,
                3.3342425421792887,
                6.443315274786866,
                6.1096460396855665,
                2.718224113277764,
                2.512045606655648,
                4.476124476576993,
                1.957350385086722,
                4.093534405609099,
                1.921274142296588
            ],
            "UnitPairs": [
                [
                    -0.9962850895662857,
                    -0.08611631847622218
                ],
                [
                    -0.22622829337049233,
                    -0.9740743089100926
                ],
                [
                    0.2734151480832236,
                    -0.9618961257841873
                ],
                [
                    0.8505730063975797,
                    -0.5258569775022317
                ],
                [
                    0.9931852148651443,
                    -0.11654668151979697
                ],
                [
                    0.10855694629063803,
                    0.99409023202728
                ],
                [
                    -0.2844648326166456,
                    0.9586864758639208
                ],
                [
                    -0.49367757932478395,
                    0.8696450124458954
                ],
                [
                    -0.5805008006608912,
                    0.8142596762901037
                ],
                [
                    -0.6648192321345376,
                    0.7470042761484327
                ]
            ]
        },
        {
            "Type": "F",
            "Centroid": {
                "x": 94102.1725,
                "y": 434111.753
            },
            "Distances": [
                3.3133080901162284,
                6.897710525967641,
                6.405699064120719,
                2.860081205135562,
                2.0664565081337942,
                4.023750799937103,
                1.5439969235909057,
                3.697060792041521,
                1.56665710988588,
                1.5092344085650324
            ],
            "UnitPairs": [
                [
                    -0.9747056151026366,
                    -0.22349264839674457
                ],
                [
                    0.2632032749362568,
                    -0.9647403982744939
                ],
                [
                    0.8196607345174054,
                    -0.5728492648946906
                ],
                [
                    0.9627349024382361,
                    -0.27044686655097344
                ],
                [
                    0.15799993791809178,
                    0.9874391219806308
                ],
                [
                    -0.3030754290314355,
                    0.9529665704091677
                ],
                [
                    -0.5909985868907048,
                    0.8066725917577653
                ],
                [
                    -0.6282017339272028,
                    0.7780505006044632
                ],
                [
                    -0.7809622107395648,
                    0.6245782780378867
                ],
                [
                    -0.8206147388226509,
                    0.5714818023585987
                ]
            ]
        },
        {
            "Type": "R",
            "Centroid": {
                "x": 94101.472,
                "y": 434108.04850000003
            },
            "Distances": [
                0.0
            ],
            "UnitPairs": [
                [
                    0.0,
                    0.0
                ]
            ]
        }
    ]
}