{
    "Pand ID": "0599100000239391",
    "Archetype ID": "TI.1946",
    "Construction Year": 1928,
    "Number of Floors": 3,
    "Wall Area": 108.22,
    "Roof Area (Flat)": 10.84,
    "Roof Area (Sloped)": 69.19,
    "Floor Area": 64.68,
    "Shared Wall Area": 162.2,
    "Absolute Height (70%)": 3.5918846130371094,
    "Surfaces": [
        {
            "Type": "G",
            "Centroid": {
                "x": 93915.65027884614,
                "y": 441788.6324615385
            },
            "Distances": [
                4.995248365859204,
                4.0827499035894705,
                4.1677739130883475,
                5.170944543092765,
                6.126280262320834,
                3.3992305925788973,
                3.770266069758625,
                5.305931427517552,
                6.419567461330098,
                6.182608859774065,
                4.9738959120333295,
                3.3984866323595866,
                2.973938699837086
            ],
            "UnitPairs": [
                [
                    -0.9443281896413467,
                    -0.3290049699452831
                ],
                [
                    -0.7003010014485849,
                    -0.7138476779888754
                ],
                [
                    -0.6977714978766512,
                    -0.7163204148640291
                ],
                [
                    -0.6728275302798481,
                    -0.7397993744911657
                ],
                [
                    -0.016348231202926777,
                    -0.9998663587382745
                ],
                [
                    0.8433808992307433,
                    -0.5373161628061663
                ],
                [
                    0.9879531271630411,
                    -0.15475341201010093
                ],
                [
                    0.9632326055605508,
                    0.2686688437184933
                ],
                [
                    0.9174833334709669,
                    0.3977742234019227
                ],
                [
                    0.09685978321574364,
                    0.9952980369695297
                ],
                [
                    -0.04184925656197603,
                    0.9991239361186429
                ],
                [
                    -0.4490686623872143,
                    0.893497250394067
                ],
                [
                    -0.804708532250032,
                    0.5936700919904919
                ]
            ]
        },
        {
            "Type": "F",
            "Centroid": {
                "x": 93916.54952499998,
                "y": 441788.84276
            },
            "Distances": [
                5.914420943551961,
                4.8877086265198,
                4.970832600050954,
                5.954640655652153,
                4.929480327343485,
                6.414098154701684,
                2.3620834316076773,
                2.0699284088716228,
                2.613171739073227,
                2.831932389351863,
                2.9349736451473163,
                2.6303842642816355,
                2.4495942393985093,
                2.9329130873036435,
                4.383421359796078,
                5.513334930656411,
                3.5982650399021923,
                3.497462894361008,
                3.633865723624577,
                5.950826989319609,
                1.1369824174112861,
                4.886379041463647,
                3.531842479131126,
                3.7242714317435293,
                3.6412455585157644
            ],
            "UnitPairs": [
                [
                    -0.9496111375210033,
                    -0.31343051462176746
                ],
                [
                    -0.7689492740216026,
                    -0.6393097949989897
                ],
                [
                    -0.7659481431645003,
                    -0.6429023580473586
                ],
                [
                    -0.735292060962719,
                    -0.6777503855293608
                ],
                [
                    -0.7338298887050627,
                    -0.6793332719977104
                ],
                [
                    -0.15581301936476757,
                    -0.9877865675318908
                ],
                [
                    0.4612876858797331,
                    -0.8872506246014824
                ],
                [
                    0.6375099710508546,
                    -0.7704421047753937
                ],
                [
                    0.6821595279660696,
                    -0.7312033769103566
                ],
                [
                    0.6947905986090498,
                    -0.7192120856079092
                ],
                [
                    0.9627343689040894,
                    -0.27044876581497795
                ],
                [
                    0.9715690725208372,
                    -0.2367562825375495
                ],
                [
                    0.9771414226537695,
                    -0.21259031053688063
                ],
                [
                    0.9937560075118947,
                    0.11157507577420256
                ],
                [
                    0.9608019978726317,
                    0.2772354971571274
                ],
                [
                    0.9051871621782663,
                    0.4250131779458809
                ],
                [
                    0.7722054849231391,
                    0.6353728740311625
                ],
                [
                    0.5668680583328332,
                    0.8238085969701722
                ],
                [
                    0.2626954523404049,
                    0.9648788003265851
                ],
                [
                    -0.050480378696507865,
                    0.9987250529383236
                ],
                [
                    -0.17097889730001445,
                    0.9852746909761111
                ],
                [
                    -0.22662998318019262,
                    0.9739809293429443
                ],
                [
                    -0.6425541380736851,
                    0.7662402884502899
                ],
                [
                    -0.6512414694873072,
                    0.7588705742219899
                ],
                [
                    -0.904196090892924,
                    0.4271175824219313
                ]
            ]
        },
        {
            "Type": "R",
            "Centroid": {
                "x": 93918.517125,
                "y": 441786.806
            },
            "Distances": [
                0.0
            ],
            "UnitPairs": [
                [
                    0.0,
                    0.0
                ]
            ]
        }
    ]
}