{
    "Pand ID": "0599100000284869",
    "Archetype ID": "TI.1946",
    "Construction Year": 1932,
    "Number of Floors": 4,
    "Wall Area": 100.18,
    "Roof Area (Flat)": 7.6,
    "Roof Area (Sloped)": 94.69,
    "Floor Area": 74.24,
    "Shared Wall Area": 177.82,
    "Absolute Height (70%)": 4.279724597930908,
    "Surfaces": [
        {
            "Type": "G",
            "Centroid": {
                "x": 93834.50749999999,
                "y": 441800.2640625
            },
            "Distances": [
                5.550789010977279,
                4.167544603145934,
                4.267506211999353,
                6.3377435273893035,
                6.534625325482907,
                6.2345531631462805,
                6.3567240202212325,
                4.9444808265830025,
                2.7832949034499435,
                6.58261212548938,
                6.3686182190214415,
                6.769731938537924,
                6.643816854394055,
                6.147459629388013,
                7.252001095906652,
                4.159804309655574
            ],
            "UnitPairs": [
                [
                    -0.9577692449634058,
                    -0.2875379512381412
                ],
                [
                    -0.7477724407905186,
                    -0.6639551014896944
                ],
                [
                    -0.7419731437291176,
                    -0.6704296040485759
                ],
                [
                    -0.6589687610340753,
                    -0.7521703078300921
                ],
                [
                    -0.15262925574359976,
                    -0.9882835171605133
                ],
                [
                    -0.13431195116566444,
                    -0.990939099932015
                ],
                [
                    -0.09318872395726287,
                    -0.995648462926156
                ],
                [
                    0.031272241805209974,
                    -0.9995109038387108
                ],
                [
                    0.9997593128051175,
                    -0.02193892566738723
                ],
                [
                    0.7707616525601294,
                    0.6371235947151687
                ],
                [
                    0.7087290907980353,
                    0.7054807409537062
                ],
                [
                    0.6326136749414676,
                    0.7744675191878941
                ],
                [
                    0.42500042699657875,
                    0.9051931490310373
                ],
                [
                    0.3387781499294432,
                    0.9408662844051665
                ],
                [
                    -0.08788953442807873,
                    0.9961302272986277
                ],
                [
                    -0.6907476376535336,
                    0.7230959141608134
                ]
            ]
        },
        {
            "Type": "F",
            "Centroid": {
                "x": 93834.93798214286,
                "y": 441800.5943809524
            },
            "Distances": [
                6.061131131585845,
                4.708923906381539,
                4.808564618439586,
                6.870693218918014,
                6.936922370605132,
                6.63072276274244,
                7.023980971627781,
                6.737476634776245,
                5.279592604627353,
                2.3844821388149624,
                3.1389516256594905,
                6.040391356237298,
                5.026980540640854,
                5.83090498353111,
                6.242822318336404,
                6.166900211014228,
                5.6983801853392295,
                4.6518390191654895,
                3.04288888014682,
                6.975837043029829,
                4.2526598481894435
            ],
            "UnitPairs": [
                [
                    -0.9481492840360446,
                    -0.3178253218073351
                ],
                [
                    -0.7532203138933515,
                    -0.6577683169159191
                ],
                [
                    -0.7480105662040009,
                    -0.6636868183467033
                ],
                [
                    -0.6705083455302,
                    -0.7419019871750944
                ],
                [
                    -0.20583438397826548,
                    -0.9785868415078387
                ],
                [
                    -0.19120949377933022,
                    -0.9815492496500888
                ],
                [
                    -0.16612475853412495,
                    -0.9861047432205053
                ],
                [
                    -0.15181605789623495,
                    -0.9884087639053223
                ],
                [
                    -0.05224970248933905,
                    -0.9986340513870813
                ],
                [
                    0.9864376079198668,
                    -0.1641366676929053
                ],
                [
                    0.8949302799608959,
                    0.4462059995216474
                ],
                [
                    0.7686824550437806,
                    0.639630583468197
                ],
                [
                    0.7535622679491951,
                    0.6573765346612741
                ],
                [
                    0.7002588566736265,
                    0.7138890205418105
                ],
                [
                    0.617051497016946,
                    0.7869227725953455
                ],
                [
                    0.3880625233506307,
                    0.9216330495217395
                ],
                [
                    0.2899320163638461,
                    0.9570472432890628
                ],
                [
                    0.2786302044854386,
                    0.9603984637370069
                ],
                [
                    0.05295719412742216,
                    0.9985967832865028
                ],
                [
                    -0.15307942778350367,
                    0.9882138881788066
                ],
                [
                    -0.7768919360595005,
                    0.6296339569033116
                ]
            ]
        },
        {
            "Type": "R",
            "Centroid": {
                "x": 93831.634125,
                "y": 441803.272
            },
            "Distances": [
                0.0
            ],
            "UnitPairs": [
                [
                    0.0,
                    0.0
                ]
            ]
        }
    ]
}