{
    "Pand ID": "0599100000221580",
    "Archetype ID": "TI.1946",
    "Construction Year": 1941,
    "Number of Floors": 2,
    "Wall Area": 60.25,
    "Roof Area (Flat)": 8.79,
    "Roof Area (Sloped)": 40.54,
    "Floor Area": 45.16,
    "Shared Wall Area": 111.7,
    "Absolute Height (70%)": 5.387320518493652,
    "Surfaces": [
        {
            "Type": "G",
            "Centroid": {
                "x": 94034.47675,
                "y": 432863.582625
            },
            "Distances": [
                2.8958193168204294,
                3.370913750831197,
                4.668231144195259,
                4.67721383577384,
                3.425010367223048,
                2.879595416994625,
                5.445730255491313,
                5.49129663792638
            ],
            "UnitPairs": [
                [
                    -0.9726090242029651,
                    -0.23244716827476314
                ],
                [
                    -0.1843713740392002,
                    -0.982856651010155
                ],
                [
                    0.10357242069916668,
                    -0.9946219149357785
                ],
                [
                    0.9585834980849776,
                    -0.28481165214781506
                ],
                [
                    0.9998509881213153,
                    -0.017262721478069204
                ],
                [
                    0.41655157280385813,
                    0.9091120872558192
                ],
                [
                    -0.19529061303237336,
                    0.9807454187817753
                ],
                [
                    -0.9268302799106762,
                    0.3754805351022839
                ]
            ]
        },
        {
            "Type": "F",
            "Centroid": {
                "x": 94034.09302777778,
                "y": 432864.49549999996
            },
            "Distances": [
                4.23268405049588,
                5.623273991412444,
                5.3600258544469215,
                3.930310483128136,
                2.3267182048867756,
                4.479875202200979,
                4.57485909251716,
                4.902908586246472,
                4.844021624016001
            ],
            "UnitPairs": [
                [
                    -0.05617659502829121,
                    -0.9984208482253499
                ],
                [
                    0.15422016133890779,
                    -0.9880365083520959
                ],
                [
                    0.908059467319629,
                    -0.4188412632623384
                ],
                [
                    0.968936738856243,
                    -0.24730870606314853
                ],
                [
                    0.6804529310354986,
                    0.7327917907872595
                ],
                [
                    -0.15174033808997556,
                    0.9884203912285197
                ],
                [
                    -0.16389090081839428,
                    0.9864784704335595
                ],
                [
                    -0.9693792356478391,
                    0.24556851894086745
                ],
                [
                    -0.9714609353621149,
                    0.23719960173947352
                ]
            ]
        },
        {
            "Type": "R",
            "Centroid": {
                "x": 94031.66025,
                "y": 432862.90949999995
            },
            "Distances": [
                0.0
            ],
            "UnitPairs": [
                [
                    0.0,
                    0.0
                ]
            ]
        }
    ]
}