{
    "Pand ID": "0599100000309309",
    "Archetype ID": "TI.1946",
    "Construction Year": 1919,
    "Number of Floors": 2,
    "Wall Area": 67.28,
    "Roof Area (Flat)": 34.33,
    "Roof Area (Sloped)": 21.57,
    "Floor Area": 49.12,
    "Shared Wall Area": 107.45,
    "Absolute Height (70%)": 5.009057521820068,
    "Surfaces": [
        {
            "Type": "G",
            "Centroid": {
                "x": 94348.9270769231,
                "y": 433958.68296153843
            },
            "Distances": [
                3.2903483431090623,
                3.350192989245441,
                5.6970269969191225,
                5.867298132263342,
                3.547147053447715,
                2.523523770221879,
                2.835741482802831,
                3.8159231048204934,
                5.815114701186092,
                5.708932877800331,
                3.609246446453202,
                2.543167556213514,
                2.1588128298519735
            ],
            "UnitPairs": [
                [
                    -0.9996135910580404,
                    -0.027796916592473627
                ],
                [
                    -0.9990698845816403,
                    -0.04312036319452712
                ],
                [
                    -0.9419082840916498,
                    -0.3358701897452699
                ],
                [
                    -0.401560798511574,
                    -0.9158323673570109
                ],
                [
                    -0.06993702808248704,
                    -0.9975514082507174
                ],
                [
                    0.5630710095430543,
                    -0.8264085177514604
                ],
                [
                    0.9334148027831459,
                    -0.3587991164221293
                ],
                [
                    0.9999999926854682,
                    -0.00012095066541099753
                ],
                [
                    0.9635103286548441,
                    0.2676711537977792
                ],
                [
                    0.4331673063684971,
                    0.901313532958127
                ],
                [
                    0.19558738572754694,
                    0.9806862773304539
                ],
                [
                    -0.16911073045093336,
                    0.985597058054838
                ],
                [
                    -0.754617028661019,
                    0.6561654822183308
                ]
            ]
        },
        {
            "Type": "F",
            "Centroid": {
                "x": 94348.70650000001,
                "y": 433958.76774999994
            },
            "Distances": [
                3.073557598701902,
                3.134893588715572,
                5.519888885876299,
                5.861130719598236,
                3.623354359169025,
                2.7211224361097424,
                4.037400130330063,
                6.006596399991513,
                5.732899162946249,
                3.5768281776886184,
                2.4307947903283846,
                1.9384092221683589
            ],
            "UnitPairs": [
                [
                    -0.9983544805877269,
                    -0.05734397170069527
                ],
                [
                    -0.997322528352239,
                    -0.07312847900166926
                ],
                [
                    -0.93217456119072,
                    -0.3620090985995916
                ],
                [
                    -0.36434949196370975,
                    -0.93126228727775
                ],
                [
                    -0.007589652373213164,
                    -0.9999711981736542
                ],
                [
                    0.6032437123006218,
                    -0.7975569092984931
                ],
                [
                    0.9997770519855405,
                    -0.02111507336245821
                ],
                [
                    0.9695174458520768,
                    0.24502228916664961
                ],
                [
                    0.46983209078627924,
                    0.8827558022847506
                ],
                [
                    0.25902837764646514,
                    0.9658697114900333
                ],
                [
                    -0.08618580262114839,
                    0.9962790810945238
                ],
                [
                    -0.7266267534798303,
                    0.6870324309138265
                ]
            ]
        },
        {
            "Type": "R",
            "Centroid": {
                "x": 94351.57400000001,
                "y": 433957.6655
            },
            "Distances": [
                0.0
            ],
            "UnitPairs": [
                [
                    0.0,
                    0.0
                ]
            ]
        }
    ]
}