{
    "Pand ID": "0599100000282661",
    "Archetype ID": "TI.1946",
    "Construction Year": 1921,
    "Number of Floors": 3,
    "Wall Area": 64.41,
    "Roof Area (Flat)": 0.0,
    "Roof Area (Sloped)": 66.46,
    "Floor Area": 47.74,
    "Shared Wall Area": 114.01,
    "Absolute Height (70%)": 6.668702125549316,
    "Surfaces": [
        {
            "Type": "G",
            "Centroid": {
                "x": 94139.69437499999,
                "y": 433628.326125
            },
            "Distances": [
                3.045564320658856,
                5.535911987326029,
                5.544281245678673,
                3.0365002932949627,
                3.5763410115665604,
                4.473060001958737,
                4.481950611189924,
                3.5462932099901128
            ],
            "UnitPairs": [
                [
                    -0.8045717450059476,
                    -0.5938554598032121
                ],
                [
                    -0.13970146233807176,
                    -0.9901936686429601
                ],
                [
                    0.8377325741945236,
                    -0.5460807029491309
                ],
                [
                    0.9730362965953704,
                    0.23065204423105903
                ],
                [
                    0.5306051614934123,
                    0.8476191141052388
                ],
                [
                    0.2990402541916216,
                    0.9542404971352927
                ],
                [
                    -0.9150870582461609,
                    0.4032563400994305
                ],
                [
                    -0.9895896340742687,
                    0.14391787982302676
                ]
            ]
        },
        {
            "Type": "F",
            "Centroid": {
                "x": 94140.04442857143,
                "y": 433628.5845
            },
            "Distances": [
                5.848905175760071,
                5.407507721193079,
                2.641809290323701,
                3.1756111736813923,
                4.12981807427165,
                4.713238517900904,
                3.867646945887054
            ],
            "UnitPairs": [
                [
                    -0.1920750187746737,
                    -0.9813802459611202
                ],
                [
                    0.794186832453046,
                    -0.6076736584369916
                ],
                [
                    0.9859044095640431,
                    0.16730957893132006
                ],
                [
                    0.4873302630317426,
                    0.8732177361537113
                ],
                [
                    0.23913194499086832,
                    0.9709870817291465
                ],
                [
                    -0.9444522178397966,
                    0.3286487611683471
                ],
                [
                    -0.997875097037872,
                    0.06515589544820524
                ]
            ]
        },
        {
            "Type": "R",
            "Centroid": {
                "x": 94137.24399999999,
                "y": 433626.5175
            },
            "Distances": [
                0.0
            ],
            "UnitPairs": [
                [
                    0.0,
                    0.0
                ]
            ]
        }
    ]
}