{
    "Pand ID": "0599100000117898",
    "Archetype ID": "TI.1946",
    "Construction Year": 1933,
    "Number of Floors": 4,
    "Wall Area": 82.38,
    "Roof Area (Flat)": 0.0,
    "Roof Area (Sloped)": 83.77,
    "Floor Area": 60.0,
    "Shared Wall Area": 200.78,
    "Absolute Height (70%)": 5.525319576263428,
    "Surfaces": [
        {
            "Type": "G",
            "Centroid": {
                "x": 92473.27368750001,
                "y": 441697.69362499996
            },
            "Distances": [
                7.119169818610631,
                7.148508596610677,
                3.2314040533755732,
                5.374826128011043,
                4.512593506671178,
                3.5443857586908507,
                4.454127569614807,
                3.1544006810023784
            ],
            "UnitPairs": [
                [
                    -0.8870943046612265,
                    -0.4615882306099398
                ],
                [
                    -0.2714377375059153,
                    -0.9624560014139191
                ],
                [
                    0.40528048438459996,
                    -0.9141923916643498
                ],
                [
                    0.9519610268562343,
                    0.3062192079978393
                ],
                [
                    0.6485461178070251,
                    0.7611753628944097
                ],
                [
                    0.5348246858689191,
                    0.8449630497159104
                ],
                [
                    0.02371395932102636,
                    0.9997187845255888
                ],
                [
                    -0.9822388825432354,
                    0.18763469194212468
                ]
            ]
        },
        {
            "Type": "F",
            "Centroid": {
                "x": 92473.0865982143,
                "y": 441698.11564285716
            },
            "Distances": [
                7.162835279783043,
                7.5096804926984335,
                5.443088418398403,
                4.332727179979764,
                3.31018015722629,
                4.041471385382052,
                2.9162366089197125
            ],
            "UnitPairs": [
                [
                    -0.8555670310597734,
                    -0.5176920468421018
                ],
                [
                    -0.23347008118373033,
                    -0.9723639859600223
                ],
                [
                    0.9743942919940856,
                    0.22484608897942773
                ],
                [
                    0.7186499764147932,
                    0.6953719949775207
                ],
                [
                    0.6291845720707506,
                    0.777255925849489
                ],
                [
                    0.07242765265310545,
                    0.9973736687576834
                ],
                [
                    -0.9983023000895809,
                    0.05824532286675341
                ]
            ]
        },
        {
            "Type": "R",
            "Centroid": {
                "x": 92474.5833125,
                "y": 441694.73949999997
            },
            "Distances": [
                0.0
            ],
            "UnitPairs": [
                [
                    0.0,
                    0.0
                ]
            ]
        }
    ]
}