{
    "Pand ID": "0599100000268192",
    "Archetype ID": "TI.1946",
    "Construction Year": 1929,
    "Number of Floors": 4,
    "Wall Area": 136.77,
    "Roof Area (Flat)": 29.84,
    "Roof Area (Sloped)": 90.04,
    "Floor Area": 83.34,
    "Shared Wall Area": 208.01,
    "Absolute Height (70%)": 8.206287384033203,
    "Surfaces": [
        {
            "Type": "G",
            "Centroid": {
                "x": 92343.8729375,
                "y": 440317.6424375
            },
            "Distances": [
                9.337460617798056,
                6.439488822027291,
                3.3050511212579616,
                6.359684006611218,
                5.959943375495978,
                6.400073215530721,
                6.176900348411154,
                5.9781424091504975,
                5.459314749956493,
                5.948535705463569,
                2.456626887429257,
                3.4353395995459843,
                4.7525328419869695,
                5.85541901053702,
                6.141423168879191,
                9.104101207084545
            ],
            "UnitPairs": [
                [
                    -0.9977217448431044,
                    -0.06746347061359417
                ],
                [
                    -0.9702924677221323,
                    -0.24193496457042923
                ],
                [
                    -0.2381771025976252,
                    -0.971221739768113
                ],
                [
                    0.6677709923302192,
                    -0.7443667790829426
                ],
                [
                    0.7528280416981729,
                    -0.6582172434940412
                ],
                [
                    0.8449610368340594,
                    -0.5348278659833565
                ],
                [
                    0.9331237635217943,
                    -0.35955533920513894
                ],
                [
                    0.956453043215294,
                    -0.2918862383261721
                ],
                [
                    0.9812243377329855,
                    -0.192869901852166
                ],
                [
                    0.9924816446147283,
                    0.12239356642750464
                ],
                [
                    0.3447053780695882,
                    0.9387109258605135
                ],
                [
                    -0.45561361683027257,
                    0.8901776407879708
                ],
                [
                    -0.6638959908126221,
                    0.7478249216112864
                ],
                [
                    -0.7419089039027683,
                    0.670500692251539
                ],
                [
                    -0.7566955365570334,
                    0.6537674395032711
                ],
                [
                    -0.8421685266440115,
                    0.539214403303783
                ]
            ]
        },
        {
            "Type": "F",
            "Centroid": {
                "x": 92343.51545,
                "y": 440317.34460000007
            },
            "Distances": [
                8.964853378616391,
                5.238855075301153,
                6.023968666935786,
                4.311550405607568,
                2.909214344132269,
                2.943631855453146,
                6.393634467215592,
                6.050503491481314,
                6.557814735137254,
                6.416278306017132,
                6.418025654361208,
                6.245267688426285,
                5.763974366703485,
                6.344789082378967,
                2.8689081023318135,
                3.5665955896020587,
                4.76069941286734,
                5.8081931871650285,
                6.082978916594591,
                8.974604264214742
            ],
            "UnitPairs": [
                [
                    -0.9993136107916494,
                    -0.03704466610128659
                ],
                [
                    -0.9961527709749884,
                    -0.08763365152070438
                ],
                [
                    -0.9778769322517056,
                    -0.20918103491950035
                ],
                [
                    -0.9541115406308259,
                    -0.29945144520451344
                ],
                [
                    -0.88776545640516,
                    -0.4602960942846872
                ],
                [
                    -0.1459761346215358,
                    -0.9892881117859221
                ],
                [
                    0.7201381348278642,
                    -0.6938307190998716
                ],
                [
                    0.8006441128110173,
                    -0.599140221167849
                ],
                [
                    0.8791495693082352,
                    -0.47654594194594146
                ],
                [
                    0.95402657242258,
                    -0.2997220364131134
                ],
                [
                    0.965296858198482,
                    -0.2611550795066788
                ],
                [
                    0.9727845631429888,
                    -0.23171144492817883
                ],
                [
                    0.9913819244238709,
                    -0.13100335845169078
                ],
                [
                    0.9868413147708036,
                    0.16169174209412113
                ],
                [
                    0.41977642958265604,
                    0.9076275387882617
                ],
                [
                    -0.33861422458994594,
                    0.9409252929459117
                ],
                [
                    -0.5876657518952754,
                    0.8091038030125433
                ],
                [
                    -0.6863924582981151,
                    0.7272313202767537
                ],
                [
                    -0.7051972493782597,
                    0.7090111702006793
                ],
                [
                    -0.8144871667650693,
                    0.5801815708681293
                ]
            ]
        },
        {
            "Type": "R",
            "Centroid": {
                "x": 92343.08575,
                "y": 440314.4325
            },
            "Distances": [
                0.0
            ],
            "UnitPairs": [
                [
                    0.0,
                    0.0
                ]
            ]
        }
    ]
}