{
    "Pand ID": "0599100000700356",
    "Archetype ID": "TI.1946",
    "Construction Year": 1938,
    "Number of Floors": 3,
    "Wall Area": 400.85,
    "Roof Area (Flat)": 0.0,
    "Roof Area (Sloped)": 234.48,
    "Floor Area": 154.81,
    "Shared Wall Area": 38.18,
    "Absolute Height (70%)": 6.892213344573975,
    "Surfaces": [
        {
            "Type": "G",
            "Centroid": {
                "x": 88776.10606944445,
                "y": 439454.79825
            },
            "Distances": [
                2.7564453073352877,
                2.8376495377247672,
                2.9264057892608464,
                2.6396738348795674,
                2.78008299417345,
                3.254209420839371,
                3.0646444435711997,
                5.109775224351584,
                5.765669052353417,
                5.638254744664552,
                7.0671119520971475,
                8.15163219231756,
                8.131988830779283,
                12.931179354968949,
                12.946066217598,
                12.86018325682561,
                12.889175297248599,
                12.401945539978946,
                8.392319419105563,
                6.87261806891365,
                7.168612736497272,
                4.672131485860417,
                5.088116313635398,
                4.218745213536522,
                7.365447923966598,
                12.891191995539142,
                12.85191361707544,
                12.979419063708312,
                12.778221548931922,
                12.866286877334186,
                12.516856295011442,
                12.777428204059369,
                12.789587911826628,
                10.920890646358641,
                6.969152001595647,
                7.052522827486828
            ],
            "UnitPairs": [
                [
                    -0.9740604819211898,
                    -0.22628782017479301
                ],
                [
                    -0.9662731101923203,
                    -0.2575194682334907
                ],
                [
                    -0.9632787273686139,
                    -0.2685034327510611
                ],
                [
                    -0.7913646060528204,
                    -0.6113444694170908
                ],
                [
                    -0.4891740452680614,
                    -0.8721861919544937
                ],
                [
                    -0.3847153893755717,
                    -0.9230352480688927
                ],
                [
                    -0.2965905054209837,
                    -0.9550047497756885
                ],
                [
                    0.0031421256011425237,
                    -0.9999950635111688
                ],
                [
                    0.05863249390123226,
                    -0.9982796355024588
                ],
                [
                    0.10216912531157069,
                    -0.9947670429970369
                ],
                [
                    0.15763943787759907,
                    -0.9874967380329085
                ],
                [
                    0.21346099952723568,
                    -0.9769515861499143
                ],
                [
                    0.2200022150520001,
                    -0.9754993723074422
                ],
                [
                    0.3406538131315885,
                    -0.9401887999752543
                ],
                [
                    0.6892484099475441,
                    -0.7245251061107422
                ],
                [
                    0.6916740903227981,
                    -0.7222097706180176
                ],
                [
                    0.6988077474188981,
                    -0.7153095358984988
                ],
                [
                    0.7453714036843775,
                    -0.666649436037848
                ],
                [
                    0.8296938197677352,
                    -0.5582187433607231
                ],
                [
                    0.8807495913274205,
                    -0.47358226041162244
                ],
                [
                    0.9114811743551002,
                    -0.4113417907242678
                ],
                [
                    0.9796504163895816,
                    -0.2007113889835835
                ],
                [
                    0.9933058216465815,
                    -0.11551426181649399
                ],
                [
                    0.9965180030470501,
                    -0.08337787238302215
                ],
                [
                    -0.09340157605498338,
                    0.995628517867204
                ],
                [
                    -0.29880436547579287,
                    0.9543143880150864
                ],
                [
                    -0.3077319504534544,
                    0.9514730929827246
                ],
                [
                    -0.31017909389409304,
                    0.9506781420181277
                ],
                [
                    -0.3557572097990632,
                    0.9345784117322555
                ],
                [
                    -0.3564310735624303,
                    0.9343216201068738
                ],
                [
                    -0.5159398088661652,
                    0.8566248383202211
                ],
                [
                    -0.6970060251728483,
                    0.7170652696043414
                ],
                [
                    -0.7079934480198992,
                    0.7062190011327183
                ],
                [
                    -0.7347335216766873,
                    0.6783558447633313
                ],
                [
                    -0.8102771245567654,
                    0.5860469105967715
                ],
                [
                    -0.8273556267985706,
                    0.561678437190484
                ]
            ]
        },
        {
            "Type": "F",
            "Centroid": {
                "x": 88776.00396173468,
                "y": 439455.0975
            },