{
    "Pand ID": "0599100000664445",
    "Archetype ID": "TI.1946",
    "Construction Year": 1926,
    "Number of Floors": 5,
    "Wall Area": 133.82,
    "Roof Area (Flat)": 49.86,
    "Roof Area (Sloped)": 20.1,
    "Floor Area": 59.26,
    "Shared Wall Area": 273.91,
    "Absolute Height (70%)": 11.05575942993164,
    "Surfaces": [
        {
            "Type": "G",
            "Centroid": {
                "x": 93223.750425,
                "y": 440165.33535
            },
            "Distances": [
                8.518778233974828,
                8.831166548081463,
                2.9123209987711136,
                3.680591718721285,
                3.474484019237785,
                3.5630016839728524,
                3.6666304149659896,
                3.591409806741196,
                3.6405778113134883,
                2.8209072654242298
            ],
            "UnitPairs": [
                [
                    -0.8252122319568602,
                    -0.5648227794882011
                ],
                [
                    -0.3160171405224808,
                    -0.9487534805712148
                ],
                [
                    0.9384954478373608,
                    -0.34529160775864737
                ],
                [
                    0.9977200082551216,
                    0.06748914821954737
                ],
                [
                    0.9927229427133367,
                    0.12042075822121863
                ],
                [
                    0.9891098328278783,
                    0.14717927368759
                ],
                [
                    -0.15485607649104188,
                    0.9879370402883985
                ],
                [
                    -0.17591977357107252,
                    0.9844045069313236
                ],
                [
                    -0.18837669061086082,
                    0.9820968498241404
                ],
                [
                    -0.5930007060153077,
                    0.8052019390596041
                ]
            ]
        },
        {
            "Type": "F",
            "Centroid": {
                "x": 93223.159125,
                "y": 440163.8768214286
            },
            "Distances": [
                7.259295437917508,
                7.710734185776419,
                7.455636293488608,
                7.308437900173877,
                7.26121125065977,
                3.3552115493280485,
                4.592497947514786,
                4.705357733262292,
                4.455165666075909,
                4.56829792913115,
                5.080982916496353,
                5.120013557285667,
                4.994092793121515,
                5.034815499340251
            ],
            "UnitPairs": [
                [
                    -0.8869318042042479,
                    -0.46190039477250666
                ],
                [
                    -0.8739115935855893,
                    -0.4860848964910304
                ],
                [
                    -0.3137894483996046,
                    -0.9494925919000484
                ],
                [
                    -0.3050583490554442,
                    -0.9523336619439464
                ],
                [
                    -0.3029108951764202,
                    -0.9530188820707697
                ],
                [
                    0.9908466131304577,
                    0.13499255256457962
                ],
                [
                    0.9283618738019377,
                    0.37167759048798626
                ],
                [
                    0.9228841346751585,
                    0.38507775054511223
                ],
                [
                    0.9069247482208888,
                    0.42129265489025247
                ],
                [
                    0.9008825746140895,
                    0.43406288341286414
                ],
                [
                    0.004625089354147507,
                    0.9999893042170332
                ],
                [
                    -0.005761703494361475,
                    0.9999834012486624
                ],
                [
                    -0.008109580995085953,
                    0.9999671168073898
                ],
                [
                    -0.018769307439150906,
                    0.9998238410331366
                ]
            ]
        },
        {
            "Type": "R",
            "Centroid": {
                "x": 93222.077625,
                "y": 440167.60675000004
            },
            "Distances": [
                0.0
            ],
            "UnitPairs": [
                [
                    0.0,
                    0.0
                ]
            ]
        }
    ]
}