{
    "Pand ID": "0599100000244154",
    "Archetype ID": "TI.1946",
    "Construction Year": 1912,
    "Number of Floors": 3,
    "Wall Area": 121.93,
    "Roof Area (Flat)": 67.27,
    "Roof Area (Sloped)": 0.0,
    "Floor Area": 67.27,
    "Shared Wall Area": 293.17,
    "Absolute Height (70%)": 9.316923141479492,
    "Surfaces": [
        {
            "Type": "G",
            "Centroid": {
                "x": 92359.066625,
                "y": 439333.36925
            },
            "Distances": [
                6.988490399369072,
                7.003930079755263,
                7.066632724467083,
                6.998002290863567
            ],
            "UnitPairs": [
                [
                    0.22222252750401406,
                    -0.974995973463341
                ],
                [
                    0.8213959783273563,
                    -0.5703583494502779
                ],
                [
                    -0.21184064014249732,
                    0.9773042224323073
                ],
                [
                    -0.830094040922576,
                    0.5576234242074385
                ]
            ]
        },
        {
            "Type": "F",
            "Centroid": {
                "x": 92359.066625,
                "y": 439333.36925
            },
            "Distances": [
                6.988490399369072,
                7.003930079755263,
                7.066632724467083,
                6.998002290863567
            ],
            "UnitPairs": [
                [
                    0.22222252750401406,
                    -0.974995973463341
                ],
                [
                    0.8213959783273563,
                    -0.5703583494502779
                ],
                [
                    -0.21184064014249732,
                    0.9773042224323073
                ],
                [
                    -0.830094040922576,
                    0.5576234242074385
                ]
            ]
        },
        {
            "Type": "R",
            "Centroid": {
                "x": 92357.569625,
                "y": 439340.2755
            },
            "Distances": [
                0.0
            ],
            "UnitPairs": [
                [
                    0.0,
                    0.0
                ]
            ]
        }
    ]
}