{
    "Pand ID": "0599100000305390",
    "Archetype ID": "TI.1946",
    "Construction Year": 1941,
    "Number of Floors": 2,
    "Wall Area": 45.55,
    "Roof Area (Flat)": 0.0,
    "Roof Area (Sloped)": 67.43,
    "Floor Area": 64.46,
    "Shared Wall Area": 48.74,
    "Absolute Height (70%)": -1.2472009658813477,
    "Surfaces": [
        {
            "Type": "G",
            "Centroid": {
                "x": 89146.01656250001,
                "y": 440002.231125
            },
            "Distances": [
                5.61326175370403,
                6.451016548996566,
                4.2645761237606745,
                6.524155195544743,
                5.888606096998849,
                3.175702641273434,
                3.2312586194411823,
                2.809091848919769
            ],
            "UnitPairs": [
                [
                    -0.978040975264078,
                    -0.2084126932422572
                ],
                [
                    -0.3759097471824206,
                    -0.9266562803829954
                ],
                [
                    0.8652677060748035,
                    -0.5013100805130967
                ],
                [
                    0.9984434466617069,
                    -0.05577350462622244
                ],
                [
                    0.5424034053859411,
                    0.8401181737266099
                ],
                [
                    0.10800759351194801,
                    0.9941500690256767
                ],
                [
                    -0.9491657466094194,
                    0.31477672319182587
                ],
                [
                    -0.9821679561906954,
                    0.18800560053411247
                ]
            ]
        },
        {
            "Type": "F",
            "Centroid": {
                "x": 89146.01656250001,
                "y": 440002.231125
            },
            "Distances": [
                5.61326175370403,
                6.451016548996566,
                4.2645761237606745,
                6.524155195544743,
                5.888606096998849,
                3.175702641273434,
                3.2312586194411823,
                2.809091848919769
            ],
            "UnitPairs": [
                [
                    -0.978040975264078,
                    -0.2084126932422572
                ],
                [
                    -0.3759097471824206,
                    -0.9266562803829954
                ],
                [
                    0.8652677060748035,
                    -0.5013100805130967
                ],
                [
                    0.9984434466617069,
                    -0.05577350462622244
                ],
                [
                    0.5424034053859411,
                    0.8401181737266099
                ],
                [
                    0.10800759351194801,
                    0.9941500690256767
                ],
                [
                    -0.9491657466094194,
                    0.31477672319182587
                ],
                [
                    -0.9821679561906954,
                    0.18800560053411247
                ]
            ]
        },
        {
            "Type": "R",
            "Centroid": {
                "x": 89145.34439583334,
                "y": 440002.06125
            },
            "Distances": [
                4.92052009728527,
                6.06673624732952,
                7.188784832022312,
                6.413340291460746,
                2.6728628274597503,
                2.2004720768693056
            ],
            "UnitPairs": [
                [
                    -0.979130912602612,
                    -0.2032305488502559
                ],
                [
                    -0.2889252576463433,
                    -0.9573516571740992
                ],
                [
                    0.9996357986200596,
                    -0.026986480267642124
                ],
                [
                    0.6028319862906925,
                    0.7978681572194859
                ],
                [
                    -0.8959806349715326,
                    0.4440931228425062
                ],
                [
                    -0.948357107218406,
                    0.3172046613597229
                ]
            ]
        }
    ]
}