{
    "Pand ID": "0599100000042312",
    "Archetype ID": "TI.1946",
    "Construction Year": 1922,
    "Number of Floors": 3,
    "Wall Area": 108.68,
    "Roof Area (Flat)": 0.0,
    "Roof Area (Sloped)": 61.17,
    "Floor Area": 54.04,
    "Shared Wall Area": 114.65,
    "Absolute Height (70%)": 3.425107717514038,
    "Surfaces": [
        {
            "Type": "G",
            "Centroid": {
                "x": 94208.18206944445,
                "y": 441467.476
            },
            "Distances": [
                4.62834310439485,
                5.615246061965408,
                5.512094812802981,
                5.549708561200546,
                5.950760913336257,
                5.1341304037867115,
                3.7480526651838795,
                3.6371669229507777,
                4.203304031459934,
                5.759347349477219,
                4.59139810497647,
                4.394139835252976,
                4.404901853195351,
                2.3070051540721086,
                2.1932805471878476,
                3.6889768233262616,
                3.2055072752977365,
                3.247568047824824
            ],
            "UnitPairs": [
                [
                    -0.9841414825367206,
                    -0.17738529350097076
                ],
                [
                    -0.9499039553354499,
                    -0.3125419582041226
                ],
                [
                    -0.9401043741854275,
                    -0.34088673432303823
                ],
                [
                    -0.9387780253670736,
                    -0.34452259590322715
                ],
                [
                    -0.06283976955163023,
                    -0.9980236286595112
                ],
                [
                    0.05961195596647383,
                    -0.9982216260459654
                ],
                [
                    0.5013418229192464,
                    -0.8652493147018419
                ],
                [
                    0.9037406380265048,
                    -0.4280804354084008
                ],
                [
                    0.9930415511982617,
                    -0.11776450056681123
                ],
                [
                    0.9765091796497515,
                    0.2154758038847272
                ],
                [
                    0.6264008238431418,
                    0.7795011275736766
                ],
                [
                    0.6244807080413121,
                    0.7810402328204492
                ],
                [
                    0.6116039914928213,
                    0.7911640522610017
                ],
                [
                    0.5765290784954981,
                    0.8170766314423219
                ],
                [
                    0.5726834887421177,
                    0.8197765681709599
                ],
                [
                    -0.23907562629866264,
                    0.9710009500046343
                ],
                [
                    -0.4719828453067381,
                    0.8816077323482114
                ],
                [
                    -0.9610097151096616,
                    0.27651460624141927
                ]
            ]
        },
        {
            "Type": "F",
            "Centroid": {
                "x": 94208.088025,
                "y": 441467.79065000004
            },
            "Distances": [
                4.603186910453908,
                5.633826686417119,
                5.670729082986948,
                5.540652193796179,
                5.579462611458206,
                6.2599107288245825,
                5.454344335725445,
                3.8645712482315777,
                4.344215778771374,
                5.792649819591655,
                2.783987236397758,
                4.215765960320153,
                2.0057659964398464,
                4.413329234506341,
                2.1199197938822163,
                4.2219214502718385,
                4.411374800716435,
                3.3610061636901247,
                2.8844680675026133,
                3.0825996873498656
            ],
            "UnitPairs": [
                [
                    -0.9690894779603068,
                    -0.24670951280123
                ],
                [
                    -0.9300783094079965,
                    -0.3673613185526793
                ],
                [
                    -0.9287870964959083,
                    -0.37061371990618536
                ],
                [
                    -0.9182853971046052,
                    -0.3959190945943848
                ],
                [
                    -0.9169162617019989,
                    -0.39907965248360067
                ],
                [
                    -0.04471309769958885,
                    -0.9989998693163614
                ],
                [
                    0.07335437137298272,
                    -0.99730593911822
                ],
                [
                    0.874896536464655,
                    -0.4843098703125411
                ],
                [
                    0.9824788218066461,
                    -0.18637425976090344
                ],
                [
                    0.9871302733782931,
                    0.15991817714098766
                ],
                [
                    0.9472385381352628,
                    0.32052948674243725
                ],
                [
                    0.6732109957494042,
                    0.7394504413428228
                ],
                [
                    0.673109426718965,
                    0.7395428991357202
                ],
                [
                    0.6729840087091501,
                    0.739657031347477
                ],
                [
                    0.6717706981714904,
                    0.7407591572692087
                ],
                [
                    0.660386516620565,
                    0.7509258609648201
                ],
                [
                    0.6596809682825118,
                    0.751545753820649
                ],
                [
                    -0.23442384858070675,
                    0.9721344861780236
                ],
                [
                    -0.49191045516850007,
                    0.8706457971505515
                ],
                [
                    -0.9819309371952094,
                    0.18923962211687573
                ]
            ]
        },
        {
            "Type": "R",
            "Centroid": {
                "x": 94210.06112500001,
                "y": 441464.233
            },
            "Distances": [
                0.0
            ],
            "UnitPairs": [
                [
                    0.0,
                    0.0
                ]
            ]
        }
    ]
}