{
    "Pand ID": "0599100000259405",
    "Archetype ID": "TI.1946",
    "Construction Year": 1916,
    "Number of Floors": 2,
    "Wall Area": 64.3,
    "Roof Area (Flat)": 0.0,
    "Roof Area (Sloped)": 75.35,
    "Floor Area": 60.51,
    "Shared Wall Area": 117.44,
    "Absolute Height (70%)": 5.375391483306885,
    "Surfaces": [
        {
            "Type": "G",
            "Centroid": {
                "x": 85914.27141666667,
                "y": 433863.67575
            },
            "Distances": [
                3.7318023693322013,
                7.069679478151172,
                6.781903475931452,
                7.1318870053395935,
                3.8832874719963706,
                3.2395187796400906,
                6.326013799380135,
                5.713841783205173,
                4.669878452059477,
                5.267185942859349,
                2.9718902666451763,
                2.6931768892753984
            ],
            "UnitPairs": [
                [
                    -0.6209242712590362,
                    -0.7838705565088122
                ],
                [
                    -0.3056951412509289,
                    -0.9521294453043528
                ],
                [
                    0.26022684333355944,
                    -0.9655475078983173
                ],
                [
                    0.4136118997852446,
                    -0.9104532916937809
                ],
                [
                    0.7184205015588202,
                    -0.6956090733594359
                ],
                [
                    0.8006847651676879,
                    0.5990858926968358
                ],
                [
                    0.38410180729707305,
                    0.9232907459901903
                ],
                [
                    -0.0422074456748657,
                    0.9991088687073113
                ],
                [
                    -0.051214751972999004,
                    0.9986876634765967
                ],
                [
                    -0.4919451666934294,
                    0.870626184402338
                ],
                [
                    -0.8405985559795954,
                    0.5416586265213718
                ],
                [
                    -0.9209074519156809,
                    0.3897813040746923
                ]
            ]
        },
        {
            "Type": "F",
            "Centroid": {
                "x": 85913.91871666668,
                "y": 433863.0609666667
            },
            "Distances": [
                3.0327191598339107,
                2.9568742565547828,
                2.5110674428333284,
                3.0919146876571055,
                6.378222022571333,
                6.2999979446193395,
                6.742632777255243,
                3.7721159714534913,
                3.900360150312284,
                7.02968010426731,
                5.27975415799406,
                6.324516859174166,
                5.661826557614696,
                3.0905623709820675,
                2.7012563068996247
            ],
            "UnitPairs": [
                [
                    -0.6477575281910978,
                    -0.7618465624203861
                ],
                [
                    -0.626156713485506,
                    -0.7796972297995101
                ],
                [
                    -0.4262994487570264,
                    -0.9045821024038975
                ],
                [
                    -0.42383661874894973,
                    -0.9057386602146656
                ],
                [
                    -0.28353774144014526,
                    -0.9589610780313356
                ],
                [
                    0.3361165117730887,
                    -0.9418204130902511
                ],
                [
                    0.489798783712663,
                    -0.8718355071190872
                ],
                [
                    0.8330956304364001,
                    -0.5531289818367656
                ],
                [
                    0.7554516044076264,
                    0.6552044516011343
                ],
                [
                    0.3958264518505705,
                    0.9183253345167974
                ],
                [
                    0.02150352647582381,
                    0.9997687724414599
                ],
                [
                    0.017635075660735654,
                    0.9998444899615341
                ],
                [
                    -0.39536122201873714,
                    0.91852572316939
                ],
                [
                    -0.6941994398260453,
                    0.7197827017546372
                ],
                [
                    -0.7875841552829427,
                    0.616207106699731
                ]
            ]
        },
        {
            "Type": "R",
            "Centroid": {
                "x": 85911.95425000001,
                "y": 433860.75049999997
            },
            "Distances": [
                0.0
            ],
            "UnitPairs": [
                [
                    0.0,
                    0.0
                ]
            ]
        }
    ]
}