{
    "Pand ID": "0599100000661006",
    "Archetype ID": "TI.1946",
    "Construction Year": 1927,
    "Number of Floors": 3,
    "Wall Area": 118.33,
    "Roof Area (Flat)": 0.0,
    "Roof Area (Sloped)": 101.07,
    "Floor Area": 61.42,
    "Shared Wall Area": 182.63,
    "Absolute Height (70%)": 8.280303001403809,
    "Surfaces": [
        {
            "Type": "G",
            "Centroid": {
                "x": 88832.4515625,
                "y": 439897.0906346154
            },
            "Distances": [
                5.170749104508151,
                4.999166506867849,
                4.838913489972493,
                5.171709856541268,
                4.793030396176861,
                5.467108882436464,
                3.0009255869646703,
                5.437851038517808,
                6.717617331282981,
                7.609541211889557,
                7.1094698218678145,
                7.527726426228043,
                3.8723935544230716
            ],
            "UnitPairs": [
                [
                    -0.9950202371100104,
                    -0.0996731044040397
                ],
                [
                    -0.9883647590489795,
                    -0.15210227831973017
                ],
                [
                    -0.9853451626881735,
                    -0.17057230246149888
                ],
                [
                    -0.9764662249208709,
                    -0.2156703771703091
                ],
                [
                    -0.8220269170721412,
                    -0.5694486347414234
                ],
                [
                    -0.44996360103771754,
                    -0.8930468956002086
                ],
                [
                    0.12762728994857242,
                    -0.9918221992173714
                ],
                [
                    0.9972689508378609,
                    0.07385553259405891
                ],
                [
                    0.9839798360080381,
                    0.17827978665455757
                ],
                [
                    0.9723319440638211,
                    0.23360349002759023
                ],
                [
                    0.8263626046951147,
                    0.5631383893515923
                ],
                [
                    0.5936719464759597,
                    0.8047071641084383
                ],
                [
                    -0.9955083195527151,
                    0.09467410259056704
                ]
            ]
        },
        {
            "Type": "F",
            "Centroid": {
                "x": 88832.49756250001,
                "y": 439897.2730147059
            },
            "Distances": [
                5.237686186172013,
                5.472747658885406,
                5.07532996866323,
                4.918351929521566,
                5.258650894662492,
                3.267835386661956,
                0.7409653854549522,
                5.650829808630997,
                1.1426682381295465,
                3.1766906470559513,
                5.381467561372206,
                6.6420477792930415,
                7.524053737401579,
                6.724729419158082,
                6.969869451638666,
                7.354000187727315,
                3.905348082270817
            ],
            "UnitPairs": [
                [
                    -0.991086486569375,
                    -0.13322002904808236
                ],
                [
                    -0.9879863529296585,
                    -0.15454114799868726
                ],
                [
                    -0.9825962116354321,
                    -0.18575436705417545
                ],
                [
                    -0.978783151144152,
                    -0.20489886050518658
                ],
                [
                    -0.9690698435938054,
                    -0.2467866249152849
                ],
                [
                    -0.843983761011562,
                    -0.5363687268556757
                ],
                [
                    -0.6963888059176152,
                    -0.7176647065257132
                ],
                [
                    -0.44347469042172705,
                    -0.8962868954499744
                ],
                [
                    -0.29229831446902865,
                    -0.956327190536045
                ],
                [
                    0.10608524324263506,
                    -0.994357039079098
                ],
                [
                    0.9991698247126597,
                    0.04073894185755295
                ],
                [
                    0.9882494402497565,
                    0.1528497427084614
                ],
                [
                    0.9772657475101434,
                    0.21201806230470271
                ],
                [
                    0.8367622917231986,
                    0.5475663130161866
                ],
                [
                    0.8363140860016345,
                    0.548250626589018
                ],
                [
                    0.601441377085702,
                    0.7989169355629246
                ],
                [
                    -0.9988866338757401,
                    0.047175127603359464
                ]
            ]
        },
        {
            "Type": "R",
            "Centroid": {
                "x": 88828.5115625,
                "y": 439894.36125
            },
            "Distances": [
                0.0
            ],
            "UnitPairs": [
                [
                    0.0,
                    0.0
                ]
            ]
        }
    ]
}