{
    "Pand ID": "0599100000285201",
    "Archetype ID": "TI.1946",
    "Construction Year": 1941,
    "Number of Floors": 3,
    "Wall Area": 56.78,
    "Roof Area (Flat)": 0.0,
    "Roof Area (Sloped)": 50.74,
    "Floor Area": 44.54,
    "Shared Wall Area": 117.54,
    "Absolute Height (70%)": 5.919357776641846,
    "Surfaces": [
        {
            "Type": "G",
            "Centroid": {
                "x": 95200.60043749999,
                "y": 433807.66025
            },
            "Distances": [
                5.359562168727085,
                5.354685204612443,
                2.685857663874063,
                2.944756083378092,
                4.863187909253265,
                4.859203164193725,
                2.9469393683152734,
                2.6918670362009736
            ],
            "UnitPairs": [
                [
                    -0.9285506620361974,
                    -0.37120569504270745
                ],
                [
                    -0.2174964457270331,
                    -0.9760611128900217
                ],
                [
                    0.4722420763616174,
                    -0.8814688997994587
                ],
                [
                    0.9890038147604191,
                    -0.147890007740005
                ],
                [
                    0.9473981030509521,
                    0.3200575484744228
                ],
                [
                    0.16389003980604205,
                    0.9864786134794683
                ],
                [
                    -0.3028990041635751,
                    0.9530226614707095
                ],
                [
                    -0.947530084394002,
                    0.31966660627643806
                ]
            ]
        },
        {
            "Type": "F",
            "Centroid": {
                "x": 95200.96481250001,
                "y": 433807.53732142865
            },
            "Distances": [
                5.657770753418528,
                5.327690149316117,
                2.419776208285557,
                2.567100484569784,
                4.56328054432636,
                4.935371708148305,
                3.1895646205943
            ],
            "UnitPairs": [
                [
                    -0.9440113841282403,
                    -0.329912877342313
                ],
                [
                    -0.28699116449289275,
                    -0.9579332291464856
                ],
                [
                    0.37358826691702124,
                    -0.92759463496828
                ],
                [
                    0.9925595103487701,
                    -0.12176049612337272
                ],
                [
                    0.9298135319037282,
                    0.36803097137158797
                ],
                [
                    0.08753140098301289,
                    0.996161760881209
                ],
                [
                    -0.39409767461558054,
                    0.9190685626560142
                ]
            ]
        },
        {
            "Type": "R",
            "Centroid": {
                "x": 95198.0498125,
                "y": 433808.52075
            },
            "Distances": [
                0.0
            ],
            "UnitPairs": [
                [
                    0.0,
                    0.0
                ]
            ]
        }
    ]
}