{
    "Pand ID": "0599100000150319",
    "Archetype ID": "TI.1946",
    "Construction Year": 1940,
    "Number of Floors": 3,
    "Wall Area": 60.83,
    "Roof Area (Flat)": 8.88,
    "Roof Area (Sloped)": 36.39,
    "Floor Area": 39.94,
    "Shared Wall Area": 110.17,
    "Absolute Height (70%)": 5.966881275177002,
    "Surfaces": [
        {
            "Type": "G",
            "Centroid": {
                "x": 95328.19621250001,
                "y": 433777.98145
            },
            "Distances": [
                5.010424418152628,
                3.4763910956820454,
                1.858368814301332,
                3.645377682763542,
                3.525163606129687,
                4.403721409207846,
                4.815630431214183,
                2.8739740169217245,
                3.808248028945989,
                5.4902818370323105
            ],
            "UnitPairs": [
                [
                    -0.6756713039586025,
                    -0.7372030174971353
                ],
                [
                    -0.5351526766697206,
                    -0.8447553566880968
                ],
                [
                    0.6433599137000815,
                    -0.7655638585015777
                ],
                [
                    0.991557066114637,
                    -0.12967106322589234
                ],
                [
                    0.9970033713849912,
                    -0.07735811170757387
                ],
                [
                    0.9999724303138148,
                    -0.007425537844693491
                ],
                [
                    0.4677684536154427,
                    0.8838510472937265
                ],
                [
                    -0.24648796260236353,
                    0.9691458529510075
                ],
                [
                    -0.9328173934573502,
                    0.3603494282823759
                ],
                [
                    -0.997107282012599,
                    0.07600702702676541
                ]
            ]
        },
        {
            "Type": "F",
            "Centroid": {
                "x": 95328.06336805556,
                "y": 433778.1395277778
            },
            "Distances": [
                5.041359904954128,
                3.544304965918225,
                3.8001605846551287,
                3.6727946402122327,
                4.540454201728539,
                4.741916340507259,
                2.689527988781937,
                3.628731982719527,
                5.34784179960115
            ],
            "UnitPairs": [
                [
                    -0.6451742420435629,
                    -0.7640354686816012
                ],
                [
                    -0.48741729963009817,
                    -0.8731691565906936
                ],
                [
                    0.9861279177475863,
                    -0.16598713757038397
                ],
                [
                    0.9930978455783805,
                    -0.11728882771849593
                ],
                [
                    0.9991168819003075,
                    -0.04201733334954568
                ],
                [
                    0.5030549409036955,
                    0.864254433851733
                ],
                [
                    -0.21399872317826651,
                    0.9768339400727595
                ],
                [
                    -0.9423555037498546,
                    0.3346133657706427
                ],
                [
                    -0.9988245269247095,
                    0.04847230563559186
                ]
            ]
        },
        {
            "Type": "R",
            "Centroid": {
                "x": 95329.3918125,
                "y": 433776.55875
            },
            "Distances": [
                0.0
            ],
            "UnitPairs": [
                [
                    0.0,
                    0.0
                ]
            ]
        }
    ]
}