{
    "Pand ID": "0599100000256099",
    "Archetype ID": "TI.1946",
    "Construction Year": 1926,
    "Number of Floors": 3,
    "Wall Area": 299.38,
    "Roof Area (Flat)": 33.51,
    "Roof Area (Sloped)": 109.71,
    "Floor Area": 95.13,
    "Shared Wall Area": 196.82,
    "Absolute Height (70%)": 8.706339836120605,
    "Surfaces": [
        {
            "Type": "G",
            "Centroid": {
                "x": 92347.56151,
                "y": 439989.9411
            },
            "Distances": [
                7.117948374187137,
                3.8301265484980798,
                3.2764582490430136,
                4.195307390144004,
                4.193740318354769,
                5.314910461877193,
                5.227226333138885,
                5.867097730357934,
                5.2690800048797986,
                6.737008859859585,
                7.262400227051383,
                5.325796118684478,
                7.557329114036574,
                4.373565910963524,
                2.993258521692423,
                2.8719546405933802,
                4.1438752801532015,
                5.70080802496632,
                7.6977599298740325,
                7.954368174612249,
                8.210416061156716,
                10.360964639316446,
                11.438869151155098,
                7.558113969595436,
                6.5476189212164035
            ],
            "UnitPairs": [
                [
                    -0.9921060997865571,
                    -0.12540130288918847
                ],
                [
                    -0.787900859616719,
                    -0.6158021073488099
                ],
                [
                    -0.21113041809813132,
                    -0.9774579001438927
                ],
                [
                    -0.13199509559089267,
                    -0.991250369351735
                ],
                [
                    -0.12918301059835946,
                    -0.9916207691313974
                ],
                [
                    -0.07333331441547336,
                    -0.9973074876871432
                ],
                [
                    0.16150821605975033,
                    -0.986871367577962
                ],
                [
                    0.20491221644016572,
                    -0.9787803551122074
                ],
                [
                    0.24790665520273203,
                    -0.9687839234350422
                ],
                [
                    0.24970131923564806,
                    -0.9683229064583658
                ],
                [
                    0.27101783686756376,
                    -0.962574325493687
                ],
                [
                    0.3081680115840782,
                    -0.9513319487099733
                ],
                [
                    0.41009726495033216,
                    -0.9120417936039209
                ],
                [
                    0.6064250668686153,
                    -0.79514064056203
                ],
                [
                    0.8109022265915545,
                    -0.5851816631686773
                ],
                [
                    0.6679214124366282,
                    0.7442318098607851
                ],
                [
                    0.4148870040177102,
                    0.9098729438208439
                ],
                [
                    0.26474141795159384,
                    0.9643194396158253
                ],
                [
                    0.16488433149012116,
                    0.9863129104037197
                ],
                [
                    0.15566792645556726,
                    0.9878094435026546
                ],
                [
                    0.001977975278747173,
                    0.999998043804985
                ],
                [
                    -0.026229217979572027,
                    0.9996559548785673
                ],
                [
                    -0.2125874479250119,
                    0.9771420454492429
                ],
                [
                    -0.5752440380602479,
                    0.8179818437325734
                ],
                [
                    -0.7920069971069154,
                    0.6105120117849334
                ]
            ]
        },
        {
            "Type": "F",
            "Centroid": {
                "x": 92347.61770918369,
                "y": 439989.6067448979
            },
            "Distances": [
                7.139816545728449,
                1.7399054397304508,
                2.4214611039523,
                3.6805967545488287,
                2.6819556374335947,
                2.9641645930900413,
                3.8725830197808717,
                3.8707110748134927,
                4.986227830699196,
                6.839560458465237,
                2.3721034109223167,
                4.888184444492424,
                5.528338125362747,
                4.931312039269339,
                6.399278173573094,
                6.925423902144198,
                4.9906408569744904,
                4.115951309666192,
                4.177842918177569,
                7.229846025392785,
                3.3875318177532883,
                3.177897379567459,
                1.7065860479301938,
                3.2626206162877485,
                2.836355436727687,
                4.076691846107086,
                1.5728698002317008,
                1.0545549116040067,
                2.762321062680508,
                1.578998494367731,
                0.8879508170236365,
                0.8366298771773959,
                3.0946355660041975,
                4.428850776979145,
                3.522881621492427,
                6.010049515985708,
                3.862188224084399,
                8.019034509903445,
                8.27659786046188,
                8.54484853527742,
                10.696783833886599,
                11.777539914173488,
                5.422689392355337,
                5.388666860339081,
                4.986064156845484,
                7.86530060150642,
                4.309105272079347,
                6.80016458240832,
                2.6283977117467887
            ],