{
    "Pand ID": "0599100000205983",
    "Archetype ID": "TI.1946",
    "Construction Year": 1941,
    "Number of Floors": 2,
    "Wall Area": 52.64,
    "Roof Area (Flat)": 0.0,
    "Roof Area (Sloped)": 41.64,
    "Floor Area": 36.77,
    "Shared Wall Area": 95.74,
    "Absolute Height (70%)": 5.309691905975342,
    "Surfaces": [
        {
            "Type": "G",
            "Centroid": {
                "x": 94163.39041666668,
                "y": 432730.01516666665
            },
            "Distances": [
                4.504570509197417,
                4.505561689591362,
                2.442883297525928,
                4.468498831315049,
                4.471266875535128,
                2.4424554187070724
            ],
            "UnitPairs": [
                [
                    -0.9923624588744757,
                    -0.12335619245341665
                ],
                [
                    -0.30166420089554813,
                    -0.9534142383550029
                ],
                [
                    0.6598077505162412,
                    -0.7514344498082969
                ],
                [
                    0.9935849825468751,
                    0.11308794125514042
                ],
                [
                    0.29204996473424305,
                    0.9564030625728503
                ],
                [
                    -0.6256681923365797,
                    0.7800892981564846
                ]
            ]
        },
        {
            "Type": "F",
            "Centroid": {
                "x": 94163.69605,
                "y": 432729.6341
            },
            "Distances": [
                4.778990562874024,
                4.253898470831011,
                1.954998618917858,
                4.228157352787557,
                4.763588437269261
            ],
            "UnitPairs": [
                [
                    -0.9993323772397174,
                    -0.036534912076194796
                ],
                [
                    -0.3913586587489537,
                    -0.9202382301459879
                ],
                [
                    0.6681334643166242,
                    -0.7440414463323036
                ],
                [
                    0.9777781797252193,
                    0.20964215046892826
                ],
                [
                    0.20996776131405565,
                    0.9777083098801828
                ]
            ]
        },
        {
            "Type": "R",
            "Centroid": {
                "x": 94161.86224999999,
                "y": 432731.9205
            },
            "Distances": [
                0.0
            ],
            "UnitPairs": [
                [
                    0.0,
                    0.0
                ]
            ]
        }
    ]
}