{
    "Pand ID": "0599100000287762",
    "Archetype ID": "TI.1946",
    "Construction Year": 1941,
    "Number of Floors": 2,
    "Wall Area": 58.75,
    "Roof Area (Flat)": 0.0,
    "Roof Area (Sloped)": 46.51,
    "Floor Area": 42.76,
    "Shared Wall Area": 113.69,
    "Absolute Height (70%)": 5.573107719421387,
    "Surfaces": [
        {
            "Type": "G",
            "Centroid": {
                "x": 93975.0495625,
                "y": 433010.285625
            },
            "Distances": [
                4.902955723651885,
                4.898517589861211,
                2.613619344566116,
                2.562030606407,
                5.068950786717591,
                5.072006464734032,
                2.5507983707006967,
                2.615045712432226
            ],
            "UnitPairs": [
                [
                    -0.9858848972819907,
                    -0.16742451825010124
                ],
                [
                    -0.3404601431757847,
                    -0.9402589488586238
                ],
                [
                    0.3524805560973354,
                    -0.9358191372125884
                ],
                [
                    0.8236630720650624,
                    -0.5670794862418704
                ],
                [
                    0.9825011544909417,
                    0.18625649364241442
                ],
                [
                    0.35888164036473846,
                    0.9333830768816813
                ],
                [
                    -0.424866979859715,
                    0.9052557922625432
                ],
                [
                    -0.8591628013651335,
                    0.5117023360806713
                ]
            ]
        },
        {
            "Type": "F",
            "Centroid": {
                "x": 93974.43225694445,
                "y": 433009.4133055556
            },
            "Distances": [
                4.282445920464402,
                3.9561275616537905,
                3.8785139702501987,
                2.200734033020586,
                2.7886563183280986,
                5.884904299753095,
                6.113419370134464,
                2.7461161372861356,
                4.21675826718437
            ],
            "UnitPairs": [
                [
                    -0.9999996553317716,
                    -0.0008302628126823957
                ],
                [
                    -0.28372301624385493,
                    -0.9589062780342452
                ],
                [
                    -0.2708368340284671,
                    -0.9626252694239003
                ],
                [
                    0.6991101752732924,
                    -0.7150139598842432
                ],
                [
                    0.9780895328072114,
                    -0.20818469159131464
                ],
                [
                    0.9511718917499054,
                    0.3086616794241004
                ],
                [
                    0.3987221239013736,
                    0.9170717899442649
                ],
                [
                    -0.5933632676023514,
                    0.8049348002541948
                ],
                [
                    -0.9999255772493222,
                    0.01219999846760975
                ]
            ]
        },
        {
            "Type": "R",
            "Centroid": {
                "x": 93973.96581250001,
                "y": 433012.59475
            },
            "Distances": [
                0.0
            ],
            "UnitPairs": [
                [
                    0.0,
                    0.0
                ]
            ]
        }
    ]
}