{
    "Pand ID": "0599100000691637",
    "Archetype ID": "TI.1946",
    "Construction Year": 1923,
    "Number of Floors": 4,
    "Wall Area": 102.02,
    "Roof Area (Flat)": 14.58,
    "Roof Area (Sloped)": 95.05,
    "Floor Area": 83.44,
    "Shared Wall Area": 343.43,
    "Absolute Height (70%)": 10.733987808227539,
    "Surfaces": [
        {
            "Type": "G",
            "Centroid": {
                "x": 92859.28880681818,
                "y": 439915.13138636365
            },
            "Distances": [
                9.501539022786996,
                6.327474268602566,
                5.176785698214247,
                8.379227051688312,
                8.044114103554286,
                8.029759261754704,
                7.887980965425756,
                8.426007821122875,
                5.396388790971281,
                6.733199002073495,
                9.514370383870636
            ],
            "UnitPairs": [
                [
                    -0.998594206203839,
                    -0.05300576700817357
                ],
                [
                    -0.9828853590183094,
                    -0.18421827006963484
                ],
                [
                    -0.9618288467855445,
                    -0.27365173029087464
                ],
                [
                    0.8835920230065304,
                    -0.4682575540012433
                ],
                [
                    0.9668955563909587,
                    -0.25517245743108363
                ],
                [
                    0.9829458050395383,
                    -0.18389547127423744
                ],
                [
                    0.9829914924756763,
                    -0.1836510977926417
                ],
                [
                    0.9938061249868403,
                    0.11112779102745113
                ],
                [
                    -0.7881533341871536,
                    0.6154789369342163
                ],
                [
                    -0.8456874386791241,
                    0.5336785137705496
                ],
                [
                    -0.9005516363649088,
                    0.43474906583049144
                ]
            ]
        },
        {
            "Type": "F",
            "Centroid": {
                "x": 92857.35186029412,
                "y": 439914.9975147059
            },
            "Distances": [
                7.560283090255831,
                4.7401710932153005,
                2.789880483232436,
                4.346118930460003,
                4.404778941388516,
                3.1385041948885575,
                3.3016179178391614,
                10.080287784418791,
                9.902439663402443,
                9.921052929418014,
                9.779546350248506,
                10.36615996426659,
                4.159759232872211,
                5.292362420803468,
                7.887216935849243,
                2.8190215645316403,
                4.144277002728048
            ],
            "UnitPairs": [
                [
                    -0.9988032463820751,
                    -0.04890884395104733
                ],
                [
                    -0.9869338473466099,
                    -0.1611259785435561
                ],
                [
                    -0.9865065226475735,
                    -0.16372196179435541
                ],
                [
                    -0.9806991852520702,
                    -0.195522653536427
                ],
                [
                    -0.9721793876822594,
                    -0.2342375677933562
                ],
                [
                    -0.9349152054330296,
                    -0.35487118599587075
                ],
                [
                    -0.9214377222972663,
                    -0.3885260916947871
                ],
                [
                    0.9266367097505083,
                    -0.37595798720435797
                ],
                [
                    0.981047604035617,
                    -0.1937668666619123
                ],
                [
                    0.9907985347736217,
                    -0.13534497955389604
                ],
                [
                    0.9909217011520263,
                    -0.13444025507999563
                ],
                [
                    0.994656144746091,
                    0.1032431775898206
                ],
                [
                    -0.5568195572019071,
                    0.8306334815774477
                ],
                [
                    -0.7099353739176102,
                    0.7042668278858966
                ],
                [
                    -0.8407573099677612,
                    0.5414121773065083
                ],
                [
                    -0.9128114968995497,
                    0.4083811591246629
                ],
                [
                    -0.9908206645948232,
                    0.135182878397647
                ]
            ]
        },
        {
            "Type": "R",
            "Centroid": {
                "x": 92867.112125,
                "y": 439913.66874999995
            },
            "Distances": [
                0.07089605065695673,
                0.07089605066845112
            ],
            "UnitPairs": [
                [
                    0.9803084847994755,
                    -0.1974722122987344
                ],
                [
                    -0.9803084846405379,
                    0.19747221308774646
                ]
            ]
        }
    ]
}