{
    "Pand ID": "0599100000110753",
    "Archetype ID": "TI.1946",
    "Construction Year": 1924,
    "Number of Floors": 2,
    "Wall Area": 89.98,
    "Roof Area (Flat)": 0.0,
    "Roof Area (Sloped)": 69.02,
    "Floor Area": 56.74,
    "Shared Wall Area": 149.39,
    "Absolute Height (70%)": 6.2552690505981445,
    "Surfaces": [
        {
            "Type": "G",
            "Centroid": {
                "x": 92387.11464999999,
                "y": 440673.7631
            },
            "Distances": [
                4.328932336027019,
                3.962981323445317,
                7.326201496686293,
                6.94409262395717,
                3.2382878454748116,
                3.7498684470089696,
                3.2592872180896784,
                3.449488537446233,
                3.0753314244157015,
                2.635711511138909
            ],
            "UnitPairs": [
                [
                    -0.79347509578895,
                    -0.6086027212909226
                ],
                [
                    0.1915477106892542,
                    -0.9814833032353153
                ],
                [
                    0.7037889965679456,
                    -0.7104090711061368
                ],
                [
                    0.9945287849677195,
                    0.10446289231412044
                ],
                [
                    0.7745142247040214,
                    0.6325564921262992
                ],
                [
                    -0.4626562303484676,
                    0.8865377671141516
                ],
                [
                    -0.5967255629369237,
                    0.8024453891310059
                ],
                [
                    -0.7464584885672996,
                    0.6654319836360607
                ],
                [
                    -0.9770979401255342,
                    0.21279007355240553
                ],
                [
                    -0.9996921092670924,
                    0.024813034258467648
                ]
            ]
        },
        {
            "Type": "F",
            "Centroid": {
                "x": 92387.03030555556,
                "y": 440674.19527777773
            },
            "Distances": [
                2.5767924984796737,
                4.54217442079737,
                7.696461634477483,
                6.996591513188475,
                3.054986492488331,
                3.330057510730396,
                2.8684710643597833,
                3.110380045078178,
                2.9289976902031993
            ],
            "UnitPairs": [
                [
                    -0.9898179838160087,
                    -0.14233888756910895
                ],
                [
                    -0.7376545339648346,
                    -0.6751783383085707
                ],
                [
                    0.6808900886304293,
                    -0.7323856137342172
                ],
                [
                    0.9991214195173728,
                    0.04190929564655122
                ],
                [
                    0.8485944048569068,
                    0.5290439830917198
                ],
                [
                    -0.4956537688146905,
                    0.8685202021022846
                ],
                [
                    -0.6486227379707933,
                    0.7611100733713039
                ],
                [
                    -0.8007238727951317,
                    0.5990336213735967
                ],
                [
                    -0.9971177394013746,
                    0.07586971577047424
                ]
            ]
        },
        {
            "Type": "R",
            "Centroid": {
                "x": 92387.87375,
                "y": 440669.8735
            },
            "Distances": [
                0.0
            ],
            "UnitPairs": [
                [
                    0.0,
                    0.0
                ]
            ]
        }
    ]
}