{
    "Pand ID": "0599100000256622",
    "Archetype ID": "TI.1946",
    "Construction Year": 1927,
    "Number of Floors": 3,
    "Wall Area": 130.65,
    "Roof Area (Flat)": 40.04,
    "Roof Area (Sloped)": 37.49,
    "Floor Area": 60.71,
    "Shared Wall Area": 176.12,
    "Absolute Height (70%)": 8.692522048950195,
    "Surfaces": [
        {
            "Type": "G",
            "Centroid": {
                "x": 94772.02142857143,
                "y": 434394.0539285714
            },
            "Distances": [
                3.837354288916213,
                4.146785649658736,
                5.519103544832805,
                4.736022752245483,
                4.003239591156077,
                5.05811343386029,
                3.4677116903091787,
                2.560265376070982,
                2.0876454122664745,
                3.2983906805743337,
                4.437541268605009,
                4.01858552891554,
                7.069957471817582,
                7.895905843043994
            ],
            "UnitPairs": [
                [
                    -0.9476395186980829,
                    -0.31934204640426805
                ],
                [
                    -0.839307566260709,
                    -0.5436568855606682
                ],
                [
                    -0.5671987390704899,
                    -0.823580955581688
                ],
                [
                    0.3016394775346925,
                    -0.9534220605757966
                ],
                [
                    0.3246299400740169,
                    -0.9458411082246003
                ],
                [
                    0.5374674696645861,
                    -0.8432844828717929
                ],
                [
                    0.7029337056430235,
                    -0.7112553728942702
                ],
                [
                    0.8763042493706397,
                    -0.48175809545347525
                ],
                [
                    0.9961324927876789,
                    -0.08786385384562248
                ],
                [
                    0.48495511401601504,
                    0.8745390428046731
                ],
                [
                    0.3025484941555376,
                    0.9531339930378188
                ],
                [
                    0.04468523247220599,
                    0.9990011161149445
                ],
                [
                    -0.04249368862888732,
                    0.9990967352697692
                ],
                [
                    -0.6055579519908946,
                    0.7958012105925659
                ]
            ]
        },
        {
            "Type": "F",
            "Centroid": {
                "x": 94772.01907142857,
                "y": 434393.9627857143
            },
            "Distances": [
                3.8069777027924343,
                4.095947502566313,
                5.442930468683604,
                4.649931253057704,
                3.917927323900318,
                4.982781704560637,
                3.277980881303545,
                3.4051774782181066,
                2.083972943594637,
                3.379504498884158,
                4.5251966588226695,
                4.109743033427415,
                7.160920547411629,
                7.9672144406851135
            ],
            "UnitPairs": [
                [
                    -0.954581747588376,
                    -0.2979491352078774
                ],
                [
                    -0.8491494157041131,
                    -0.5281526955430251
                ],
                [
                    -0.5747035437188258,
                    -0.8183616784998082
                ],
                [
                    0.30773112408915604,
                    -0.9514733602507346
                ],
                [
                    0.33230033734874215,
                    -0.9431736244180666
                ],
                [
                    0.5460661800503789,
                    -0.8377420408486059
                ],
                [
                    0.6750889195402212,
                    -0.7377363693854443
                ],
                [
                    0.7165349198504782,
                    -0.6975512229470096
                ],
                [
                    0.9990190025440808,
                    -0.044283547236300444
                ],
                [
                    0.474012853646803,
                    0.8805179240524377
                ],
                [
                    0.2972088668916355,
                    0.9548124891521842
                ],
                [
                    0.04426762694170477,
                    0.9990197081163864
                ],
                [
                    -0.041624736176360845,
                    0.9991333150977643
                ],
                [
                    -0.5998421988193275,
                    0.8001183265715105
                ]
            ]
        },
        {
            "Type": "R",
            "Centroid": {
                "x": 94774.265,
                "y": 434392.8205
            },
            "Distances": [
                0.0
            ],
            "UnitPairs": [
                [
                    0.0,
                    0.0
                ]
            ]
        }
    ]
}