{
    "Pand ID": "0599100000650191",
    "Archetype ID": "TI.1946",
    "Construction Year": 1896,
    "Number of Floors": 3,
    "Wall Area": 140.77,
    "Roof Area (Flat)": 0.0,
    "Roof Area (Sloped)": 104.89,
    "Floor Area": 96.07,
    "Shared Wall Area": 301.41,
    "Absolute Height (70%)": 9.602834701538086,
    "Surfaces": [
        {
            "Type": "G",
            "Centroid": {
                "x": 91476.77929545456,
                "y": 436699.5222954545
            },
            "Distances": [
                5.184884197378059,
                7.18405508142421,
                5.6430603362315175,
                5.505607005919339,
                5.623905093792147,
                5.99713253860617,
                3.750628802349284,
                8.919953141689778,
                8.758234050680423,
                8.856526127639878,
                9.445634920425785
            ],
            "UnitPairs": [
                [
                    -0.770421344525357,
                    -0.6375350593494771
                ],
                [
                    -0.5102334841547034,
                    -0.860035924626031
                ],
                [
                    0.029851629330740117,
                    -0.9995543408070919
                ],
                [
                    0.19715438175707817,
                    -0.9803724546079334
                ],
                [
                    0.21078850472588492,
                    -0.9775316906757682
                ],
                [
                    0.4804720467469784,
                    -0.8770100411596036
                ],
                [
                    0.7130683110434526,
                    -0.7010945612295378
                ],
                [
                    0.19960357606818244,
                    0.979876733278627
                ],
                [
                    0.18045356361788756,
                    0.9835835050353401
                ],
                [
                    0.17777337556056297,
                    0.9840714541850114
                ],
                [
                    -0.557987419474891,
                    0.8298494078492508
                ]
            ]
        },
        {
            "Type": "F",
            "Centroid": {
                "x": 91476.28535,
                "y": 436699.46174999996
            },
            "Distances": [
                4.773282451268495,
                6.8912241698773915,
                2.976086215115218,
                2.830208960453804,
                2.882386747060361,
                5.6191791001474325,
                5.565794944065146,
                5.690461612182295,
                6.198622924453378,
                4.079034145451626,
                9.09013181205902,
                8.91957175882331,
                9.01645465580769,
                9.297247353939737,
                9.230932160974445
            ],
            "UnitPairs": [
                [
                    -0.7333737392952965,
                    -0.6798256824451653
                ],
                [
                    -0.4602375313612703,
                    -0.8877958181510452
                ],
                [
                    -0.15947118655062206,
                    -0.9872025833941768
                ],
                [
                    -0.09278466843654305,
                    -0.9956861982086126
                ],
                [
                    0.031015962756659438,
                    -0.9995188892933828
                ],
                [
                    0.11788198742120382,
                    -0.9930276114195552
                ],
                [
                    0.2837689882352707,
                    -0.9588926745553596
                ],
                [
                    0.29512544226610987,
                    -0.9554585147075896
                ],
                [
                    0.5445403021167887,
                    -0.8387346775772161
                ],
                [
                    0.7767525073375466,
                    -0.629805956104604
                ],
                [
                    0.2502053927290199,
                    0.9681927811388169
                ],
                [
                    0.23256721915440418,
                    0.9725803249988083
                ],
                [
                    0.22940280619849268,
                    0.9733315737754822
                ],
                [
                    -0.5147329976086927,
                    0.8573505357628054
                ],
                [
                    -0.5174558665040805,
                    0.8557098960632109
                ]
            ]
        },
        {
            "Type": "R",
            "Centroid": {
                "x": 91476.02275,
                "y": 436696.64375
            },
            "Distances": [
                0.0
            ],
            "UnitPairs": [
                [
                    0.0,
                    0.0
                ]
            ]
        }
    ]
}