{
    "Pand ID": "0599100000232693",
    "Archetype ID": "TI.1946",
    "Construction Year": 1922,
    "Number of Floors": 3,
    "Wall Area": 68.85,
    "Roof Area (Flat)": 7.5,
    "Roof Area (Sloped)": 46.0,
    "Floor Area": 42.53,
    "Shared Wall Area": 115.14,
    "Absolute Height (70%)": 6.19253396987915,
    "Surfaces": [
        {
            "Type": "G",
            "Centroid": {
                "x": 94611.50483035714,
                "y": 433318.4548928571
            },
            "Distances": [
                4.43644922423787,
                3.8703042153467333,
                4.33772507913696,
                5.318511782102441,
                5.611012514116135,
                4.497581890555165,
                2.8475352759682226,
                4.07239101469314,
                3.1065753085938557,
                3.339420801705995,
                7.071780863163144,
                7.24071497100036,
                3.832934777072749,
                1.8696367880979097
            ],
            "UnitPairs": [
                [
                    -0.9406492999710712,
                    -0.3393801621543807
                ],
                [
                    -0.9301963506788744,
                    -0.3670623232963368
                ],
                [
                    -0.9113401114673485,
                    -0.4116542253283462
                ],
                [
                    -0.9108079582412301,
                    -0.4128303080012924
                ],
                [
                    -0.2750203912840459,
                    -0.9614383934386905
                ],
                [
                    -0.13944000851912147,
                    -0.9902305206486959
                ],
                [
                    0.4189086445829464,
                    -0.90802838474008
                ],
                [
                    0.9961855647510953,
                    0.08726007438423047
                ],
                [
                    0.7873162244252909,
                    0.6165494000943516
                ],
                [
                    0.7815298813273155,
                    0.6238678101909989
                ],
                [
                    0.7377006222064142,
                    0.6751279819384393
                ],
                [
                    0.520094653351843,
                    0.8541086298327785
                ],
                [
                    0.33286690670773134,
                    0.9429738185224585
                ],
                [
                    -0.9751321052042812,
                    0.22162440614667553
                ]
            ]
        },
        {
            "Type": "F",
            "Centroid": {
                "x": 94611.7791875,
                "y": 433318.61325
            },
            "Distances": [
                4.748594765814336,
                4.18389665862029,
                4.653051928574907,
                5.633858202859791,
                5.842868751745528,
                4.699281461053088,
                2.8936444581241827,
                3.787626598544677,
                2.7932886084196413,
                3.0265797940844172,
                6.762822062560953,
                3.0258091892880206,
                6.964427345459033,
                3.598185410736305
            ],
            "UnitPairs": [
                [
                    -0.9365928699607746,
                    -0.350419457134788
                ],
                [
                    -0.9260505973559311,
                    -0.37739937882397656
                ],
                [
                    -0.908543481759155,
                    -0.41779030835211095
                ],
                [
                    -0.908524818285037,
                    -0.41783089229991177
                ],
                [
                    -0.31106295164462416,
                    -0.9503893097642325
                ],
                [
                    -0.1918378389258352,
                    -0.9814266368691371
                ],
                [
                    0.3174197843902318,
                    -0.9482851261501778
                ],
                [
                    0.9986464878704034,
                    0.05201146281453879
                ],
                [
                    0.7773990820179909,
                    0.6290076845934277
                ],
                [
                    0.7716631177429668,
                    0.6360314714817218
                ],
                [
                    0.7308339557485009,
                    0.6825552938224113
                ],
                [
                    0.5762094999807659,
                    0.8173020323796556
                ],
                [
                    0.5013333942352437,
                    0.8652541983859827
                ],
                [
                    0.2783347397858376,
                    0.9604841345011119
                ]
            ]
        },
        {
            "Type": "R",
            "Centroid": {
                "x": 94609.6816875,
                "y": 433318.86925
            },
            "Distances": [
                0.0
            ],
            "UnitPairs": [
                [
                    0.0,
                    0.0
                ]
            ]
        }
    ]
}