{
    "Pand ID": "0599100000601309",
    "Archetype ID": "TI.1946",
    "Construction Year": 1897,
    "Number of Floors": 4,
    "Wall Area": 188.52,
    "Roof Area (Flat)": 7.59,
    "Roof Area (Sloped)": 52.9,
    "Floor Area": 63.43,
    "Shared Wall Area": 161.87,
    "Absolute Height (70%)": 9.638531684875488,
    "Surfaces": [
        {
            "Type": "G",
            "Centroid": {
                "x": 92595.70772222223,
                "y": 438762.557
            },
            "Distances": [
                5.378268468218149,
                5.200310604439296,
                5.027937598428117,
                6.355322751164032,
                6.641137038220935,
                5.473285002269424,
                5.741761145296959,
                4.075314526982775,
                2.20499393914062
            ],
            "UnitPairs": [
                [
                    -0.7525139821760325,
                    -0.6585762724465328
                ],
                [
                    -0.694616629081607,
                    -0.7193801071779127
                ],
                [
                    -0.2060928963310883,
                    -0.9785324307767542
                ],
                [
                    0.25691500521564037,
                    -0.9664340019344556
                ],
                [
                    0.8797857571892513,
                    0.4753704044710142
                ],
                [
                    0.6253607799249126,
                    0.780335757819482
                ],
                [
                    0.04071534357773372,
                    0.9991707866012433
                ],
                [
                    -0.13501343726590082,
                    0.9908437675827844
                ],
                [
                    -0.8554319305625796,
                    0.5179152557841658
                ]
            ]
        },
        {
            "Type": "F",
            "Centroid": {
                "x": 92596.05664285715,
                "y": 438763.29707142856
            },
            "Distances": [
                6.136954272287728,
                5.98085728660308,
                5.827094414137884,
                7.000799690846002,
                1.1245052993908558,
                6.002000501947095,
                1.1204353221777466,
                1.2387395194030484,
                4.681458566634328,
                2.354277298192138,
                4.998254998051715,
                2.796844374278125,
                3.4183023183562247,
                2.270993211880405
            ],
            "UnitPairs": [
                [
                    -0.7163395166557847,
                    -0.6977518877633775
                ],
                [
                    -0.6623035239487153,
                    -0.7492356386111871
                ],
                [
                    -0.2377072960736593,
                    -0.9713368320996325
                ],
                [
                    0.18338721282405748,
                    -0.9830407571268974
                ],
                [
                    0.9931986478516769,
                    0.11643215151151622
                ],
                [
                    0.9153376680105116,
                    0.4026871658261266
                ],
                [
                    0.8772100659422539,
                    0.4801067591792335
                ],
                [
                    0.7014042332877851,
                    0.7127637066559818
                ],
                [
                    0.6566024453916782,
                    0.7542368518613155
                ],
                [
                    0.1677190461596892,
                    0.9858348348254307
                ],
                [
                    -0.023036611215603783,
                    0.9997346220591248
                ],
                [
                    -0.0797837946244722,
                    0.9968121919977303
                ],
                [
                    -0.2630378396661509,
                    0.9647855175653106
                ],
                [
                    -0.9842137992591095,
                    0.17698360756846754
                ]
            ]
        },
        {
            "Type": "R",
            "Centroid": {
                "x": 92597.1735,
                "y": 438763.42799999996
            },
            "Distances": [
                0.0
            ],
            "UnitPairs": [
                [
                    0.0,
                    0.0
                ]
            ]
        }
    ]
}