{
    "Pand ID": "0599100000063840",
    "Archetype ID": "TI.1946",
    "Construction Year": 1923,
    "Number of Floors": 2,
    "Wall Area": 39.78,
    "Roof Area (Flat)": 0.0,
    "Roof Area (Sloped)": 57.11,
    "Floor Area": 37.61,
    "Shared Wall Area": 86.29,
    "Absolute Height (70%)": 5.2290873527526855,
    "Surfaces": [
        {
            "Type": "G",
            "Centroid": {
                "x": 88766.47579166666,
                "y": 439803.21166666667
            },
            "Distances": [
                2.573072768540588,
                4.495444339058752,
                4.483075187743732,
                2.5732429874268434,
                4.452730825647126,
                4.446744929975298
            ],
            "UnitPairs": [
                [
                    -0.8649839576545343,
                    -0.5017995147469743
                ],
                [
                    -0.06421315556104354,
                    -0.9979362057029965
                ],
                [
                    0.9157404597102902,
                    -0.4017703454084015
                ],
                [
                    0.8465323111683514,
                    0.5323373424323806
                ],
                [
                    0.06991963932618402,
                    0.9975526272014407
                ],
                [
                    -0.9176750029338744,
                    0.3973318373731381
                ]
            ]
        },
        {
            "Type": "F",
            "Centroid": {
                "x": 88766.040125,
                "y": 439802.9377
            },
            "Distances": [
                2.058833611546436,
                4.214764268624674,
                4.790931103659438,
                4.774597222809006,
                4.177426198043392
            ],
            "UnitPairs": [
                [
                    -0.8694243138296348,
                    -0.49406615196941883
                ],
                [
                    0.034877395419595746,
                    -0.9993915985682215
                ],
                [
                    0.947832457145732,
                    -0.31876893383936306
                ],
                [
                    0.15645298758070936,
                    0.9876854067348926
                ],
                [
                    -0.8725468331939189,
                    0.4885304738532319
                ]
            ]
        },
        {
            "Type": "R",
            "Centroid": {
                "x": 88768.654125,
                "y": 439804.58150000003
            },
            "Distances": [
                0.0
            ],
            "UnitPairs": [
                [
                    0.0,
                    0.0
                ]
            ]
        }
    ]
}