{
    "Pand ID": "0599100000110419",
    "Archetype ID": "TI.1946",
    "Construction Year": 1913,
    "Number of Floors": 3,
    "Wall Area": 159.13,
    "Roof Area (Flat)": 45.23,
    "Roof Area (Sloped)": 69.54,
    "Floor Area": 79.47,
    "Shared Wall Area": 234.8,
    "Absolute Height (70%)": 8.699052810668945,
    "Surfaces": [
        {
            "Type": "G",
            "Centroid": {
                "x": 92118.0491875,
                "y": 439206.32406250003
            },
            "Distances": [
                7.474754912909234,
                7.16163811626634,
                6.955071378708062,
                8.346422759675171,
                8.98216763276558,
                7.662374134883046,
                6.234637450014235,
                3.7877262648544074,
                4.919615890234777,
                6.629453494250001,
                6.394170157862112,
                6.25623005552728,
                6.7002314704585375,
                6.796726795506206,
                6.5308519071035045,
                6.630391410588751
            ],
            "UnitPairs": [
                [
                    -0.03726710818503923,
                    -0.9993053400475375
                ],
                [
                    0.09305657297632804,
                    -0.9956608228839283
                ],
                [
                    0.26907523993603727,
                    -0.963119159425958
                ],
                [
                    0.27334315139464843,
                    -0.9619165876445017
                ],
                [
                    0.6635856447682613,
                    -0.7481003221878004
                ],
                [
                    0.7024503639796356,
                    -0.7117327350521947
                ],
                [
                    0.7603389191449084,
                    -0.6495265414388797
                ],
                [
                    0.3602260048886599,
                    0.9328650628048814
                ],
                [
                    0.1572150178503244,
                    0.9875643969697988
                ],
                [
                    -0.002196636572395646,
                    0.999997587390974
                ],
                [
                    -0.11675674584388718,
                    0.9931605420574994
                ],
                [
                    -0.48057096259473153,
                    0.8769558426230896
                ],
                [
                    -0.6848364150141354,
                    0.7286968400306035
                ],
                [
                    -0.7086591303303637,
                    0.7055510165816591
                ],
                [
                    -0.7217377712801673,
                    0.6921665908634546
                ],
                [
                    -0.7353355477956557,
                    0.6777032035840342
                ]
            ]
        },
        {
            "Type": "F",
            "Centroid": {
                "x": 92117.48107954545,
                "y": 439206.95372727275
            },
            "Distances": [
                8.1044012107988,
                7.430770490123709,
                7.8578132965925755,
                9.115086878573385,
                7.723619422619751,
                9.830210946790546,
                8.509679503849844,
                7.076427256253804,
                3.4880693779418825,
                4.436469653377243,
                6.025253965517242,
                5.723555417914777,
                4.5168997899568994,
                4.525034192150311,
                5.434547073550573,
                3.5604454246453505,
                5.8523611151334665,
                5.95004440656795,
                5.685323720207828,
                6.019101464510751,
                5.78644142362925,
                2.6384383955731496
            ],
            "UnitPairs": [
                [
                    0.035726939846552314,
                    -0.999361589100362
                ],
                [
                    0.1450112684792477,
                    -0.9894300035950192
                ],
                [
                    0.15711056090863215,
                    -0.9875810202970564
                ],
                [
                    0.31261857319720826,
                    -0.9498787436784454
                ],
                [
                    0.3158552125704365,
                    -0.9488074012633355
                ],
                [
                    0.6641307587283698,
                    -0.7476164359555506
                ],
                [
                    0.6992678692365846,
                    -0.7148597394267819
                ],
                [
                    0.7501731117011529,
                    -0.6612414857528296
                ],
                [
                    0.5540444426845702,
                    0.8324870903085189
                ],
                [
                    0.3023903146785487,
                    0.9531841887004885
                ],
                [
                    0.0918708917025029,
                    0.9957709271000971
                ],
                [
                    -0.031178966992952306,
                    0.9995138178220712
                ],
                [
                    -0.16127312522308748,
                    0.986909813043106
                ],
                [
                    -0.22330318458261295,
                    0.9747490383453905
                ],
                [
                    -0.44869508212008824,
                    0.8936849127523903
                ],
                [
                    -0.4964138849639064,
                    0.8680859720183488
                ],
                [
                    -0.6869799156874906,
                    0.7266764035263622
                ],
                [
                    -0.7140206450829643,
                    0.7001246448992549
                ],
                [
                    -0.7291501327730199,
                    0.6843537709964689
                ],
                [
                    -0.731081635921463,
                    0.6822899981814166
                ],
                [
                    -0.7444047610796831,
                    0.6677286512363385
                ],
                [
                    -0.8567395582345352,
                    0.51574928924439
                ]
            ]
        },
        {
            "Type": "R",
            "Centroid": {
                "x": 92117.302625,
                "y": 439212.6745
            },
            "Distances": [
                0.0
            ],
            "UnitPairs": [
                [
                    0.0,
                    0.0
                ]
            ]
        }
    ]
}