{
    "Pand ID": "0599100000130485",
    "Archetype ID": "TI.1946",
    "Construction Year": 1927,
    "Number of Floors": 4,
    "Wall Area": 161.51,
    "Roof Area (Flat)": 50.1,
    "Roof Area (Sloped)": 52.82,
    "Floor Area": 83.64,
    "Shared Wall Area": 221.42,
    "Absolute Height (70%)": 9.083780288696289,
    "Surfaces": [
        {
            "Type": "G",
            "Centroid": {
                "x": 94823.38050000001,
                "y": 434068.3453333333
            },
            "Distances": [
                4.756207201596741,
                6.16939534674419,
                5.40455890377312,
                5.67065283818646,
                5.238685675924972,
                5.524039006405963,
                6.524746146597887,
                8.399573656496935,
                8.17462763338809,
                8.653530278315477,
                8.419256119836811,
                6.024999165510343
            ],
            "UnitPairs": [
                [
                    -0.9971180394360085,
                    -0.07586577246222666
                ],
                [
                    -0.9744066739344696,
                    -0.22479242378684464
                ],
                [
                    -0.9058093522850762,
                    -0.42368551699685303
                ],
                [
                    -0.896457629318334,
                    -0.44312946058341984
                ],
                [
                    -0.7926606513336707,
                    -0.6096630969865907
                ],
                [
                    -0.791540391901948,
                    -0.6111168529730714
                ],
                [
                    -0.31395857462938176,
                    -0.9494366821524681
                ],
                [
                    0.9693944398819696,
                    0.24550849257392773
                ],
                [
                    0.9643864348997689,
                    0.26449726686927033
                ],
                [
                    0.9577016238977717,
                    0.2877630962850708
                ],
                [
                    0.5347859639736257,
                    0.8449875577408227
                ],
                [
                    0.4133610531005568,
                    0.9105672077225264
                ]
            ]
        },
        {
            "Type": "F",
            "Centroid": {
                "x": 94824.9677826087,
                "y": 434069.0502826087
            },
            "Distances": [
                6.418881556971968,
                7.881437154242608,
                5.728783345209944,
                7.141091879049087,
                7.406312546042276,
                5.3155449316837675,
                6.93870378567223,
                7.223004599368031,
                5.2391784710416545,
                7.799097077570397,
                5.668555809376649,
                6.6942448487003725,
                6.462649299174762,
                7.037107889069781,
                6.933968144204942,
                5.915805837165803,
                4.261148544762296,
                3.9158400907291813,
                3.858580963355535,
                3.75078358287744,
                3.9863683547093305,
                7.041062420347723,
                4.865782711791748
            ],
            "UnitPairs": [
                [
                    -0.9861192409474475,
                    -0.16603867812419473
                ],
                [
                    -0.9641366745660779,
                    -0.26540624099042004
                ],
                [
                    -0.9371593033250454,
                    -0.34890176295243247
                ],
                [
                    -0.9078139195657182,
                    -0.41937320782654647
                ],
                [
                    -0.9006887796353927,
                    -0.4344648688201463
                ],
                [
                    -0.8425820242815527,
                    -0.5385680387449677
                ],
                [
                    -0.827212514900603,
                    -0.5618891840851004
                ],
                [
                    -0.8251112852979311,
                    -0.5649702353876673
                ],
                [
                    -0.5740943213363454,
                    -0.8187891732365304
                ],
                [
                    -0.46617994012997416,
                    -0.8846899250135121
                ],
                [
                    0.9875914747186255,
                    0.15704483137973788
                ],
                [
                    0.9792317937959247,
                    0.20274391240975775
                ],
                [
                    0.9742471082432185,
                    0.22548297514385965
                ],
                [
                    0.9738684555279262,
                    0.22711281629985486
                ],
                [
                    0.9662890356520847,
                    0.2574597047667157
                ],
                [
                    0.9578098989842844,
                    0.28740250069843676
                ],
                [
                    0.9446320279659955,
                    0.3281315768725263
                ],
                [
                    0.6859875094670383,
                    0.7276133154740986
                ],
                [
                    0.6578111008722068,
                    0.7531829496007562
                ],
                [
                    0.5871352859085263,
                    0.8094888239136555
                ],
                [
                    0.585298994898786,
                    0.8108175420959212
                ],
                [
                    0.41403089722340625,
                    0.910262828058128
                ],
                [
                    0.18562633080825264,
                    0.9826204075382645
                ]
            ]
        },
        {
            "Type": "R",
            "Centroid": {
                "x": 94820.489,
                "y": 434066.1875
            },
            "Distances": [
                0.0
            ],
            "UnitPairs": [
                [
                    0.0,
                    0.0
                ]
            ]
        }
    ]
}