{
    "Pand ID": "0599100000268688",
    "Archetype ID": "TI.1946",
    "Construction Year": 1941,
    "Number of Floors": 2,
    "Wall Area": 60.41,
    "Roof Area (Flat)": 7.86,
    "Roof Area (Sloped)": 41.88,
    "Floor Area": 45.44,
    "Shared Wall Area": 114.71,
    "Absolute Height (70%)": 5.2777886390686035,
    "Surfaces": [
        {
            "Type": "G",
            "Centroid": {
                "x": 94108.66312499999,
                "y": 433016.43775
            },
            "Distances": [
                4.638402481252295,
                4.645512897212485,
                3.460728438922565,
                2.88685154243765,
                5.549392789144257,
                5.558610467361433,
                2.8854236825758717,
                3.5202137829999565
            ],
            "UnitPairs": [
                [
                    -0.9964907139206496,
                    -0.08370338744587327
                ],
                [
                    -0.2953656636746716,
                    -0.9553842811780089
                ],
                [
                    -0.04482437808339462,
                    -0.9989948824340579
                ],
                [
                    0.9057878320238483,
                    -0.42373152273289355
                ],
                [
                    0.9815263051236757,
                    0.19132723891350423
                ],
                [
                    0.39701918545320447,
                    0.9178103106753998
                ],
                [
                    -0.2215012664729204,
                    0.9751600837559402
                ],
                [
                    -0.9886118328363337,
                    0.15048801937690953
                ]
            ]
        },
        {
            "Type": "F",
            "Centroid": {
                "x": 94108.75442857142,
                "y": 433016.0357857143
            },
            "Distances": [
                4.293393244412726,
                3.0652076335332734,
                2.6538505948065523,
                5.551991069582718,
                5.896313543878213,
                3.690961060606544,
                4.713448523064568
            ],
            "UnitPairs": [
                [
                    -0.34085593564759364,
                    -0.940115541374465
                ],
                [
                    -0.08039539270594454,
                    -0.9967630514980262
                ],
                [
                    0.9509093818261112,
                    -0.3094694614256516
                ],
                [
                    0.9646217656791557,
                    0.2636377233592112
                ],
                [
                    0.35879561234782326,
                    0.9334161497209863
                ],
                [
                    -0.9676148062188863,
                    0.25243135064010397
                ],
                [
                    -0.9999957670828241,
                    0.002909607608253133
                ]
            ]
        },
        {
            "Type": "R",
            "Centroid": {
                "x": 94108.02399999999,
                "y": 433019.25149999995
            },
            "Distances": [
                0.0
            ],
            "UnitPairs": [
                [
                    0.0,
                    0.0
                ]
            ]
        }
    ]
}