{
    "Pand ID": "0599100000158964",
    "Archetype ID": "TI.1946",
    "Construction Year": 1931,
    "Number of Floors": 2,
    "Wall Area": 58.32,
    "Roof Area (Flat)": 24.88,
    "Roof Area (Sloped)": 41.88,
    "Floor Area": 45.2,
    "Shared Wall Area": 101.09,
    "Absolute Height (70%)": 4.638346195220947,
    "Surfaces": [
        {
            "Type": "G",
            "Centroid": {
                "x": 95020.13300595238,
                "y": 433521.73071428575
            },
            "Distances": [
                5.340185848214245,
                5.325690157650619,
                5.064258521209184,
                5.1494019752816245,
                5.367137384395986,
                5.632169563214814,
                2.688480707128704,
                1.9728030549386613,
                2.204686121329461,
                2.9327869872458456,
                5.096458386374942,
                7.727016139324343,
                4.713652333590834,
                7.545977489648621,
                5.118249411275071,
                5.169109519678083,
                3.1288209992871474,
                2.573057869171235,
                2.279376614440413,
                2.918028474666837,
                5.75084569250588
            ],
            "UnitPairs": [
                [
                    -0.9998492756894549,
                    -0.017361621562297834
                ],
                [
                    -0.9993786335337447,
                    -0.035246940806617076
                ],
                [
                    -0.9846221182228878,
                    -0.1746976940496745
                ],
                [
                    -0.9405715412458195,
                    -0.3395956062708462
                ],
                [
                    -0.9381874529651235,
                    -0.3461275821121658
                ],
                [
                    -0.8642106559016605,
                    -0.50313014442192
                ],
                [
                    -0.545803043514575,
                    -0.8379135025109854
                ],
                [
                    0.19039865468915154,
                    -0.9817068565985272
                ],
                [
                    0.590841043094838,
                    -0.8067879906112906
                ],
                [
                    0.8427543692624261,
                    -0.5382983123595044
                ],
                [
                    0.9741311850779022,
                    -0.2259832610144431
                ],
                [
                    0.9960661280948538,
                    -0.08861302648102105
                ],
                [
                    0.9999929383898759,
                    -0.0037580806779396055
                ],
                [
                    0.9980972058221453,
                    0.06166009836211743
                ],
                [
                    0.8224724333170523,
                    0.5688049722299613
                ],
                [
                    0.8107042483162022,
                    0.5854559093237179
                ],
                [
                    0.5528021730911163,
                    0.833312520862215
                ],
                [
                    0.3088228434898447,
                    0.9511195778338531
                ],
                [
                    -0.15371788504056036,
                    0.9881147766421962
                ],
                [
                    -0.7472103069979062,
                    0.6645876594672028
                ],
                [
                    -0.9717494175965554,
                    0.23601497706873475
                ]
            ]
        },
        {
            "Type": "F",
            "Centroid": {
                "x": 95020.186625,
                "y": 433521.8661153846
            },
            "Distances": [
                5.397822304302745,
                5.385701398315295,
                5.142201415539662,
                3.867042560819464,
                5.246951475152385,
                5.465384701591648,
                5.747337398066776,
                2.0969850183530045,
                1.8715330444180907,
                2.285571855283056,
                2.963935821122769,
                2.1626253484750553,
                5.07686783492851,
                7.686874413184952,
                4.662514806508104,
                7.4852727311225555,
                4.997786649885151,
                4.863560449305156,
                5.046977596468097,
                2.9865012224469467,
                1.3580404766962946,
                2.4277338146706158,
                2.1550908275237664,
                2.8713682636681783,
                5.772795337906776,
                4.226178790261471
            ],