{
    "Pand ID": "0599100000326044",
    "Archetype ID": "TI.1946",
    "Construction Year": 1923,
    "Number of Floors": 2,
    "Wall Area": 79.49,
    "Roof Area (Flat)": 20.85,
    "Roof Area (Sloped)": 24.97,
    "Floor Area": 38.35,
    "Shared Wall Area": 79.25,
    "Absolute Height (70%)": 5.24211311340332,
    "Surfaces": [
        {
            "Type": "G",
            "Centroid": {
                "x": 94344.44992307691,
                "y": 434115.6103461538
            },
            "Distances": [
                2.5923243562356935,
                2.554892928365249,
                3.564006133771793,
                5.237581975694102,
                5.318828271642976,
                3.5824940644575265,
                2.7086037474148017,
                2.743375256715948,
                3.3183645113109583,
                3.94485367175085,
                3.5000070371963616,
                3.4250532212030764,
                3.816299540591115
            ],
            "UnitPairs": [
                [
                    -0.9477683882484154,
                    -0.3189593739600716
                ],
                [
                    -0.4853131272768403,
                    -0.8743404191119002
                ],
                [
                    -0.025511481603795596,
                    -0.9996745291875647
                ],
                [
                    0.2350468076290942,
                    -0.9719840524532136
                ],
                [
                    0.9402591449980833,
                    -0.34045960149109233
                ],
                [
                    0.9987670206004048,
                    -0.0496431119188824
                ],
                [
                    0.9178444523107144,
                    0.39694024910865955
                ],
                [
                    0.4862903533956851,
                    0.8737972832381088
                ],
                [
                    0.17330131187206865,
                    0.9848688518292271
                ],
                [
                    -0.03699074517517795,
                    0.9993156081896175
                ],
                [
                    -0.9376904223463072,
                    0.3474718288437264
                ],
                [
                    -0.9441964454432578,
                    0.32938286599687794
                ],
                [
                    -0.9841793174190724,
                    0.17717525550857466
                ]
            ]
        },
        {
            "Type": "F",
            "Centroid": {
                "x": 94344.26078571427,
                "y": 434116.10964285716
            },
            "Distances": [
                2.627071929632274,
                4.0633299937397,
                5.76772969034709,
                5.6811164705693535,
                3.8275874808471175,
                2.736490987281982,
                2.433524911500402,
                2.8723846107200517,
                3.510915824000055,
                3.4431283421356538,
                3.174776785484882,
                3.10904830324387,
                3.6383065029084096,
                3.5711677054690494
            ],
            "UnitPairs": [
                [
                    -0.8632370087414527,
                    -0.5047988378939765
                ],
                [
                    0.024170885917707136,
                    -0.9997078414586699
                ],
                [
                    0.2462345432209967,
                    -0.9692102711613961
                ],
                [
                    0.9135905437982889,
                    -0.4066353628035159
                ],
                [
                    0.9842268281443266,
                    -0.17691113803533715
                ],
                [
                    0.9776075631705464,
                    0.21043633819220944
                ],
                [
                    0.6259291937095662,
                    0.7798798910486745
                ],
                [
                    0.2660556956300309,
                    0.9639576582105773
                ],
                [
                    0.03424015036194274,
                    0.9994136341391344
                ],
                [
                    0.01255087856826987,
                    0.9999212346215898
                ],
                [
                    -0.9741742249161401,
                    0.22579765169070648
                ],
                [
                    -0.9793304629892339,
                    0.2022667650932618
                ],
                [
                    -0.9976580344114813,
                    0.06839916939714745
                ],
                [
                    -0.9987729528414839,
                    0.04952361731843728
                ]
            ]
        },
        {
            "Type": "R",
            "Centroid": {
                "x": 94343.20999999999,
                "y": 434113.3765
            },
            "Distances": [
                0.0
            ],
            "UnitPairs": [
                [
                    0.0,
                    0.0
                ]
            ]
        }
    ]
}