{
    "Pand ID": "0599100000226221",
    "Archetype ID": "TI.1946",
    "Construction Year": 1931,
    "Number of Floors": 4,
    "Wall Area": 76.3,
    "Roof Area (Flat)": 0.0,
    "Roof Area (Sloped)": 100.16,
    "Floor Area": 67.05,
    "Shared Wall Area": 180.17,
    "Absolute Height (70%)": 8.460189819335938,
    "Surfaces": [
        {
            "Type": "G",
            "Centroid": {
                "x": 88593.22374519231,
                "y": 439227.1488269231
            },
            "Distances": [
                2.8332883628262477,
                4.050278834762981,
                5.990568306895327,
                5.270438591530024,
                5.3293774229565924,
                6.108854842379826,
                5.424492243592924,
                3.1324534167228206,
                5.696211361017293,
                6.812186491295202,
                6.4880230502209475,
                6.302208949143892,
                6.115264622888074
            ],
            "UnitPairs": [
                [
                    -0.8764754498363251,
                    -0.481446555532607
                ],
                [
                    -0.18006357637992698,
                    -0.9836549742980361
                ],
                [
                    0.09910450515976164,
                    -0.9950770307152299
                ],
                [
                    0.5803487232718468,
                    -0.8143680736600233
                ],
                [
                    0.6780702549079194,
                    -0.7349970948303873
                ],
                [
                    0.902573796553152,
                    -0.4305351806480275
                ],
                [
                    0.9329338268779315,
                    -0.36004787829800877
                ],
                [
                    0.7772477300646156,
                    0.6291946965045101
                ],
                [
                    -0.010060668167898506,
                    0.9999493901973318
                ],
                [
                    -0.11381187131350537,
                    0.9935023190451636
                ],
                [
                    -0.8301924408440386,
                    0.5574769153654863
                ],
                [
                    -0.8695852099694497,
                    0.493782910399285
                ],
                [
                    -0.8770360766140191,
                    0.48042452093694027
                ]
            ]
        },
        {
            "Type": "F",
            "Centroid": {
                "x": 88593.1046517857,
                "y": 439227.31796428567
            },
            "Distances": [
                4.197803041736788,
                6.171514454568305,
                3.062260571236368,
                5.477294491699775,
                5.5345132014885365,
                6.289982155799123,
                5.597675724844503,
                3.125420489265186,
                5.527131064710792,
                6.631333960227504,
                6.295297662796078,
                6.440340636992471,
                6.115767030996784,
                5.930257819523805
            ],
            "UnitPairs": [
                [
                    -0.14536515402116254,
                    -0.9893780733351653
                ],
                [
                    0.1154960779138683,
                    -0.9933079361338626
                ],
                [
                    0.5390742152403079,
                    -0.8422582682663592
                ],
                [
                    0.5801743395582382,
                    -0.8144923177772532
                ],
                [
                    0.674456014178719,
                    -0.7383150309577584
                ],
                [
                    0.8955169624919247,
                    -0.44502738105563416
                ],
                [
                    0.9253457986688689,
                    -0.37912419190269725
                ],
                [
                    0.8171014822047681,
                    0.5764938575377635
                ],
                [
                    0.011178622972747866,
                    0.9999375172421691
                ],
                [
                    -0.09895660354852695,
                    0.995091749847289
                ],
                [
                    -0.8366902675361484,
                    0.5476763608284444
                ],
                [
                    -0.8638074597719666,
                    0.503822064267041
                ],
                [
                    -0.8766217317516197,
                    0.48118015277107085
                ],
                [
                    -0.884314720422155,
                    0.46689128846519073
                ]
            ]
        },
        {
            "Type": "R",
            "Centroid": {
                "x": 88590.74043749999,
                "y": 439225.78475
            },
            "Distances": [
                0.0
            ],
            "UnitPairs": [
                [
                    0.0,
                    0.0
                ]
            ]
        }
    ]
}