{
    "Pand ID": "0599100000022543",
    "Archetype ID": "TI.1946",
    "Construction Year": 1934,
    "Number of Floors": 4,
    "Wall Area": 98.11,
    "Roof Area (Flat)": 0.0,
    "Roof Area (Sloped)": 103.56,
    "Floor Area": 66.58,
    "Shared Wall Area": 209.24,
    "Absolute Height (70%)": 9.367735862731934,
    "Surfaces": [
        {
            "Type": "G",
            "Centroid": {
                "x": 88659.24269642857,
                "y": 439341.3807857143
            },
            "Distances": [
                3.029201989618436,
                5.56988305671373,
                5.379699684387884,
                4.6974772387114365,
                6.614362747158555,
                5.464688592073172,
                7.189159595796592,
                3.013003576343223,
                6.143465620995614,
                5.435852277210884,
                5.9670626640533815,
                6.159397545394955,
                5.7131049583655615,
                6.136371401698828
            ],
            "UnitPairs": [
                [
                    -0.8509077431626662,
                    -0.5253151555264879
                ],
                [
                    -0.014645088186909294,
                    -0.9998927549452479
                ],
                [
                    0.5424891244232571,
                    -0.8400628249616143
                ],
                [
                    0.5444259634434672,
                    -0.8388088997671953
                ],
                [
                    0.6448736990226798,
                    -0.7642891549072289
                ],
                [
                    0.6674540570759206,
                    -0.7446509797837465
                ],
                [
                    0.8328412370943912,
                    -0.5535119454854466
                ],
                [
                    0.8444824265761508,
                    0.5355832626250153
                ],
                [
                    -0.039321686400303764,
                    0.9992266034181818
                ],
                [
                    -0.3555231691391,
                    0.9346674682502281
                ],
                [
                    -0.43263688918639615,
                    0.9015682570471956
                ],
                [
                    -0.7375025552560447,
                    0.6753443425326111
                ],
                [
                    -0.7984399834782351,
                    0.6020744080122287
                ],
                [
                    -0.8802549707255215,
                    0.47450098684092457
                ]
            ]
        },
        {
            "Type": "F",
            "Centroid": {
                "x": 88659.04697115386,
                "y": 439341.2566538462
            },
            "Distances": [
                2.797450894831683,
                5.446350292542689,
                5.386588113930239,
                4.705622836362959,
                6.649674570486116,
                5.507637456760049,
                7.286535710645431,
                6.2630139562462315,
                5.486989889495203,
                5.998715225369142,
                6.102983643669867,
                5.6357441431855,
                6.026375033756661
            ],
            "UnitPairs": [
                [
                    -0.8514344821071728,
                    -0.5244609829900508
                ],
                [
                    0.020959695946986552,
                    -0.9997803214435708
                ],
                [
                    0.5781310507293053,
                    -0.8159439246557507
                ],
                [
                    0.5850774577326734,
                    -0.8109774155012404
                ],
                [
                    0.6708830332761149,
                    -0.7415631838638157
                ],
                [
                    0.6977862788385771,
                    -0.7163060163537729
                ],
                [
                    0.8485725029944816,
                    -0.529079112384604
                ],
                [
                    -0.0073201423741508865,
                    0.9999732073988894
                ],
                [
                    -0.3165389747085855,
                    0.948579505097194
                ],
                [
                    -0.39772619039449514,
                    0.9175041566523183
                ],
                [
                    -0.7122493533742962,
                    0.7019265336328988
                ],
                [
                    -0.7746707520668757,
                    0.6323647886245257
                ],
                [
                    -0.8638437078167273,
                    0.5037599115307299
                ]
            ]
        },
        {
            "Type": "R",
            "Centroid": {
                "x": 88661.787125,
                "y": 439342.99450000003
            },
            "Distances": [
                0.0
            ],
            "UnitPairs": [
                [
                    0.0,
                    0.0
                ]
            ]
        }
    ]
}