{
    "Pand ID": "0599100000113465",
    "Archetype ID": "TI.1946",
    "Construction Year": 1933,
    "Number of Floors": 3,
    "Wall Area": 80.76,
    "Roof Area (Flat)": 6.92,
    "Roof Area (Sloped)": 95.17,
    "Floor Area": 65.86,
    "Shared Wall Area": 189.45,
    "Absolute Height (70%)": 8.655012130737305,
    "Surfaces": [
        {
            "Type": "G",
            "Centroid": {
                "x": 88622.97059558824,
                "y": 439290.0890294118
            },
            "Distances": [
                8.786564062885798,
                8.513754337168166,
                8.020329784668762,
                7.323955992778032,
                3.1293038459849587,
                4.762684985000855,
                4.253850411723566,
                4.068147963713194,
                3.8989271867498947,
                3.748099161615049,
                3.6215765134609597,
                3.519950664163974,
                3.4453612252282686,
                4.71510842945349,
                4.683352171278916,
                4.962231996191871,
                3.912216406041459
            ],
            "UnitPairs": [
                [
                    -0.9999893616382143,
                    -0.0046126576283637465
                ],
                [
                    -0.9965604188509504,
                    -0.08286936454214183
                ],
                [
                    -0.9052583600887777,
                    -0.4248615085994224
                ],
                [
                    -0.8885185266897155,
                    -0.4588407433185692
                ],
                [
                    -0.2762501280729459,
                    -0.9610857749127708
                ],
                [
                    0.8225464048319284,
                    -0.5686979970934216
                ],
                [
                    0.918351383723909,
                    -0.3957660116942605
                ],
                [
                    0.951422968459401,
                    -0.30788688683979615
                ],
                [
                    0.9773276671350893,
                    -0.21173245158048873
                ],
                [
                    0.9942451496299494,
                    -0.10712881235839189
                ],
                [
                    0.9999869941437328,
                    0.005100151309725027
                ],
                [
                    0.9924938571802802,
                    0.1222944948041806
                ],
                [
                    0.9701535465387712,
                    0.24249143518533667
                ],
                [
                    0.37528922997928,
                    0.9269077590901691
                ],
                [
                    0.36758487271587686,
                    0.9299899791666858
                ],
                [
                    0.31750418218341386,
                    0.9482568714731476
                ],
                [
                    -0.7291188145521993,
                    0.6843871377122714
                ]
            ]
        },
        {
            "Type": "F",
            "Centroid": {
                "x": 88623.10764673912,
                "y": 439290.1866739131
            },
            "Distances": [
                8.924591433723394,
                7.607356696724158,
                8.658852431642103,
                8.185937456506874,
                7.4905698017430655,
                3.2626907337806808,
                1.5078201507378128,
                2.127082886719465,
                4.708144848164173,
                2.4957946016944454,
                4.169118236259141,
                3.9701170662813534,
                3.7877028139614777,
                3.6240210789743994,
                3.485377635062996,
                3.3729392997562644,
                3.289297526144603,
                4.574060345158274,
                4.543088634992142,
                2.8983081868166582,
                4.854791899665231,
                4.8271400388160695,
                1.7250953464716081
            ],
            "UnitPairs": [
                [
                    -0.9998801407766167,
                    -0.015482379679272722
                ],
                [
                    -0.996341047395828,
                    -0.08546646871249848
                ],
                [
                    -0.9956887251737203,
                    -0.09275754719661228
                ],
                [
                    -0.9036865696117602,
                    -0.4281945631407868
                ],
                [
                    -0.8870515748460087,
                    -0.46167034078790026
                ],
                [
                    -0.30696189766005594,
                    -0.9517218046177871
                ],
                [
                    0.5773090779051671,
                    -0.8165257060058096
                ],
                [
                    0.6941329226460804,
                    -0.7198468487802184
                ],
                [
                    0.8029655804550864,
                    -0.5960253992947164
                ],
                [
                    0.8239773655550843,
                    -0.5666227149108152
                ],
                [
                    0.9041428060472655,
                    -0.42723036674957576
                ],
                [
                    0.9403950056259627,
                    -0.34008415634037653
                ],
                [
                    0.9698433169911627,
                    -0.24372923601320212
                ],
                [
                    0.9904683727438407,
                    -0.13774034483101977
                ],
                [
                    0.9997419578919441,
                    -0.022716021447037615
                ],
                [
                    0.9951196753277614,
                    0.09867538586481836
                ],
                [
                    0.9745175787222969,
                    0.22431114274870959
                ],
                [
                    0.35689915254391635,
                    0.9341429199610916
                ],
                [
                    0.3487667505917447,
                    0.9372095569730795
                ],
                [
                    0.3482991441252354,
                    0.9373834360610542
                ],
                [
                    0.30412802265960287,
                    0.952631169883266
                ],
                [
                    0.2979980380311045,
                    0.9545664824042442
                ],
                [
                    0.017667580481917893,
                    0.9998439161188686
                ]
            ]
        },
        {
            "Type": "R",
            "Centroid": {
                "x": 88620.118125,
                "y": 439292.7665
            },
            "Distances": [
                0.0
            ],
            "UnitPairs": [
                [
                    0.0,
                    0.0
                ]
            ]
        }
    ]
}