{
    "Pand ID": "0599100000609656",
    "Archetype ID": "TI.1946",
    "Construction Year": 1911,
    "Number of Floors": 3,
    "Wall Area": 115.81,
    "Roof Area (Flat)": 6.08,
    "Roof Area (Sloped)": 89.97,
    "Floor Area": 68.81,
    "Shared Wall Area": 214.98,
    "Absolute Height (70%)": 8.500776290893555,
    "Surfaces": [
        {
            "Type": "G",
            "Centroid": {
                "x": 92166.20599999999,
                "y": 439300.394875
            },
            "Distances": [
                6.016720018522428,
                6.328641839383082,
                6.535144855402628,
                5.631496695480262,
                6.768131169774836,
                6.937945591554208,
                7.054712469788755,
                6.733028035832063
            ],
            "UnitPairs": [
                [
                    -0.9966185864628316,
                    -0.08216686142738626
                ],
                [
                    -0.9049927528464019,
                    -0.4254269823312708
                ],
                [
                    -0.8640015064591484,
                    -0.5034892221650052
                ],
                [
                    0.9497697129595103,
                    -0.3129496642350164
                ],
                [
                    0.9720002220683994,
                    -0.2349799316941389
                ],
                [
                    0.8513507236484515,
                    0.5245969360787935
                ],
                [
                    0.8322982722746723,
                    0.5543280490545245
                ],
                [
                    -0.9409399405853194,
                    0.33857351965458815
                ]
            ]
        },
        {
            "Type": "F",
            "Centroid": {
                "x": 92166.52798863636,
                "y": 439301.0144090909
            },
            "Distances": [
                6.415801781868877,
                6.896632673371324,
                7.13503704229761,
                5.562424296073787,
                6.63545000560298,
                4.785889539672635,
                6.348945771799084,
                6.452111525735774,
                5.39001583355144,
                6.861223827659313,
                6.928718132430023
            ],
            "UnitPairs": [
                [
                    -0.9848127874249584,
                    -0.17361962367279724
                ],
                [
                    -0.8771474316336065,
                    -0.4802211815180247
                ],
                [
                    -0.8364867065133781,
                    -0.5479872168457961
                ],
                [
                    0.9036772630201709,
                    -0.428214203758321
                ],
                [
                    0.9429106327920832,
                    -0.3330458505485894
                ],
                [
                    0.9966039383268603,
                    0.08234433867237854
                ],
                [
                    0.8796163275552592,
                    0.4756838406948453
                ],
                [
                    0.8601271601549152,
                    0.5100796686438708
                ],
                [
                    0.8414885046172185,
                    0.5402750194087059
                ],
                [
                    -0.9702880715716441,
                    0.2419525948730042
                ],
                [
                    -0.9712277953499285,
                    0.23815240821733757
                ]
            ]
        },
        {
            "Type": "R",
            "Centroid": {
                "x": 92171.29762499999,
                "y": 439301.4085
            },
            "Distances": [
                0.0
            ],
            "UnitPairs": [
                [
                    0.0,
                    0.0
                ]
            ]
        }
    ]
}