{
    "Pand ID": "0599100000101834",
    "Archetype ID": "TI.1946",
    "Construction Year": 1922,
    "Number of Floors": 3,
    "Wall Area": 68.27,
    "Roof Area (Flat)": 8.65,
    "Roof Area (Sloped)": 50.32,
    "Floor Area": 46.3,
    "Shared Wall Area": 114.97,
    "Absolute Height (70%)": 6.060731887817383,
    "Surfaces": [
        {
            "Type": "G",
            "Centroid": {
                "x": 94610.12675892857,
                "y": 433321.9793214286
            },
            "Distances": [
                5.95562073139124,
                6.172540112379987,
                5.754480243020519,
                5.901512639911298,
                4.485489940933712,
                2.424096063407772,
                3.4604691273815043,
                5.790960296253505,
                6.73917951841267,
                6.50438070041176,
                2.8251253845682274,
                2.558525637700073,
                3.6962494131616257,
                3.122220502666605
            ],
            "UnitPairs": [
                [
                    -0.948024006770433,
                    -0.3181988098452507
                ],
                [
                    -0.9420872643516668,
                    -0.3353678373762048
                ],
                [
                    -0.4857209184024912,
                    -0.8741139453333532
                ],
                [
                    -0.43634091557354654,
                    -0.8997814208997867
                ],
                [
                    -0.3388863755334419,
                    -0.9408273085310646
                ],
                [
                    0.09526378715555783,
                    -0.995452063565484
                ],
                [
                    0.971523931486995,
                    0.23694144962005417
                ],
                [
                    0.8882686650014615,
                    0.45932426321338743
                ],
                [
                    0.8641895583150067,
                    0.5031663813285958
                ],
                [
                    0.6340232470040429,
                    0.7733139868503934
                ],
                [
                    0.546499132341948,
                    0.8374596696853515
                ],
                [
                    0.5291831168197723,
                    0.8485076480933517
                ],
                [
                    -0.05845693956734208,
                    0.9982899309401153
                ],
                [
                    -0.9656817723139637,
                    0.2597281552326627
                ]
            ]
        },
        {
            "Type": "F",
            "Centroid": {
                "x": 94610.1089951923,
                "y": 433322.1649423077
            },
            "Distances": [
                6.000593967168143,
                6.2206851926782,
                5.909051046163112,
                6.06155562328282,
                4.654788191999355,
                3.438701258200143,
                5.724095215428514,
                6.663284957132209,
                6.373455278684762,
                2.6819068769904146,
                2.4130864924697635,
                3.509914292836732,
                3.0618398247406224
            ],
            "UnitPairs": [
                [
                    -0.937958429300266,
                    -0.34674772516135993
                ],
                [
                    -0.9319403751746795,
                    -0.3626115512766763
                ],
                [
                    -0.47000908785639833,
                    -0.8826615757652513
                ],
                [
                    -0.421889668467295,
                    -0.9066471792492138
                ],
                [
                    -0.32274458693781305,
                    -0.9464860968880318
                ],
                [
                    0.9828397566169844,
                    0.18446141280242584
                ],
                [
                    0.9017481564216178,
                    0.43226179843957246
                ],
                [
                    0.8766985571335477,
                    0.48104016456004534
                ],
                [
                    0.6498346856754094,
                    0.7600755760403974
                ],
                [
                    0.5823066867411694,
                    0.8129692014932187
                ],
                [
                    0.5684389316200626,
                    0.8227254590801487
                ],
                [
                    -0.056499297635510884,
                    0.9984026389021085
                ],
                [
                    -0.9789237399311362,
                    0.20422612810127191
                ]
            ]
        },
        {
            "Type": "R",
            "Centroid": {
                "x": 94610.3576875,
                "y": 433319.56625
            },
            "Distances": [
                0.0
            ],
            "UnitPairs": [
                [
                    0.0,
                    0.0
                ]
            ]
        }
    ]
}