{
    "Pand ID": "0599100000692384",
    "Archetype ID": "TI.1946",
    "Construction Year": 1927,
    "Number of Floors": 3,
    "Wall Area": 102.66,
    "Roof Area (Flat)": 56.23,
    "Roof Area (Sloped)": 27.87,
    "Floor Area": 69.67,
    "Shared Wall Area": 233.59,
    "Absolute Height (70%)": 8.124110221862793,
    "Surfaces": [
        {
            "Type": "G",
            "Centroid": {
                "x": 88853.07546250001,
                "y": 439920.97455000004
            },
            "Distances": [
                9.948844098706356,
                9.886780633776455,
                3.1777538136483297,
                4.2139571070333925,
                2.869951375876011,
                3.3710965129887085,
                3.5868324884217184,
                3.308301271039458,
                3.5935153401285165,
                2.3848616940861733
            ],
            "UnitPairs": [
                [
                    -0.9442202437599279,
                    -0.329314638717963
                ],
                [
                    -0.6002864046292204,
                    -0.7997851164014768
                ],
                [
                    0.7187781476902734,
                    -0.6952395086608208
                ],
                [
                    0.9744047923830533,
                    -0.22480057958319105
                ],
                [
                    0.9394235814059836,
                    0.3427584203172191
                ],
                [
                    0.8558342927497854,
                    0.5172500974900581
                ],
                [
                    0.5757447571523513,
                    0.8176294849206333
                ],
                [
                    0.38542439019882385,
                    0.9227394212018174
                ],
                [
                    0.27719375199710683,
                    0.9608140422858975
                ],
                [
                    -0.41046405434908495,
                    0.9118767790043298
                ]
            ]
        },
        {
            "Type": "F",
            "Centroid": {
                "x": 88853.07546250001,
                "y": 439920.97455000004
            },
            "Distances": [
                9.948844098706356,
                9.886780633776455,
                3.1777538136483297,
                4.2139571070333925,
                2.869951375876011,
                3.3710965129887085,
                3.5868324884217184,
                3.308301271039458,
                3.5935153401285165,
                2.3848616940861733
            ],
            "UnitPairs": [
                [
                    -0.9442202437599279,
                    -0.329314638717963
                ],
                [
                    -0.6002864046292204,
                    -0.7997851164014768
                ],
                [
                    0.7187781476902734,
                    -0.6952395086608208
                ],
                [
                    0.9744047923830533,
                    -0.22480057958319105
                ],
                [
                    0.9394235814059836,
                    0.3427584203172191
                ],
                [
                    0.8558342927497854,
                    0.5172500974900581
                ],
                [
                    0.5757447571523513,
                    0.8176294849206333
                ],
                [
                    0.38542439019882385,
                    0.9227394212018174
                ],
                [
                    0.27719375199710683,
                    0.9608140422858975
                ],
                [
                    -0.41046405434908495,
                    0.9118767790043298
                ]
            ]
        },
        {
            "Type": "R",
            "Centroid": {
                "x": 88852.0965625,
                "y": 439923.14925
            },
            "Distances": [
                0.0
            ],
            "UnitPairs": [
                [
                    0.0,
                    0.0
                ]
            ]
        }
    ]
}