{
    "Pand ID": "0599100000141055",
    "Archetype ID": "TI.1946",
    "Construction Year": 1911,
    "Number of Floors": 3,
    "Wall Area": 87.6,
    "Roof Area (Flat)": 15.24,
    "Roof Area (Sloped)": 33.79,
    "Floor Area": 45.05,
    "Shared Wall Area": 125.42,
    "Absolute Height (70%)": 7.81840705871582,
    "Surfaces": [
        {
            "Type": "G",
            "Centroid": {
                "x": 86773.8710625,
                "y": 442048.141375
            },
            "Distances": [
                3.1068925643288186,
                3.116692181840485,
                4.880201728021915,
                4.843522236591325,
                3.1352366587408285,
                3.1108164372428355,
                4.949225081383335,
                4.916031113223508
            ],
            "UnitPairs": [
                [
                    -0.9958905678065127,
                    -0.09056476662599837
                ],
                [
                    -0.553190658364993,
                    -0.8330546773758045
                ],
                [
                    -0.07789124736655453,
                    -0.9969618616495227
                ],
                [
                    0.9102621572996128,
                    -0.41403237190859227
                ],
                [
                    0.9979709159391005,
                    0.06367142954004472
                ],
                [
                    0.5631560187956509,
                    0.8263505905450981
                ],
                [
                    0.07675444008954677,
                    0.997050026792307
                ],
                [
                    -0.9094989224070663,
                    0.41570627868771154
                ]
            ]
        },
        {
            "Type": "F",
            "Centroid": {
                "x": 86773.8710625,
                "y": 442048.141375
            },
            "Distances": [
                3.1068925643288186,
                3.116692181840485,
                4.880201728021915,
                4.843522236591325,
                3.1352366587408285,
                3.1108164372428355,
                4.949225081383335,
                4.916031113223508
            ],
            "UnitPairs": [
                [
                    -0.9958905678065127,
                    -0.09056476662599837
                ],
                [
                    -0.553190658364993,
                    -0.8330546773758045
                ],
                [
                    -0.07789124736655453,
                    -0.9969618616495227
                ],
                [
                    0.9102621572996128,
                    -0.41403237190859227
                ],
                [
                    0.9979709159391005,
                    0.06367142954004472
                ],
                [
                    0.5631560187956509,
                    0.8263505905450981
                ],
                [
                    0.07675444008954677,
                    0.997050026792307
                ],
                [
                    -0.9094989224070663,
                    0.41570627868771154
                ]
            ]
        },
        {
            "Type": "R",
            "Centroid": {
                "x": 86772.1469375,
                "y": 442045.545
            },
            "Distances": [
                0.0
            ],
            "UnitPairs": [
                [
                    0.0,
                    0.0
                ]
            ]
        }
    ]
}