{
    "Pand ID": "0599100000195847",
    "Archetype ID": "TI.1946",
    "Construction Year": 1941,
    "Number of Floors": 2,
    "Wall Area": 110.35,
    "Roof Area (Flat)": 0.0,
    "Roof Area (Sloped)": 52.11,
    "Floor Area": 42.29,
    "Shared Wall Area": 49.48,
    "Absolute Height (70%)": 5.179589748382568,
    "Surfaces": [
        {
            "Type": "G",
            "Centroid": {
                "x": 94290.62225,
                "y": 433033.45041666663
            },
            "Distances": [
                5.703367198663054,
                5.771334253826566,
                3.8132690572031764,
                3.0191847800406086,
                3.9394852120687056,
                2.708196214478786,
                2.521749340469782,
                2.7585455230522244,
                2.5688111847441406,
                3.6500278176168894,
                2.6948605535042325,
                3.696453985844795
            ],
            "UnitPairs": [
                [
                    -0.9838486291601738,
                    -0.17900244383707928
                ],
                [
                    -0.38314363763309023,
                    -0.9236887749351961
                ],
                [
                    -0.06615059053556986,
                    -0.9978096508712448
                ],
                [
                    0.31655896197941835,
                    -0.9485728351531647
                ],
                [
                    0.9894059223938388,
                    -0.14517548254439225
                ],
                [
                    0.8155797531200413,
                    0.5786446805256681
                ],
                [
                    0.8052941533146362,
                    0.5928754731284331
                ],
                [
                    0.646264484345338,
                    0.7631135015670043
                ],
                [
                    0.6332695877598481,
                    0.7739312819743571
                ],
                [
                    0.16486175724395263,
                    0.9863166839298807
                ],
                [
                    -0.5080967912135145,
                    0.8612999772196273
                ],
                [
                    -0.9902057523284153,
                    0.13961578727248938
                ]
            ]
        },
        {
            "Type": "F",
            "Centroid": {
                "x": 94290.58676923077,
                "y": 433034.02388461534
            },
            "Distances": [
                3.6252234373053924,
                5.799246918048048,
                1.3387246116299847,
                6.29251376094973,
                3.5774504094099204,
                4.096609598332978,
                2.454351905933423,
                2.2624509959226207,
                2.377353321783648,
                2.1826927902642637,
                3.092970051529949,
                3.2349959649843654,
                2.1984312346678565
            ],
            "UnitPairs": [
                [
                    -0.9998747093669833,
                    -0.015829263036879707
                ],
                [
                    -0.96146436072837,
                    -0.27492959653188787
                ],
                [
                    -0.8558662631734041,
                    -0.517197196010954
                ],
                [
                    -0.34577107232968024,
                    -0.9383189039660147
                ],
                [
                    0.2770774310724606,
                    -0.9608475931126048
                ],
                [
                    0.9601185260218532,
                    -0.27959330462231025
                ],
                [
                    0.9143883417102884,
                    0.40483819057039205
                ],
                [
                    0.9132709494984937,
                    0.4073526393705087
                ],
                [
                    0.764813018146179,
                    0.6442523164678048
                ],
                [
                    0.7615504924214591,
                    0.648105583599334
                ],
                [
                    0.20602552194811286,
                    0.9785466183611324
                ],
                [
                    0.15555839162640187,
                    0.9878266987658346
                ],
                [
                    -0.6066913577900358,
                    0.7949374795434437
                ]
            ]
        },
        {
            "Type": "R",
            "Centroid": {
                "x": 94290.37,
                "y": 433029.6455
            },
            "Distances": [
                0.0
            ],
            "UnitPairs": [
                [
                    0.0,
                    0.0
                ]
            ]
        }
    ]
}