{
    "Pand ID": "0599100000310220",
    "Archetype ID": "TI.1946",
    "Construction Year": 1921,
    "Number of Floors": 3,
    "Wall Area": 50.75,
    "Roof Area (Flat)": 9.05,
    "Roof Area (Sloped)": 47.58,
    "Floor Area": 40.77,
    "Shared Wall Area": 111.06,
    "Absolute Height (70%)": 6.046388626098633,
    "Surfaces": [
        {
            "Type": "G",
            "Centroid": {
                "x": 94005.45945,
                "y": 434025.70175
            },
            "Distances": [
                6.565764969898268,
                6.2571611486150545,
                2.210323243329749,
                2.149088932542424,
                3.5186746709509373,
                3.4769434910634907,
                3.6081232850423137,
                4.133194604692996,
                2.878055357347289,
                2.9756197404865916
            ],
            "UnitPairs": [
                [
                    -0.9548316195808509,
                    -0.2971474015511647
                ],
                [
                    -0.53685687809642,
                    -0.8436733327778978
                ],
                [
                    0.09175128597643777,
                    -0.995781954808215
                ],
                [
                    0.9617098523491245,
                    -0.2740696259978933
                ],
                [
                    0.9844047330075022,
                    0.17591850849875987
                ],
                [
                    0.9806889323259008,
                    0.19557407295826482
                ],
                [
                    0.9757981426505294,
                    0.21867323750239046
                ],
                [
                    0.15382774362517132,
                    0.9880976800353235
                ],
                [
                    -0.31764503683552336,
                    0.9482096975742017
                ],
                [
                    -0.9265968908856148,
                    0.37605611522898014
                ]
            ]
        },
        {
            "Type": "F",
            "Centroid": {
                "x": 94005.79735,
                "y": 434025.99395000003
            },
            "Distances": [
                6.977515077019611,
                6.686315715698199,
                1.9405176242468385,
                3.142936373836054,
                3.096281390641986,
                3.2721180678581123,
                3.2214379786084897,
                3.803484146154815,
                2.739662141548234,
                3.2036295431767154
            ],
            "UnitPairs": [
                [
                    -0.9469130381035273,
                    -0.321489810522119
                ],
                [
                    -0.5529353020693034,
                    -0.8332241905546959
                ],
                [
                    0.8909478473162096,
                    -0.4541056411922364
                ],
                [
                    0.9945794722480594,
                    0.10397919687500763
                ],
                [
                    0.9921255895198168,
                    0.12524701441533911
                ],
                [
                    0.9913762073153798,
                    0.13104661601496334
                ],
                [
                    0.9880370260533944,
                    0.15421684456493107
                ],
                [
                    0.07832292407638804,
                    0.9969280413169872
                ],
                [
                    -0.4570271571115321,
                    0.8894527405447413
                ],
                [
                    -0.9661229422058158,
                    0.25808227475667106
                ]
            ]
        },
        {
            "Type": "R",
            "Centroid": {
                "x": 94005.66225,
                "y": 434023.50075
            },
            "Distances": [
                0.0
            ],
            "UnitPairs": [
                [
                    0.0,
                    0.0
                ]
            ]
        }
    ]
}