{
    "Pand ID": "0599100000378115",
    "Archetype ID": "TI.1946",
    "Construction Year": 1926,
    "Number of Floors": 3,
    "Wall Area": 137.17,
    "Roof Area (Flat)": 7.02,
    "Roof Area (Sloped)": 81.78,
    "Floor Area": 60.5,
    "Shared Wall Area": 286.8,
    "Absolute Height (70%)": 13.817944526672363,
    "Surfaces": [
        {
            "Type": "G",
            "Centroid": {
                "x": 94526.4755,
                "y": 434674.14775
            },
            "Distances": [
                6.635459385002767,
                6.567296570907054,
                6.63493287455223,
                6.58941205645141
            ],
            "UnitPairs": [
                [
                    -0.26893390441475085,
                    -0.9631586344191894
                ],
                [
                    0.47135072500354896,
                    -0.8819458566366921
                ],
                [
                    0.27347676823786077,
                    0.9618786083670721
                ],
                [
                    -0.47432152872191413,
                    0.8803516839257516
                ]
            ]
        },
        {
            "Type": "F",
            "Centroid": {
                "x": 94526.2204,
                "y": 434675.1354166667
            },
            "Distances": [
                6.399103849060405,
                7.535501717739538,
                5.786582042813693,
                5.680803458842832,
                7.562433501960418,
                6.205357900339805,
                4.436238940554699,
                4.40258657356533,
                5.777722412055777,
                3.169501412555888,
                3.1480096681580556,
                5.331252911297829,
                5.218359078395412,
                5.502424332747804,
                4.273811702819356
            ],
            "UnitPairs": [
                [
                    -0.2596301043373716,
                    -0.9657081385810962
                ],
                [
                    -0.20295927959236443,
                    -0.9791871786473455
                ],
                [
                    -0.06677517006484285,
                    -0.9977680475254813
                ],
                [
                    0.14867615225835684,
                    -0.9888859397067237
                ],
                [
                    0.44305844132535327,
                    -0.8964927314654306
                ],
                [
                    0.5151354766854985,
                    -0.8571087682785682
                ],
                [
                    0.5037149779215284,
                    0.8638699097766481
                ],
                [
                    0.4946183257520724,
                    0.8691102990013504
                ],
                [
                    0.3582034324951502,
                    0.9336435620453302
                ],
                [
                    -0.0717463002548479,
                    0.9974229135124885
                ],
                [
                    -0.10876713736220166,
                    0.9940672561904611
                ],
                [
                    -0.392102951178895,
                    0.9199213421139881
                ],
                [
                    -0.3975195974125165,
                    0.91759368441211
                ],
                [
                    -0.5192983723533684,
                    0.8545930028213092
                ],
                [
                    -0.6327840784886026,
                    0.7743282960161858
                ]
            ]
        },
        {
            "Type": "R",
            "Centroid": {
                "x": 94525.87800000001,
                "y": 434678.26475
            },
            "Distances": [
                0.0
            ],
            "UnitPairs": [
                [
                    0.0,
                    0.0
                ]
            ]
        }
    ]
}