{
    "Pand ID": "0599100000228479",
    "Archetype ID": "TI.1946",
    "Construction Year": 1937,
    "Number of Floors": 3,
    "Wall Area": 92.54,
    "Roof Area (Flat)": 0.0,
    "Roof Area (Sloped)": 85.18,
    "Floor Area": 69.22,
    "Shared Wall Area": 201.83,
    "Absolute Height (70%)": 8.414938926696777,
    "Surfaces": [
        {
            "Type": "G",
            "Centroid": {
                "x": 90951.35375000001,
                "y": 438197.54579999996
            },
            "Distances": [
                3.0509823483408605,
                5.8523015378172545,
                6.914399228399585,
                6.950981548638577,
                3.6699933909954616,
                3.113970984135142,
                6.4624737438971716,
                5.708655716562439,
                4.805344679643574,
                5.619859703765718
            ],
            "UnitPairs": [
                [
                    -0.7643439829396532,
                    -0.6448087125217424
                ],
                [
                    -0.058438547261142566,
                    -0.9982910077697821
                ],
                [
                    0.029937525033941408,
                    -0.9995517718431809
                ],
                [
                    0.7995993027889107,
                    -0.6005338916160252
                ],
                [
                    0.9926448393434985,
                    -0.12106288830488146
                ],
                [
                    0.9678959808396124,
                    0.2513510896624974
                ],
                [
                    0.015473950681146476,
                    0.9998802712576729
                ],
                [
                    -0.4260197357750569,
                    0.9047138689829789
                ],
                [
                    -0.5396074939207821,
                    0.841916713520128
                ],
                [
                    -0.8582064774272202,
                    0.5133046289504529
                ]
            ]
        },
        {
            "Type": "F",
            "Centroid": {
                "x": 90951.93335,
                "y": 438197.2785
            },
            "Distances": [
                5.650661161327279,
                6.654439627826796,
                5.238596411269016,
                6.328437055069612,
                3.0685091754797376,
                2.651189046440703,
                6.74606975652485,
                6.210986923161193,
                5.354190859479758,
                6.25485337635171
            ],
            "UnitPairs": [
                [
                    -0.1630959588072374,
                    -0.9866102108840896
                ],
                [
                    -0.05599269372650466,
                    -0.9984311785242135
                ],
                [
                    0.5506055007006427,
                    -0.834765585417963
                ],
                [
                    0.786671330799533,
                    -0.6173720250368426
                ],
                [
                    0.9983349649003911,
                    -0.05768273448211969
                ],
                [
                    0.9182295028212072,
                    0.39604870931328473
                ],
                [
                    -0.07109324648506006,
                    0.9974696738769627
                ],
                [
                    -0.4848826824554301,
                    0.8745792041060813
                ],
                [
                    -0.5925451825065494,
                    0.805537216203125
                ],
                [
                    -0.8637452670637102,
                    0.5039286791055257
                ]
            ]
        },
        {
            "Type": "R",
            "Centroid": {
                "x": 90949.02175,
                "y": 438195.5785
            },
            "Distances": [
                0.0
            ],
            "UnitPairs": [
                [
                    0.0,
                    0.0
                ]
            ]
        }
    ]
}