{
    "Pand ID": "0599100000654874",
    "Archetype ID": "TI.1946",
    "Construction Year": 1925,
    "Number of Floors": 3,
    "Wall Area": 91.76,
    "Roof Area (Flat)": 10.3,
    "Roof Area (Sloped)": 41.51,
    "Floor Area": 44.52,
    "Shared Wall Area": 171.89,
    "Absolute Height (70%)": 8.200288772583008,
    "Surfaces": [
        {
            "Type": "G",
            "Centroid": {
                "x": 93572.7515625,
                "y": 433932.7599375
            },
            "Distances": [
                6.443252699641093,
                4.337103682359753,
                3.9957280752712503,
                6.779720641487546,
                4.950909775143816,
                2.9792227554698005,
                5.417232409334375,
                5.3466943387248715,
                5.27863349756594,
                5.001249329080397,
                5.515271149405217,
                4.245966907135252,
                3.1931284191904634,
                2.4954693399455152,
                4.6063234364823975,
                4.269017858539206
            ],
            "UnitPairs": [
                [
                    -0.9982438684034123,
                    -0.05923832538982712
                ],
                [
                    -0.9969642915349827,
                    -0.07786014002138827
                ],
                [
                    -0.9965486702252756,
                    -0.08301052868302256
                ],
                [
                    -0.9433924844717986,
                    -0.33167848926652943
                ],
                [
                    -0.8949743988937671,
                    -0.446117501701895
                ],
                [
                    0.7179934753380021,
                    -0.6960498325350405
                ],
                [
                    0.9283453468490138,
                    -0.3717188682106202
                ],
                [
                    0.9400317619815399,
                    -0.34108691922423723
                ],
                [
                    0.9513944285624683,
                    -0.30797506603667496
                ],
                [
                    0.9987629432832242,
                    -0.04972507540699284
                ],
                [
                    0.8960688180378349,
                    0.4439151645757077
                ],
                [
                    0.8224422319778992,
                    0.5688486398500143
                ],
                [
                    0.6655111292232337,
                    0.7463879265368755
                ],
                [
                    0.33382998808037956,
                    0.9426333004187014
                ],
                [
                    -0.8740023481855562,
                    0.4859216967435534
                ],
                [
                    -0.9400142217650992,
                    0.3411352559899882
                ]
            ]
        },
        {
            "Type": "F",
            "Centroid": {
                "x": 93573.12579166667,
                "y": 433932.7853611111
            },
            "Distances": [
                6.818331478533148,
                4.712177809336611,
                4.3707798358459415,
                7.141900170137875,
                5.299139472716659,
                2.7424266902405883,
                5.081874406622551,
                5.005873076943944,
                4.932395218925473,
                4.211316030278366,
                4.6289564262040015,
                3.436575028870422,
                5.170637477998954,
                3.928416168838393,
                1.7956061298348294,
                2.3716955810277716,
                4.925276025664662,
                4.614615300701768
            ],
            "UnitPairs": [
                [
                    -0.9982158667542478,
                    -0.059708319018925295
                ],
                [
                    -0.9970266099381884,
                    -0.07705802408032332
                ],
                [
                    -0.9966566219919278,
                    -0.08170420943647516
                ],
                [
                    -0.9479503360991753,
                    -0.3184182160138777
                ],
                [
                    -0.9067824486216963,
                    -0.4215988506526563
                ],
                [
                    0.6435298123428453,
                    -0.7654210479376578
                ],
                [
                    0.915967802602109,
                    -0.4012517720786589
                ],
                [
                    0.9292751258042079,
                    -0.3693883330068418
                ],
                [
                    0.9423075660082042,
                    -0.3347483398669719
                ],
                [
                    0.9944239053148195,
                    -0.10545660974269323
                ],
                [
                    0.9982451567649862,
                    -0.059216610805148145
                ],
                [
                    0.9040493244694039,
                    0.42742814475232493
                ],
                [
                    0.8834178286082781,
                    0.4685861074520186
                ],
                [
                    0.7936616690637573,
                    0.6083593962937787
                ],
                [
                    0.2471774438523932,
                    0.9689702323862158
                ],
                [
                    0.1934621529879668,
                    0.9811077389162011
                ],
                [
                    -0.8933847856913283,
                    0.44929235993421873
                ],
                [
                    -0.950711246937561,
                    0.31007761116602367
                ]
            ]
        },
        {
            "Type": "R",
            "Centroid": {
                "x": 93574.876625,
                "y": 433935.14324999996
            },
            "Distances": [
                0.0
            ],
            "UnitPairs": [
                [
                    0.0,
                    0.0
                ]
            ]
        }
    ]
}