{
    "Pand ID": "0599100000086629",
    "Archetype ID": "TI.1946",
    "Construction Year": 1922,
    "Number of Floors": 3,
    "Wall Area": 85.39,
    "Roof Area (Flat)": 0.0,
    "Roof Area (Sloped)": 67.37,
    "Floor Area": 51.13,
    "Shared Wall Area": 92.61,
    "Absolute Height (70%)": 6.066098690032959,
    "Surfaces": [
        {
            "Type": "G",
            "Centroid": {
                "x": 94661.241725,
                "y": 433823.28550000006
            },
            "Distances": [
                3.434643833111239,
                5.646205935000985,
                6.459517432458583,
                4.6357110630571885,
                4.601647124644044,
                3.186205307230843,
                1.5861097880994186,
                1.5581047012083096,
                4.404466853068972,
                3.5273043333199547
            ],
            "UnitPairs": [
                [
                    -0.7963271107291984,
                    -0.6048662105934559
                ],
                [
                    -0.38983700299460383,
                    -0.9208838749246211
                ],
                [
                    0.7878142683586754,
                    -0.6159128822897642
                ],
                [
                    0.9827834258941291,
                    -0.18476129948611802
                ],
                [
                    0.8757516365013249,
                    0.48276191975470806
                ],
                [
                    -0.2542522913272296,
                    0.9671379282991922
                ],
                [
                    -0.34367103973059665,
                    0.9390901002835089
                ],
                [
                    -0.3466390927256041,
                    0.9379985817656497
                ],
                [
                    -0.8037522174861309,
                    0.5949641778175617
                ],
                [
                    -0.9364374853631365,
                    0.3508344852017337
                ]
            ]
        },
        {
            "Type": "F",
            "Centroid": {
                "x": 94661.545625,
                "y": 433823.51633333333
            },
            "Distances": [
                5.980262963360968,
                6.372967292469892,
                4.388826469323473,
                4.224432479965123,
                3.060603934619108,
                1.5182367331350308,
                1.4922722420924988,
                4.526239363736856,
                3.7448400203182577
            ],
            "UnitPairs": [
                [
                    -0.4188779014129288,
                    -0.9080425671233153
                ],
                [
                    0.7508276412554801,
                    -0.6604981855590006
                ],
                [
                    0.9688239053714782,
                    -0.24775035899218575
                ],
                [
                    0.8820119667388847,
                    0.4712270053057277
                ],
                [
                    -0.36398045085178077,
                    0.931406587585537
                ],
                [
                    -0.5592013297220557,
                    0.8290318889144643
                ],
                [
                    -0.5655804458399937,
                    0.8246931303724033
                ],
                [
                    -0.849270153672059,
                    0.5279585268577801
                ],
                [
                    -0.9631920136596558,
                    0.26881433150458606
                ]
            ]
        },
        {
            "Type": "R",
            "Centroid": {
                "x": 94658.506625,
                "y": 433821.208
            },
            "Distances": [
                0.0
            ],
            "UnitPairs": [
                [
                    0.0,
                    0.0
                ]
            ]
        }
    ]
}