{
    "Pand ID": "0599100000151008",
    "Archetype ID": "TI.1946",
    "Construction Year": 1899,
    "Number of Floors": 3,
    "Wall Area": 165.84,
    "Roof Area (Flat)": 9.92,
    "Roof Area (Sloped)": 124.74,
    "Floor Area": 98.8,
    "Shared Wall Area": 305.53,
    "Absolute Height (70%)": 10.667827606201172,
    "Surfaces": [
        {
            "Type": "G",
            "Centroid": {
                "x": 91261.70403571428,
                "y": 436733.36075
            },
            "Distances": [
                6.148248433146875,
                8.146910041523673,
                7.940853026964607,
                6.588603315793843,
                9.649628287248994,
                8.723629475425236,
                8.927298900176496
            ],
            "UnitPairs": [
                [
                    -0.5959885574128403,
                    -0.8029929261412966
                ],
                [
                    -0.4840222482123374,
                    -0.8750556915051032
                ],
                [
                    0.2464110945093487,
                    -0.9691653999719061
                ],
                [
                    0.3302239004901985,
                    -0.9439026303306075
                ],
                [
                    0.4533557309661438,
                    0.8913296703241476
                ],
                [
                    0.11769347707986656,
                    0.9930499712767987
                ],
                [
                    -0.21577475290278128,
                    0.9764431657857735
                ]
            ]
        },
        {
            "Type": "F",
            "Centroid": {
                "x": 91261.4996388889,
                "y": 436732.05241666664
            },
            "Distances": [
                5.0137862839410765,
                6.918052512662436,
                4.651442214947808,
                4.629342023211846,
                6.743343879612633,
                5.457066612385947,
                10.916187323407627,
                10.047045486741316,
                10.172129068711223
            ],
            "UnitPairs": [
                [
                    -0.6900750636267037,
                    -0.7237378023570422
                ],
                [
                    -0.5404539618704632,
                    -0.8413735883057655
                ],
                [
                    -0.20292392021227415,
                    -0.9791945070340635
                ],
                [
                    -0.10517453375920378,
                    -0.9944537784374566
                ],
                [
                    0.32048063241022146,
                    -0.9472550682102178
                ],
                [
                    0.4361521088468245,
                    -0.89987295656024
                ],
                [
                    0.41947897882660623,
                    0.9077650501768547
                ],
                [
                    0.12253464092797088,
                    0.9924642370245154
                ],
                [
                    -0.1692751711326234,
                    0.9855688288689031
                ]
            ]
        },
        {
            "Type": "R",
            "Centroid": {
                "x": 91261.01275,
                "y": 436727.44875
            },
            "Distances": [
                0.0
            ],
            "UnitPairs": [
                [
                    0.0,
                    0.0
                ]
            ]
        }
    ]
}