{
    "Pand ID": "0599100000615259",
    "Archetype ID": "TI.1946",
    "Construction Year": 1924,
    "Number of Floors": 5,
    "Wall Area": 138.17,
    "Roof Area (Flat)": 64.49,
    "Roof Area (Sloped)": 0.0,
    "Floor Area": 64.48,
    "Shared Wall Area": 415.85,
    "Absolute Height (70%)": 13.492741584777832,
    "Surfaces": [
        {
            "Type": "G",
            "Centroid": {
                "x": 90395.49527083333,
                "y": 437249.0930833333
            },
            "Distances": [
                9.348680734296723,
                9.358960882760886,
                4.589895112003163,
                5.5492693037740315,
                5.577815295630508,
                4.621348231015335
            ],
            "UnitPairs": [
                [
                    -0.10914195942007371,
                    -0.9940261730427157
                ],
                [
                    0.37265533111609,
                    -0.9279698293537121
                ],
                [
                    0.37488147870209043,
                    0.9270727462967154
                ],
                [
                    0.2837610828503859,
                    0.9588950139924477
                ],
                [
                    -0.5296577919390776,
                    0.8482114261422213
                ],
                [
                    -0.6076870196638043,
                    0.7941766089051748
                ]
            ]
        },
        {
            "Type": "F",
            "Centroid": {
                "x": 90395.49527083333,
                "y": 437249.0930833333
            },
            "Distances": [
                9.348680734296723,
                9.358960882760886,
                4.589895112003163,
                5.5492693037740315,
                5.577815295630508,
                4.621348231015335
            ],
            "UnitPairs": [
                [
                    -0.10914195942007371,
                    -0.9940261730427157
                ],
                [
                    0.37265533111609,
                    -0.9279698293537121
                ],
                [
                    0.37488147870209043,
                    0.9270727462967154
                ],
                [
                    0.2837610828503859,
                    0.9588950139924477
                ],
                [
                    -0.5296577919390776,
                    0.8482114261422213
                ],
                [
                    -0.6076870196638043,
                    0.7941766089051748
                ]
            ]
        },
        {
            "Type": "R",
            "Centroid": {
                "x": 90398.9829375,
                "y": 437240.40825
            },
            "Distances": [
                0.0
            ],
            "UnitPairs": [
                [
                    0.0,
                    0.0
                ]
            ]
        }
    ]
}