{
    "Pand ID": "0599100000432456",
    "Archetype ID": "TI.1946",
    "Construction Year": 1935,
    "Number of Floors": 4,
    "Wall Area": 112.96,
    "Roof Area (Flat)": 40.01,
    "Roof Area (Sloped)": 30.23,
    "Floor Area": 55.65,
    "Shared Wall Area": 281.43,
    "Absolute Height (70%)": 12.455812454223633,
    "Surfaces": [
        {
            "Type": "G",
            "Centroid": {
                "x": 89914.41913750001,
                "y": 436957.84505
            },
            "Distances": [
                3.2505057575676206,
                3.8872062821884352,
                5.871539600500524,
                5.880680834749456,
                3.910548974256699,
                3.2454035927750775,
                5.089859691543967,
                6.512802582587344,
                6.525888604616949,
                5.113745152026224
            ],
            "UnitPairs": [
                [
                    -0.18434054411437584,
                    -0.9828624338103557
                ],
                [
                    -0.014457683983448537,
                    -0.9998954822249347
                ],
                [
                    0.23380579769577703,
                    -0.9722833172300352
                ],
                [
                    0.8882985060377006,
                    -0.459266550242002
                ],
                [
                    0.9734694604430397,
                    -0.22881697835767595
                ],
                [
                    0.9985815037655886,
                    -0.05324453340255339
                ],
                [
                    -0.16369802912100995,
                    0.9865104942482351
                ],
                [
                    -0.2768700535796792,
                    0.9609073698493449
                ],
                [
                    -0.8668857749118027,
                    0.49850682368004084
                ],
                [
                    -0.9181529115000087,
                    0.3962262372736783
                ]
            ]
        },
        {
            "Type": "F",
            "Centroid": {
                "x": 89913.99615972223,
                "y": 436957.9444722222
            },
            "Distances": [
                3.2989323001052346,
                4.00306052204383,
                6.079495308791557,
                6.302963094085414,
                3.673877045193455,
                4.938843869315076,
                6.3115415786532445,
                6.110924360793384,
                4.686614483933599
            ],
            "UnitPairs": [
                [
                    -0.053417956534382825,
                    -0.9985722417129823
                ],
                [
                    0.09162433986544195,
                    -0.9957936434544167
                ],
                [
                    0.29538270638691483,
                    -0.9553790121033336
                ],
                [
                    0.8958925656841219,
                    -0.44427076288218803
                ],
                [
                    0.9972510600410395,
                    -0.07409671549416504
                ],
                [
                    -0.08306037467126397,
                    0.9965445168980005
                ],
                [
                    -0.21868226724243636,
                    0.9757961190708373
                ],
                [
                    -0.8565352658925517,
                    0.5160884984984413
                ],
                [
                    -0.9115796139980583,
                    0.4111235913240096
                ]
            ]
        },
        {
            "Type": "R",
            "Centroid": {
                "x": 89918.22593750001,
                "y": 436956.95025
            },
            "Distances": [
                0.0
            ],
            "UnitPairs": [
                [
                    0.0,
                    0.0
                ]
            ]
        }
    ]
}