{
    "Pand ID": "0599100000184037",
    "Archetype ID": "TI.1946",
    "Construction Year": 1933,
    "Number of Floors": 3,
    "Wall Area": 143.49,
    "Roof Area (Flat)": 36.75,
    "Roof Area (Sloped)": 29.14,
    "Floor Area": 58.36,
    "Shared Wall Area": 74.58,
    "Absolute Height (70%)": 2.6340267658233643,
    "Surfaces": [
        {
            "Type": "G",
            "Centroid": {
                "x": 91076.43354545454,
                "y": 440626.96663636365
            },
            "Distances": [
                6.100998433397356,
                3.303317983887697,
                2.635406070627014,
                3.372512399423652,
                7.068669816545407,
                6.938438229595533,
                3.0694363670538425,
                2.196673264237209,
                2.880278833215909,
                3.3673377766925765,
                5.941616589986401
            ],
            "UnitPairs": [
                [
                    -0.778978310914414,
                    -0.6270508680521274
                ],
                [
                    -0.40612059180362364,
                    -0.91381949252195
                ],
                [
                    0.2980392867024975,
                    -0.9545536043522472
                ],
                [
                    0.7888642739803617,
                    -0.6145674554004928
                ],
                [
                    0.9889349378153895,
                    -0.1483498863096009
                ],
                [
                    0.8456448484946762,
                    0.5337459978439332
                ],
                [
                    0.5077331337407774,
                    0.8615144020280623
                ],
                [
                    -0.24744028317089872,
                    0.9689031459667706
                ],
                [
                    -0.8101803990759743,
                    0.5861806214411177
                ],
                [
                    -0.8916674398754497,
                    0.45269103886200474
                ],
                [
                    -0.9910678963132893,
                    0.13335825770139373
                ]
            ]
        },
        {
            "Type": "F",
            "Centroid": {
                "x": 91076.43354545454,
                "y": 440626.96663636365
            },
            "Distances": [
                6.100998433397356,
                3.303317983887697,
                2.635406070627014,
                3.372512399423652,
                7.068669816545407,
                6.938438229595533,
                3.0694363670538425,
                2.196673264237209,
                2.880278833215909,
                3.3673377766925765,
                5.941616589986401
            ],
            "UnitPairs": [
                [
                    -0.778978310914414,
                    -0.6270508680521274
                ],
                [
                    -0.40612059180362364,
                    -0.91381949252195
                ],
                [
                    0.2980392867024975,
                    -0.9545536043522472
                ],
                [
                    0.7888642739803617,
                    -0.6145674554004928
                ],
                [
                    0.9889349378153895,
                    -0.1483498863096009
                ],
                [
                    0.8456448484946762,
                    0.5337459978439332
                ],
                [
                    0.5077331337407774,
                    0.8615144020280623
                ],
                [
                    -0.24744028317089872,
                    0.9689031459667706
                ],
                [
                    -0.8101803990759743,
                    0.5861806214411177
                ],
                [
                    -0.8916674398754497,
                    0.45269103886200474
                ],
                [
                    -0.9910678963132893,
                    0.13335825770139373
                ]
            ]
        },
        {
            "Type": "R",
            "Centroid": {
                "x": 91075.89,
                "y": 440629.09500000003
            },
            "Distances": [
                0.0
            ],
            "UnitPairs": [
                [
                    0.0,
                    0.0
                ]
            ]
        }
    ]
}