{
    "Pand ID": "0599100000682850",
    "Archetype ID": "TI.1946",
    "Construction Year": 1907,
    "Number of Floors": 4,
    "Wall Area": 142.37,
    "Roof Area (Flat)": 0.0,
    "Roof Area (Sloped)": 112.17,
    "Floor Area": 82.28,
    "Shared Wall Area": 299.76,
    "Absolute Height (70%)": 9.816633224487305,
    "Surfaces": [
        {
            "Type": "G",
            "Centroid": {
                "x": 92275.93239423077,
                "y": 438969.32019230764
            },
            "Distances": [
                8.085901205253748,
                8.767213358343911,
                8.45593492949391,
                7.639756545252815,
                7.03015111949724,
                6.9142579941000655,
                4.60315014147768,
                7.12803840709158,
                6.817610572450552,
                6.814194110747294,
                7.021455809662126,
                7.5017001454108545,
                7.106889046397427
            ],
            "UnitPairs": [
                [
                    -0.8832372606925186,
                    -0.4689263708988606
                ],
                [
                    -0.866611649587986,
                    -0.49898321494654474
                ],
                [
                    -0.3845546657906763,
                    -0.9231022202435769
                ],
                [
                    -0.3537768795053571,
                    -0.9353298453099056
                ],
                [
                    -0.33025879405736913,
                    -0.9438904221082934
                ],
                [
                    -0.32509189455707943,
                    -0.9456824308896136
                ],
                [
                    0.9194205357548677,
                    0.3932758299619134
                ],
                [
                    0.8298539417740887,
                    0.5579806764772481
                ],
                [
                    0.7057063054726574,
                    0.7085044886351338
                ],
                [
                    0.7026848210388371,
                    0.7115012595081033
                ],
                [
                    0.3770202136127217,
                    0.9262050305021117
                ],
                [
                    0.20944995651304,
                    0.9778193676322257
                ],
                [
                    0.18267215947140913,
                    0.9831738819527561
                ]
            ]
        },
        {
            "Type": "F",
            "Centroid": {
                "x": 92276.5157202381,
                "y": 438970.13988095237
            },
            "Distances": [
                8.99677335077458,
                9.690815898226317,
                7.565019117593444,
                7.638992458004054,
                9.439552534883006,
                8.616595361897549,
                8.001392596773254,
                7.884216542404287,
                3.780982948780443,
                3.345434310456881,
                6.196754508613362,
                4.998863586271666,
                5.310357894141612,
                5.7465871993763615,
                5.827541833476226,
                5.82331481953594,
                6.046753537627511,
                5.351228578286047,
                5.507234688683334,
                6.590087054992755,
                6.208914038320821
            ],
            "UnitPairs": [
                [
                    -0.8586517562344052,
                    -0.5125594224239487
                ],
                [
                    -0.8442111917107452,
                    -0.5360106937275818
                ],
                [
                    -0.6672944456081331,
                    -0.7447940137115323
                ],
                [
                    -0.6667234280027609,
                    -0.7453052197269568
                ],
                [
                    -0.4062793468137207,
                    -0.9137489219433403
                ],
                [
                    -0.38136817386343363,
                    -0.9244232342190832
                ],
                [
                    -0.3630737028532509,
                    -0.931760423229292
                ],
                [
                    -0.3590839017242306,
                    -0.9333052831322145
                ],
                [
                    0.9650677644784478,
                    0.2620004006954405
                ],
                [
                    0.9645697576001845,
                    0.2638279415132547
                ],
                [
                    0.8604350478147832,
                    0.5095601323612079
                ],
                [
                    0.7837590872994836,
                    0.6210649668718083
                ],
                [
                    0.758499679721224,
                    0.651673411965534
                ],
                [
                    0.7271976595714089,
                    0.686428119990626
                ],
                [
                    0.725503974526865,
                    0.6882179763314251
                ],
                [
                    0.7220809611393493,
                    0.6918085613521081
                ],
                [
                    0.3413244394799754,
                    0.9399455447065435
                ],
                [
                    0.24758889337656123,
                    0.9688651814760244
                ],
                [
                    0.19027784744108903,
                    0.9817302790345145
                ],
                [
                    0.14990769524886394,
                    0.988699996412043
                ],
                [
                    0.115141674935418,
                    0.9933490799779635
                ]
            ]
        },
        {
            "Type": "R",
            "Centroid": {
                "x": 92277.59362500001,
                "y": 438972.4555
            },
            "Distances": [
                0.0
            ],
            "UnitPairs": [
                [
                    0.0,
                    0.0
                ]
            ]
        }
    ]
}