{
    "Pand ID": "0599100000044742",
    "Archetype ID": "TI.1946",
    "Construction Year": 1922,
    "Number of Floors": 3,
    "Wall Area": 47.33,
    "Roof Area (Flat)": 10.62,
    "Roof Area (Sloped)": 53.74,
    "Floor Area": 45.69,
    "Shared Wall Area": 119.58,
    "Absolute Height (70%)": 5.855801105499268,
    "Surfaces": [
        {
            "Type": "G",
            "Centroid": {
                "x": 94685.410925,
                "y": 433400.02590000007
            },
            "Distances": [
                6.372283366297627,
                6.36809137031206,
                3.0754939928864986,
                2.643367189786057,
                4.293099870705428,
                4.2284655963936855,
                4.2748390027625875,
                3.7531663565211533,
                2.619157593533829,
                3.054955662527092
            ],
            "UnitPairs": [
                [
                    -0.9165160530838165,
                    -0.3999979055440951
                ],
                [
                    -0.36891744533827314,
                    -0.9294621662687955
                ],
                [
                    0.14296890223329603,
                    -0.9897271810929548
                ],
                [
                    0.932030937477275,
                    -0.3623787129305913
                ],
                [
                    0.9805735079022118,
                    0.1961519706766947
                ],
                [
                    0.9759332093213567,
                    0.21806964700232134
                ],
                [
                    0.17069648693779207,
                    0.9853236571538796
                ],
                [
                    0.07319153320160954,
                    0.9973179029114025
                ],
                [
                    -0.3887891291935305,
                    0.9213267677761979
                ],
                [
                    -0.9938933115302144,
                    0.11034530028734482
                ]
            ]
        },
        {
            "Type": "F",
            "Centroid": {
                "x": 94685.36206944444,
                "y": 433400.36411111115
            },
            "Distances": [
                2.9874446510691874,
                6.471185310371085,
                6.666594640373936,
                2.8271610198453536,
                4.288262985415058,
                4.216181973315068,
                3.9513496271959947,
                3.4202275572168936,
                2.2901935359255927
            ],
            "UnitPairs": [
                [
                    -0.9999999308351745,
                    -0.00037192693682821067
                ],
                [
                    -0.8949588316015508,
                    -0.4461487305130287
                ],
                [
                    -0.34507039478903456,
                    -0.938576807000972
                ],
                [
                    0.8887203586636668,
                    -0.4584496963645231
                ],
                [
                    0.9930723861945943,
                    0.11750419472416514
                ],
                [
                    0.9903641688108261,
                    0.13848759199163382
                ],
                [
                    0.19703534969459247,
                    0.980396384617329
                ],
                [
                    0.09460059313179082,
                    0.9955153076568504
                ],
                [
                    -0.42330241057767304,
                    0.9059884487117544
                ]
            ]
        },
        {
            "Type": "R",
            "Centroid": {
                "x": 94685.85062499999,
                "y": 433396.982
            },
            "Distances": [
                0.0
            ],
            "UnitPairs": [
                [
                    0.0,
                    0.0
                ]
            ]
        }
    ]
}