{
    "Pand ID": "0599100000155574",
    "Archetype ID": "TI.1946",
    "Construction Year": 1941,
    "Number of Floors": 2,
    "Wall Area": 52.0,
    "Roof Area (Flat)": 0.0,
    "Roof Area (Sloped)": 45.29,
    "Floor Area": 38.19,
    "Shared Wall Area": 116.52,
    "Absolute Height (70%)": 6.564906120300293,
    "Surfaces": [
        {
            "Type": "G",
            "Centroid": {
                "x": 96232.80587499999,
                "y": 434227.90437500004
            },
            "Distances": [
                4.206667120857872,
                3.727426191869854,
                2.6558365943225453,
                5.531274470295008,
                5.506149722392068,
                2.6324546084370946,
                3.5839013331192575,
                4.231540442377741
            ],
            "UnitPairs": [
                [
                    -0.7074484180693172,
                    -0.7067649791629609
                ],
                [
                    -0.6476318713580693,
                    -0.7619533838767599
                ],
                [
                    0.733855390114825,
                    -0.6793057238088148
                ],
                [
                    0.9844024246579429,
                    -0.17593142507114193
                ],
                [
                    0.798198418421272,
                    0.6023946254987506
                ],
                [
                    0.3365680065893432,
                    0.9416591617673966
                ],
                [
                    -0.9096232560502474,
                    0.41543414887626434
                ],
                [
                    -0.9511902473351985,
                    0.3086051091190878
                ]
            ]
        },
        {
            "Type": "F",
            "Centroid": {
                "x": 96232.52744642856,
                "y": 434228.1621071429
            },
            "Distances": [
                4.208958242838716,
                3.762629958472092,
                5.85428423622691,
                5.585632429043944,
                2.507861537170019,
                3.2257527676890336,
                3.8904242594106178
            ],
            "UnitPairs": [
                [
                    -0.6409119009805281,
                    -0.7676144443544074
                ],
                [
                    -0.5675741308952079,
                    -0.8233222977294793
                ],
                [
                    0.9776478798244044,
                    -0.2102489549910942
                ],
                [
                    0.8366874531759477,
                    0.5476806603285771
                ],
                [
                    0.4643113482023737,
                    0.8856720453590562
                ],
                [
                    -0.9243025251129545,
                    0.38166063730730215
                ],
                [
                    -0.9630238705976203,
                    0.2694160809216441
                ]
            ]
        },
        {
            "Type": "R",
            "Centroid": {
                "x": 96234.754875,
                "y": 434226.10025
            },
            "Distances": [
                0.0
            ],
            "UnitPairs": [
                [
                    0.0,
                    0.0
                ]
            ]
        }
    ]
}