{
    "Pand ID": "0599100000184072",
    "Archetype ID": "TI.1946",
    "Construction Year": 1933,
    "Number of Floors": 3,
    "Wall Area": 73.61,
    "Roof Area (Flat)": 0.0,
    "Roof Area (Sloped)": 76.17,
    "Floor Area": 54.51,
    "Shared Wall Area": 152.7,
    "Absolute Height (70%)": 4.704833984375,
    "Surfaces": [
        {
            "Type": "G",
            "Centroid": {
                "x": 91979.377,
                "y": 442139.22687500005
            },
            "Distances": [
                4.184701686284523,
                3.334377108727008,
                3.9115370320701524,
                4.930714750773203,
                3.4052442207799727,
                6.587083512677723,
                6.352860355990168,
                2.9215003770334858
            ],
            "UnitPairs": [
                [
                    -0.9805358440360595,
                    -0.19634016033530216
                ],
                [
                    -0.7993247053639368,
                    -0.6008993388204513
                ],
                [
                    -0.7777633127478061,
                    -0.6285572601947721
                ],
                [
                    0.0060336080072058915,
                    -0.9999817976215445
                ],
                [
                    0.953749507943103,
                    -0.30060252177633
                ],
                [
                    0.9279903599575484,
                    0.37260420264116695
                ],
                [
                    0.2600009928515256,
                    0.9656083490298853
                ],
                [
                    -0.4214444090701472,
                    0.9068542385981964
                ]
            ]
        },
        {
            "Type": "F",
            "Centroid": {
                "x": 91978.6548611111,
                "y": 442138.48747222224
            },
            "Distances": [
                3.3821107077570285,
                2.318175708886749,
                2.8876704481792275,
                3.046499586146619,
                4.397704294494247,
                4.258131117914893,
                7.544264219740678,
                7.272150259378954,
                3.426807399120733
            ],
            "UnitPairs": [
                [
                    -0.999704445912676,
                    -0.02431091981866293
                ],
                [
                    -0.8382070020274945,
                    -0.5453521997315859
                ],
                [
                    -0.8034542558604507,
                    -0.5953664911125999
                ],
                [
                    -0.7957037388555305,
                    -0.6056860242496354
                ],
                [
                    0.14027520896882958,
                    -0.9901125520610023
                ],
                [
                    0.1765772044277123,
                    -0.9842867930011527
                ],
                [
                    0.9059715685728884,
                    0.4233385370334009
                ],
                [
                    0.32643562140777593,
                    0.9452194375255512
                ],
                [
                    -0.14856717983075798,
                    0.9889023172574404
                ]
            ]
        },
        {
            "Type": "R",
            "Centroid": {
                "x": 91982.62474999999,
                "y": 442138.20325
            },
            "Distances": [
                0.0
            ],
            "UnitPairs": [
                [
                    0.0,
                    0.0
                ]
            ]
        }
    ]
}