{
    "Pand ID": "0599100000188048",
    "Archetype ID": "TI.1946",
    "Construction Year": 1917,
    "Number of Floors": 3,
    "Wall Area": 79.27,
    "Roof Area (Flat)": 9.74,
    "Roof Area (Sloped)": 52.4,
    "Floor Area": 47.39,
    "Shared Wall Area": 132.08,
    "Absolute Height (70%)": 6.22635555267334,
    "Surfaces": [
        {
            "Type": "G",
            "Centroid": {
                "x": 94512.58333333333,
                "y": 433559.3357
            },
            "Distances": [
                3.942380594386519,
                2.741679427728107,
                3.2587272798323412,
                9.328624751329777,
                9.470107888385893,
                4.444227898923331,
                1.9497491508210556,
                3.0950723445228765,
                3.342881813331104,
                5.436265404793141,
                5.282039374274778,
                5.456630769164001,
                6.072028383021431,
                3.847917491036305,
                3.0600540329214314
            ],
            "UnitPairs": [
                [
                    -0.8858437813692571,
                    -0.46398361502257374
                ],
                [
                    -0.3181748108514821,
                    -0.9480320615567933
                ],
                [
                    -0.31280105568774075,
                    -0.9498186666730839
                ],
                [
                    -0.2930049612010635,
                    -0.9561109207155639
                ],
                [
                    -0.1132334864574231,
                    -0.9935684060721217
                ],
                [
                    0.08745426101122587,
                    -0.9961685360575189
                ],
                [
                    0.9537979108172442,
                    0.3004489063395975
                ],
                [
                    0.7420397364024195,
                    0.6703558977139142
                ],
                [
                    0.7112625571102439,
                    0.7029264363025458
                ],
                [
                    0.5545473670236245,
                    0.8321521602009849
                ],
                [
                    0.4571466616546982,
                    0.8893913254231597
                ],
                [
                    0.4430695000178223,
                    0.8964872660300072
                ],
                [
                    -0.19801181046789793,
                    0.9801996342150028
                ],
                [
                    -0.5156901981263874,
                    0.8567751277647871
                ],
                [
                    -0.7821212656958351,
                    0.6231262518513764
                ]
            ]
        },
        {
            "Type": "F",
            "Centroid": {
                "x": 94512.66386666667,
                "y": 433559.6101
            },
            "Distances": [
                4.14614389254428,
                3.027462938569257,
                3.5445607406693664,
                9.61457885597372,
                9.751984952352789,
                4.711686397759856,
                2.855291072928594,
                3.0958208461094006,
                5.1639654121617395,
                5.3408647531048645,
                5.0014643833632615,
                5.175188400210582,
                5.820534137371547,
                3.6604065499903915,
                2.963907226020106
            ],
            "UnitPairs": [
                [
                    -0.8617324336219924,
                    -0.5073629990883436
                ],
                [
                    -0.3147409847811754,
                    -0.9491775979757296
                ],
                [
                    -0.31029702892418276,
                    -0.9506396550958859
                ],
                [
                    -0.2926666585001133,
                    -0.9562145298009115
                ],
                [
                    -0.11821866751268367,
                    -0.9929875863531857
                ],
                [
                    0.06539767448684704,
                    -0.9978592807463947
                ],
                [
                    0.7761497082895081,
                    0.6305486740308883
                ],
                [
                    0.7420110683126476,
                    0.6703876300331947
                ],
                [
                    0.5681938392574087,
                    0.8228947448063609
                ],
                [
                    0.5592976926801948,
                    0.8289668817043359
                ],
                [
                    0.4666899840577844,
                    0.8844209737337445
                ],
                [
                    0.45160352678933396,
                    0.8922187257569947
                ],
                [
                    -0.22040359808882862,
                    0.9754087624937035
                ],
                [
                    -0.5641085596551927,
                    0.8257006315389035
                ],
                [
                    -0.834664001946187,
                    0.5507594791332924
                ]
            ]
        },
        {
            "Type": "R",
            "Centroid": {
                "x": 94514.443,
                "y": 433559.9215
            },
            "Distances": [
                0.0
            ],
            "UnitPairs": [
                [
                    0.0,
                    0.0
                ]
            ]
        }
    ]
}