{
    "Pand ID": "0599100000163560",
    "Archetype ID": "TI.1946",
    "Construction Year": 1933,
    "Number of Floors": 3,
    "Wall Area": 116.9,
    "Roof Area (Flat)": 33.44,
    "Roof Area (Sloped)": 29.42,
    "Floor Area": 47.84,
    "Shared Wall Area": 146.84,
    "Absolute Height (70%)": 3.8550379276275635,
    "Surfaces": [
        {
            "Type": "G",
            "Centroid": {
                "x": 91156.6831,
                "y": 440267.46329999994
            },
            "Distances": [
                4.072287674019049,
                1.9459432931034164,
                7.428899656054005,
                2.5950244892670695,
                3.3110837047588957,
                7.088958350841425,
                7.261910416712258,
                3.640960326657589,
                3.2441059939839767,
                2.019012654742005
            ],
            "UnitPairs": [
                [
                    -0.9655752036114763,
                    -0.2601240591922555
                ],
                [
                    -0.9594832524772312,
                    -0.2817656618818446
                ],
                [
                    -0.8708019086958905,
                    -0.49163404663590377
                ],
                [
                    -0.41390746192971883,
                    -0.9103189622098941
                ],
                [
                    0.9081316777603315,
                    -0.4186846735291433
                ],
                [
                    0.9982989953890798,
                    -0.05830193654720098
                ],
                [
                    0.8189167393623334,
                    0.5739123399894482
                ],
                [
                    0.5058830184206676,
                    0.86260209347856
                ],
                [
                    -0.7743581759200221,
                    0.6327475131407598
                ],
                [
                    -0.9995479697768508,
                    0.030064199889166282
                ]
            ]
        },
        {
            "Type": "F",
            "Centroid": {
                "x": 91156.23023809523,
                "y": 440267.24490476184
            },
            "Distances": [
                4.452106496500634,
                7.875661609024985,
                1.4522074720673024,
                1.370384050801216,
                3.5794159498314,
                4.452048615550442,
                8.164109983783645,
                6.927252177602577,
                2.3031287247676167,
                2.0027774330799484,
                2.23209865350288,
                3.6515686999510057,
                7.5322839968111985,
                6.92294084353229,
                5.442694694919885,
                7.224254129853433,
                7.758529749619511,
                5.8756382647588,
                4.068101893820579,
                3.0656704182998022,
                1.5899259249198776
            ],
            "UnitPairs": [
                [
                    -0.9795897961263758,
                    -0.20100704297383676
                ],
                [
                    -0.9773449492059356,
                    -0.2116526641969031
                ],
                [
                    -0.9738540273633228,
                    -0.22717467593954302
                ],
                [
                    -0.9728937624856088,
                    -0.23125251764379964
                ],
                [
                    -0.9720127931502518,
                    -0.23492792501583512
                ],
                [
                    -0.9717409823705596,
                    -0.23604970489602312
                ],
                [
                    -0.8894096367708337,
                    -0.4571110346722925
                ],
                [
                    -0.8684883906335482,
                    -0.49570950700460586
                ],
                [
                    -0.8454751461762676,
                    -0.5340147724531774
                ],
                [
                    -0.36461270392311257,
                    -0.9311592646469651
                ],
                [
                    -0.2783201783038613,
                    -0.9604883540933262
                ],
                [
                    0.9474727682974384,
                    -0.319836447789786
                ],
                [
                    0.9996651623798338,
                    -0.025875917840733613
                ],
                [
                    0.9965074179731674,
                    0.08350428686271646
                ],
                [
                    0.9926630479223834,
                    0.12091349506752405
                ],
                [
                    0.855972366642609,
                    0.5170215735772067
                ],
                [
                    0.8248678694661817,
                    0.565325568077654
                ],
                [
                    0.7901715006193348,
                    0.6128857965469493
                ],
                [
                    0.5640866341741433,
                    0.825715610332084
                ],
                [
                    -0.6717088969959834,
                    0.7408151980733383
                ],
                [
                    -0.9844723396888768,
                    0.1755397743746663
                ]
            ]
        },
        {
            "Type": "R",
            "Centroid": {
                "x": 91154.283,
                "y": 440266.01499999996
            },
            "Distances": [
                0.0
            ],
            "UnitPairs": [
                [
                    0.0,
                    0.0
                ]
            ]
        }
    ]
}