{
    "Pand ID": "0599100000234406",
    "Archetype ID": "TI.1946",
    "Construction Year": 1921,
    "Number of Floors": 3,
    "Wall Area": 45.81,
    "Roof Area (Flat)": 0.0,
    "Roof Area (Sloped)": 58.73,
    "Floor Area": 42.03,
    "Shared Wall Area": 124.93,
    "Absolute Height (70%)": 6.291362285614014,
    "Surfaces": [
        {
            "Type": "G",
            "Centroid": {
                "x": 94140.29891666667,
                "y": 433689.46308333334
            },
            "Distances": [
                3.3511929986116393,
                4.744206854746112,
                4.071867038678986,
                3.7751381229362466,
                2.717582506667506,
                4.628650488780892,
                6.02074462564869,
                5.984216686169624,
                4.477543468638329,
                2.5493417478265656,
                3.5595487561159307,
                5.177412884883323
            ],
            "UnitPairs": [
                [
                    -0.9963367278631973,
                    -0.08551680952220539
                ],
                [
                    -0.992561414551162,
                    -0.12174497256230454
                ],
                [
                    -0.677064511310703,
                    -0.7359236696313001
                ],
                [
                    -0.6349215813064023,
                    -0.7725765888191135
                ],
                [
                    0.694765781238222,
                    -0.7192360594550603
                ],
                [
                    0.9540757817065166,
                    -0.2995653564100812
                ],
                [
                    0.9847757548257334,
                    -0.1738295507311891
                ],
                [
                    0.8350438487437191,
                    0.5501833973097304
                ],
                [
                    0.7551201584101231,
                    0.6555864141077592
                ],
                [
                    0.3507114470215388,
                    0.936483572161337
                ],
                [
                    -0.909923388773346,
                    0.4147763572857428
                ],
                [
                    -0.9782717313232068,
                    0.20732684267575088
                ]
            ]
        },
        {
            "Type": "F",
            "Centroid": {
                "x": 94140.21763636364,
                "y": 433689.24604545446
            },
            "Distances": [
                3.2583786225656395,
                4.641660407532954,
                3.8580957587853915,
                3.5566441246392184,
                2.6263010753765914,
                4.646946981380905,
                6.067340167021951,
                6.1730096735800295,
                4.682513386176061,
                3.5830790812813578,
                5.1480000329332976
            ],
            "UnitPairs": [
                [
                    -0.9997721999176771,
                    -0.02134357682696154
                ],
                [
                    -0.9969786579242912,
                    -0.07767596567458318
                ],
                [
                    -0.6935121704910964,
                    -0.7204449107188755
                ],
                [
                    -0.6510733946067948,
                    -0.759014779062427
                ],
                [
                    0.7498620987578056,
                    -0.6615941602270525
                ],
                [
                    0.9678104042024216,
                    -0.2516803955765031
                ],
                [
                    0.9906093066995199,
                    -0.13672308320213075
                ],
                [
                    0.8226722303867497,
                    0.56851596402431
                ],
                [
                    0.7394241832977433,
                    0.6732398362801071
                ],
                [
                    -0.881263374882629,
                    0.4726255008888951
                ],
                [
                    -0.968072325516798,
                    0.25067104453545985
                ]
            ]
        },
        {
            "Type": "R",
            "Centroid": {
                "x": 94141.193,
                "y": 433691.8505
            },
            "Distances": [
                0.0
            ],
            "UnitPairs": [
                [
                    0.0,
                    0.0
                ]
            ]
        }
    ]
}