{
    "Pand ID": "0599100000305318",
    "Archetype ID": "TI.1946",
    "Construction Year": 1941,
    "Number of Floors": 1,
    "Wall Area": 65.13,
    "Roof Area (Flat)": 0.0,
    "Roof Area (Sloped)": 77.47,
    "Floor Area": 74.53,
    "Shared Wall Area": 57.26,
    "Absolute Height (70%)": -1.0160117149353027,
    "Surfaces": [
        {
            "Type": "G",
            "Centroid": {
                "x": 89286.85810795455,
                "y": 440111.8067954545
            },
            "Distances": [
                7.353258829481769,
                3.567529684487263,
                6.723825524657413,
                4.352800170291163,
                2.8177385765586793,
                3.171828688824745,
                5.058469662080081,
                8.212536572736601,
                8.266078033106377,
                5.282969976901028,
                3.553826242055978
            ],
            "UnitPairs": [
                [
                    -0.9929672848286731,
                    -0.11838906731608621
                ],
                [
                    -0.9607615794931891,
                    -0.27737553491566724
                ],
                [
                    -0.9159288015389682,
                    -0.40134079098864295
                ],
                [
                    -0.340595799611602,
                    -0.9402098176933347
                ],
                [
                    0.23687596535641336,
                    -0.9715398998684858
                ],
                [
                    0.2889357009315893,
                    -0.9573485053663432
                ],
                [
                    0.9960432466786165,
                    -0.08886985285191304
                ],
                [
                    0.9840387892185336,
                    0.1779540988944133
                ],
                [
                    0.5820722386329131,
                    0.8131370788574759
                ],
                [
                    0.3659787115772633,
                    0.9306232227234856
                ],
                [
                    -0.8662622325546862,
                    0.4995895760015123
                ]
            ]
        },
        {
            "Type": "F",
            "Centroid": {
                "x": 89287.23206250001,
                "y": 440111.8725
            },
            "Distances": [
                7.732390594941397,
                3.9452445821131295,
                7.0932809272399835,
                4.55385938659059,
                2.8185728325653847,
                3.1493271205857094,
                4.69287148900874,
                4.176511679903925,
                7.832858629660451,
                7.999400872068778,
                5.095273870195931,
                3.8526615881138575
            ],
            "UnitPairs": [
                [
                    -0.9926425606375202,
                    -0.1210815708974199
                ],
                [
                    -0.9635651024656654,
                    -0.26747391145742005
                ],
                [
                    -0.9209419543682913,
                    -0.38969977762928226
                ],
                [
                    -0.40767618022542834,
                    -0.9131265695821167
                ],
                [
                    0.10413071345688091,
                    -0.9945636201445139
                ],
                [
                    0.17225901889813205,
                    -0.9850516892063346
                ],
                [
                    0.9939543434993289,
                    -0.10979418490438461
                ],
                [
                    0.984912844799425,
                    0.17305111426715442
                ],
                [
                    0.9839958008183326,
                    0.17819164955712252
                ],
                [
                    0.5547290442062616,
                    0.8320310616281147
                ],
                [
                    0.30606794447508406,
                    0.9520096708357519
                ],
                [
                    -0.896133730163465,
                    0.44378411154897635
                ]
            ]
        },
        {
            "Type": "R",
            "Centroid": {
                "x": 89285.97889583332,
                "y": 440111.67508333334
            },
            "Distances": [
                6.464691805398003,
                2.688843767417291,
                5.870263520961011,
                4.301596192784696,
                9.101193720552116,
                8.907838148055228
            ],
            "UnitPairs": [
                [
                    -0.9934477198059952,
                    -0.11428747968289765
                ],
                [
                    -0.9477431765300128,
                    -0.31903427925663586
                ],
                [
                    -0.8993349812106027,
                    -0.43726032471620935
                ],
                [
                    -0.09329870014320793,
                    -0.9956381634668228
                ],
                [
                    0.9845594920637389,
                    0.17505029730678126
                ],
                [
                    0.6388381302054529,
                    0.7693411748994075
                ]
            ]
        }
    ]
}