{
    "Pand ID": "0599100000305304",
    "Archetype ID": "TI.1946",
    "Construction Year": 1941,
    "Number of Floors": 1,
    "Wall Area": 59.28,
    "Roof Area (Flat)": 15.39,
    "Roof Area (Sloped)": 63.93,
    "Floor Area": 71.47,
    "Shared Wall Area": 57.24,
    "Absolute Height (70%)": -1.2171663045883179,
    "Surfaces": [
        {
            "Type": "G",
            "Centroid": {
                "x": 89139.49997916666,
                "y": 440121.2006666667
            },
            "Distances": [
                7.0081278537116924,
                7.451490601253875,
                3.959350264110121,
                3.8549833999681256,
                5.382429533276906,
                8.358081010659822,
                8.391170638270006,
                5.418367452198583,
                2.2694134735322145,
                3.1825780190245805,
                3.181827359752217,
                4.134738445645478
            ],
            "UnitPairs": [
                [
                    -0.6778438929515613,
                    -0.7352058601427713
                ],
                [
                    -0.5454501500648427,
                    -0.8381432656737395
                ],
                [
                    -0.5019552537877315,
                    -0.8648935906774278
                ],
                [
                    -0.06262456711453769,
                    -0.9980371554174307
                ],
                [
                    0.9981706774103836,
                    -0.06045906679808938
                ],
                [
                    0.9845062907202945,
                    0.175349261567213
                ],
                [
                    0.58449333767187,
                    0.811398507650339
                ],
                [
                    0.3778967283775089,
                    0.9258477535111134
                ],
                [
                    -0.39323670061776317,
                    0.9194372720785555
                ],
                [
                    -0.43311323663375406,
                    0.9013395166376728
                ],
                [
                    -0.9756709952077961,
                    0.21923984380177994
                ],
                [
                    -0.9999221767030653,
                    0.012475597677215828
                ]
            ]
        },
        {
            "Type": "F",
            "Centroid": {
                "x": 89139.49997916666,
                "y": 440121.2006666667
            },
            "Distances": [
                7.0081278537116924,
                7.451490601253875,
                3.959350264110121,
                3.8549833999681256,
                5.382429533276906,
                8.358081010659822,
                8.391170638270006,
                5.418367452198583,
                2.2694134735322145,
                3.1825780190245805,
                3.181827359752217,
                4.134738445645478
            ],
            "UnitPairs": [
                [
                    -0.6778438929515613,
                    -0.7352058601427713
                ],
                [
                    -0.5454501500648427,
                    -0.8381432656737395
                ],
                [
                    -0.5019552537877315,
                    -0.8648935906774278
                ],
                [
                    -0.06262456711453769,
                    -0.9980371554174307
                ],
                [
                    0.9981706774103836,
                    -0.06045906679808938
                ],
                [
                    0.9845062907202945,
                    0.175349261567213
                ],
                [
                    0.58449333767187,
                    0.811398507650339
                ],
                [
                    0.3778967283775089,
                    0.9258477535111134
                ],
                [
                    -0.39323670061776317,
                    0.9194372720785555
                ],
                [
                    -0.43311323663375406,
                    0.9013395166376728
                ],
                [
                    -0.9756709952077961,
                    0.21923984380177994
                ],
                [
                    -0.9999221767030653,
                    0.012475597677215828
                ]
            ]
        },
        {
            "Type": "R",
            "Centroid": {
                "x": 89138.9906875,
                "y": 440121.00800000003
            },
            "Distances": [
                6.525814993432446,
                7.019593743835954,
                3.5537390982367483,
                8.893832277379746,
                8.850284971554087,
                2.311225936156633,
                3.182236607786296,
                3.6333440971318125
            ],
            "UnitPairs": [
                [
                    -0.6498996683584681,
                    -0.7600200135967166
                ],
                [
                    -0.5064573719983124,
                    -0.8622650000716503
                ],
                [
                    -0.4159351486234816,
                    -0.9093942776043636
                ],
                [
                    0.9824645583017985,
                    0.18644943464878613
                ],
                [
                    0.6117175907215683,
                    0.7910762221188296
                ],
                [
                    -0.1657670044343092,
                    0.9861649457574913
                ],
                [
                    -0.2731176550074447,
                    0.9619806372912265
                ],
                [
                    -0.9977378698779552,
                    0.06722457148543591
                ]
            ]
        }
    ]
}