{
    "Pand ID": "0599100000014034",
    "Archetype ID": "TI.1946",
    "Construction Year": 1900,
    "Number of Floors": 2,
    "Wall Area": 60.05,
    "Roof Area (Flat)": 0.0,
    "Roof Area (Sloped)": 44.58,
    "Floor Area": 33.48,
    "Shared Wall Area": 48.27,
    "Absolute Height (70%)": 5.359507083892822,
    "Surfaces": [
        {
            "Type": "G",
            "Centroid": {
                "x": 97399.30750000001,
                "y": 435062.1715833333
            },
            "Distances": [
                4.073871053549512,
                2.9376204703500455,
                4.115471098302315,
                4.0723472381169765,
                2.938999097401786,
                4.1077813185987475
            ],
            "UnitPairs": [
                [
                    -0.7162720571292275,
                    -0.6978211376677155
                ],
                [
                    -0.02314798684365059,
                    -0.9997320494537955
                ],
                [
                    0.6762287800159337,
                    -0.7366916838665698
                ],
                [
                    0.7076999655192477,
                    0.7065130988198702
                ],
                [
                    0.0438924939156521,
                    0.9990362600916267
                ],
                [
                    -0.6835806928890775,
                    0.7298749456648644
                ]
            ]
        },
        {
            "Type": "F",
            "Centroid": {
                "x": 97399.2817,
                "y": 435061.58434999996
            },
            "Distances": [
                3.6677721030482298,
                2.349978936091666,
                3.723630835613942,
                4.522982224150899,
                4.5382518661148215
            ],
            "UnitPairs": [
                [
                    -0.7885440858221222,
                    -0.6149782310902994
                ],
                [
                    -0.017957607767503003,
                    -0.9998387491607177
                ],
                [
                    0.7543175260916474,
                    -0.6565097636981317
                ],
                [
                    0.6428944125569152,
                    0.7659548121809138
                ],
                [
                    -0.6130554411875991,
                    0.7900398888855412
                ]
            ]
        },
        {
            "Type": "R",
            "Centroid": {
                "x": 97399.43650000001,
                "y": 435065.10774999997
            },
            "Distances": [
                0.0
            ],
            "UnitPairs": [
                [
                    0.0,
                    0.0
                ]
            ]
        }
    ]
}