{
    "Pand ID": "0599100000185370",
    "Archetype ID": "TI.1946",
    "Construction Year": 1927,
    "Number of Floors": 3,
    "Wall Area": 98.55,
    "Roof Area (Flat)": 0.0,
    "Roof Area (Sloped)": 78.91,
    "Floor Area": 55.71,
    "Shared Wall Area": 163.09,
    "Absolute Height (70%)": 8.00067138671875,
    "Surfaces": [
        {
            "Type": "G",
            "Centroid": {
                "x": 93902.14621428572,
                "y": 433866.05910714285
            },
            "Distances": [
                3.022135868747703,
                4.723361461414533,
                8.20994223456444,
                7.767397490827211,
                8.142153457369835,
                2.6373200267395753,
                3.85966017128476,
                3.7412032530644517,
                3.9065942138927277,
                3.1935792607968914,
                3.0349654849630454,
                3.236243003941528,
                3.1071377840622403,
                4.13421207668003
            ],
            "UnitPairs": [
                [
                    -0.9805033308920185,
                    -0.19650246336791033
                ],
                [
                    0.13227565143539727,
                    -0.9912129700711857
                ],
                [
                    0.385360289254899,
                    -0.9227661932826648
                ],
                [
                    0.6492246238503669,
                    -0.7605967313802693
                ],
                [
                    0.8577320178070835,
                    -0.5140970585683108
                ],
                [
                    0.4712305301120702,
                    0.8820100835536391
                ],
                [
                    -0.028037257405337863,
                    0.9996068788264648
                ],
                [
                    -0.0695536350526158,
                    0.9975782134003165
                ],
                [
                    -0.10218985230080573,
                    0.9947649139805542
                ],
                [
                    -0.6855049168808656,
                    0.7280679974646308
                ],
                [
                    -0.6867340983088411,
                    0.7269087138148386
                ],
                [
                    -0.7734939195464519,
                    0.6338037207406305
                ],
                [
                    -0.7956564714966359,
                    0.6057481154452922
                ],
                [
                    -0.9864550269989067,
                    0.16403194721939465
                ]
            ]
        },
        {
            "Type": "F",
            "Centroid": {
                "x": 93902.1651904762,
                "y": 433866.132297619
            },
            "Distances": [
                3.055881634211381,
                4.793483392958898,
                8.270293611418511,
                3.4358269594564774,
                3.332874983750311,
                7.810991790573131,
                8.163826206131118,
                2.5638845881786323,
                3.7870888481210345,
                3.952992680733567,
                1.1418425546278657,
                3.669588512135577,
                3.8358166189189,
                3.153949065129779,
                2.995479266942972,
                3.205267604984524,
                3.078691070127477,
                1.153456354781816,
                1.1410064231323755,
                1.2311545841302858,
                4.141610457480301
            ],
            "UnitPairs": [
                [
                    -0.9758854671613113,
                    -0.21828319904048774
                ],
                [
                    0.12638189686578385,
                    -0.9919816611936969
                ],
                [
                    0.3802536731536539,
                    -0.9248822325318797
                ],
                [
                    0.5279106151732478,
                    -0.8492999366462964
                ],
                [
                    0.5883237545264478,
                    -0.8086254756436406
                ],
                [
                    0.6431717838783286,
                    -0.7657219184682965
                ],
                [
                    0.8531305478523572,
                    -0.5216974873632582
                ],
                [
                    0.47732629208102445,
                    0.878726129626393
                ],
                [
                    -0.03358528972966271,
                    0.9994358550271121
                ],
                [
                    -0.06759194812016557,
                    0.9977130492026858
                ],
                [
                    -0.07110479099325968,
                    0.9974688509912503
                ],
                [
                    -0.07608222973084869,
                    0.9971015466436618
                ],
                [
                    -0.1090225414142511,
                    0.99403927762618
                ],
                [
                    -0.700135110175232,
                    0.7140103833278026
                ],
                [
                    -0.702121526729055,
                    0.7120571337355318
                ],
                [
                    -0.786889204594938,
                    0.617094303726704
                ],
                [
                    -0.8091719563451899,
                    0.5875719062927516
                ],
                [
                    -0.8723264404635944,
                    0.48892390130583213
                ],
                [
                    -0.8967438354948934,
                    0.4425499898338125
                ],
                [
                    -0.9188045845567248,
                    0.39471272515279293
                ],
                [
                    -0.9892747080540158,
                    0.1460669435726017
                ]
            ]
        },
        {
            "Type": "R",
            "Centroid": {
                "x": 93902.084,
                "y": 433867.27125
            },
            "Distances": [
                0.0
            ],
            "UnitPairs": [
                [
                    0.0,
                    0.0
                ]
            ]
        }
    ]
}