{
    "Pand ID": "0599100000255539",
    "Archetype ID": "TI.1946",
    "Construction Year": 1918,
    "Number of Floors": 4,
    "Wall Area": 155.35,
    "Roof Area (Flat)": 0.0,
    "Roof Area (Sloped)": 71.9,
    "Floor Area": 54.53,
    "Shared Wall Area": 211.0,
    "Absolute Height (70%)": 12.217329978942871,
    "Surfaces": [
        {
            "Type": "G",
            "Centroid": {
                "x": 89347.82544642857,
                "y": 436893.43846428575
            },
            "Distances": [
                5.982524477398811,
                3.2839600410371053,
                4.563925657616269,
                3.1887358412564524,
                4.672428029818345,
                3.41592913227372,
                6.031115922054884
            ],
            "UnitPairs": [
                [
                    -0.9079062608262579,
                    -0.4191732595866333
                ],
                [
                    -0.0708204197606561,
                    -0.9974890817171507
                ],
                [
                    0.5840210317557467,
                    -0.8117385259225739
                ],
                [
                    0.9669752293459788,
                    -0.2548703706421985
                ],
                [
                    0.7761336393594085,
                    0.6305684529491778
                ],
                [
                    0.2275891979375959,
                    0.9737572371911398
                ],
                [
                    -0.7442356417264979,
                    0.6679171427534616
                ]
            ]
        },
        {
            "Type": "F",
            "Centroid": {
                "x": 89348.1687840909,
                "y": 436892.86702272727
            },
            "Distances": [
                6.090872440183188,
                0.926154655688293,
                2.6498853132579563,
                2.764916321399117,
                3.8999364319716086,
                1.0703856106026983,
                2.750692770743113,
                2.3027072191714772,
                4.811765900677777,
                3.9218251886349282,
                6.6711945292057315
            ],
            "UnitPairs": [
                [
                    -0.9481251081219297,
                    -0.3178974352661236
                ],
                [
                    -0.3205826252442881,
                    -0.9472205553045606
                ],
                [
                    -0.21091821902965874,
                    -0.9775037109297114
                ],
                [
                    -0.2082916891390385,
                    -0.9780667524436184
                ],
                [
                    0.5954176304137343,
                    -0.8034163586786703
                ],
                [
                    0.894155246125867,
                    -0.44775707233453077
                ],
                [
                    0.9961457485321425,
                    -0.08771344071085958
                ],
                [
                    0.999732354132067,
                    -0.023134824433210004
                ],
                [
                    0.6823047872375759,
                    0.7310678335918538
                ],
                [
                    0.11068594040217501,
                    0.9938554334495969
                ],
                [
                    -0.7242944377881227,
                    0.6894908029765062
                ]
            ]
        },
        {
            "Type": "R",
            "Centroid": {
                "x": 89347.59287499999,
                "y": 436890.16275
            },
            "Distances": [
                0.0
            ],
            "UnitPairs": [
                [
                    0.0,
                    0.0
                ]
            ]
        }
    ]
}