{
    "Pand ID": "0599100000635218",
    "Archetype ID": "TI.1946",
    "Construction Year": 1902,
    "Number of Floors": null,
    "Wall Area": 229.19,
    "Roof Area (Flat)": 51.4,
    "Roof Area (Sloped)": 31.38,
    "Floor Area": 72.82,
    "Shared Wall Area": 310.38,
    "Absolute Height (70%)": 11.661541938781738,
    "Surfaces": [
        {
            "Type": "G",
            "Centroid": {
                "x": 91124.47508333334,
                "y": 436394.30919444445
            },
            "Distances": [
                4.8677617463935245,
                7.817235592477995,
                8.19537790314508,
                5.471669151949424,
                5.310304728435693,
                5.571518581949302,
                3.9702200159868135,
                6.12149330708614,
                4.742999083774457
            ],
            "UnitPairs": [
                [
                    -0.2383710201496478,
                    -0.9711741639648452
                ],
                [
                    -0.02140569148339465,
                    -0.999770871936224
                ],
                [
                    0.688518178582245,
                    -0.7252190825962785
                ],
                [
                    0.8488573664957386,
                    -0.5286219550358455
                ],
                [
                    0.3967129523431087,
                    0.917942717953149
                ],
                [
                    -0.33802872693408925,
                    0.9411357924164391
                ],
                [
                    -0.3537167531483156,
                    0.9353525851475547
                ],
                [
                    -0.6737462783086299,
                    0.7389627544506355
                ],
                [
                    -0.7704689098171209,
                    0.6374775752959607
                ]
            ]
        },
        {
            "Type": "F",
            "Centroid": {
                "x": 91124.47508333334,
                "y": 436394.30919444445
            },
            "Distances": [
                4.8677617463935245,
                7.817235592477995,
                8.19537790314508,
                5.471669151949424,
                5.310304728435693,
                5.571518581949302,
                3.9702200159868135,
                6.12149330708614,
                4.742999083774457
            ],
            "UnitPairs": [
                [
                    -0.2383710201496478,
                    -0.9711741639648452
                ],
                [
                    -0.02140569148339465,
                    -0.999770871936224
                ],
                [
                    0.688518178582245,
                    -0.7252190825962785
                ],
                [
                    0.8488573664957386,
                    -0.5286219550358455
                ],
                [
                    0.3967129523431087,
                    0.917942717953149
                ],
                [
                    -0.33802872693408925,
                    0.9411357924164391
                ],
                [
                    -0.3537167531483156,
                    0.9353525851475547
                ],
                [
                    -0.6737462783086299,
                    0.7389627544506355
                ],
                [
                    -0.7704689098171209,
                    0.6374775752959607
                ]
            ]
        },
        {
            "Type": "R",
            "Centroid": {
                "x": 91124.30774999999,
                "y": 436386.49375
            },
            "Distances": [
                0.0
            ],
            "UnitPairs": [
                [
                    0.0,
                    0.0
                ]
            ]
        }
    ]
}