{
    "Pand ID": "0599100000258038",
    "Archetype ID": "TI.1946",
    "Construction Year": 1890,
    "Number of Floors": 3,
    "Wall Area": 116.35,
    "Roof Area (Flat)": 0.0,
    "Roof Area (Sloped)": 92.5,
    "Floor Area": 48.81,
    "Shared Wall Area": 225.07,
    "Absolute Height (70%)": 12.147705078125,
    "Surfaces": [
        {
            "Type": "G",
            "Centroid": {
                "x": 90435.85425,
                "y": 435865.447875
            },
            "Distances": [
                8.796369366474234,
                3.7764483024777404,
                3.1083833066800532,
                5.980755515081024,
                6.044107401514005,
                1.7747905598313085,
                1.1392439515796153,
                8.88403523355957
            ],
            "UnitPairs": [
                [
                    -0.9837439333766193,
                    -0.1795769293219419
                ],
                [
                    0.7588148361811606,
                    -0.6513064135960571
                ],
                [
                    0.9637244523731018,
                    -0.2668991942628625
                ],
                [
                    0.9859331292050084,
                    -0.16714025468456187
                ],
                [
                    0.9971075296369528,
                    0.07600377846721368
                ],
                [
                    -0.1653011947709857,
                    0.9862431317921989
                ],
                [
                    -0.29262828171239263,
                    0.9562262748649258
                ],
                [
                    -0.9572648888062348,
                    0.2892126080564039
                ]
            ]
        },
        {
            "Type": "F",
            "Centroid": {
                "x": 90432.94150657894,
                "y": 435865.19525
            },
            "Distances": [
                5.810340847768989,
                5.734242737028444,
                5.870941333015825,
                5.799717550187528,
                5.892009837492766,
                6.185498412373016,
                5.936475924234073,
                8.840983032330708,
                8.858125697504066,
                6.544066261970582,
                8.96767817036812,
                6.734867789037718,
                2.9075944441414805,
                3.2974383884080893,
                6.263387878335241,
                5.692076739582004,
                5.614641604432875,
                5.689486900268356,
                5.612346383208386
            ],
            "UnitPairs": [
                [
                    -0.9859372675423059,
                    -0.1671158414729482
                ],
                [
                    -0.9857677531570865,
                    -0.16811286933375805
                ],
                [
                    -0.977293291397434,
                    -0.21189106302430505
                ],
                [
                    -0.9765357588411089,
                    -0.21535531501362942
                ],
                [
                    -0.9743078740995561,
                    -0.22522026211600846
                ],
                [
                    0.9341799214595807,
                    -0.35680229026979576
                ],
                [
                    0.9952652881054078,
                    -0.09719571128634973
                ],
                [
                    0.9964240841597102,
                    -0.08449286660116966
                ],
                [
                    0.9996887291358842,
                    -0.024948844435773634
                ],
                [
                    0.9976012099689727,
                    0.06922301545325449
                ],
                [
                    0.9968431350034509,
                    0.07939624800008929
                ],
                [
                    0.9902745874117846,
                    0.13912671032702342
                ],
                [
                    0.8871142350209512,
                    0.4615499258186403
                ],
                [
                    0.7943646286970936,
                    0.6074412207571434
                ],
                [
                    -0.8927487308070995,
                    0.4505548841620886
                ],
                [
                    -0.9976379164826406,
                    0.06869197621393498
                ],
                [
                    -0.9976828395463511,
                    0.06803639963085789
                ],
                [
                    -0.9991466152556329,
                    0.04130425187813437
                ],
                [
                    -0.9991599227939895,
                    0.04098107712480326
                ]
            ]
        },
        {
            "Type": "R",
            "Centroid": {
                "x": 90433.05337499999,
                "y": 435865.02425
            },
            "Distances": [
                5.810701184034927,
                5.810701184016343
            ],
            "UnitPairs": [
                [
                    0.9975560291995994,
                    -0.06987108563295708
                ],
                [
                    -0.9975560292002854,
                    0.06987108562316321
                ]
            ]
        }
    ]
}