{
    "Pand ID": "0599100000065077",
    "Archetype ID": "TI.1946",
    "Construction Year": 1931,
    "Number of Floors": 4,
    "Wall Area": 83.55,
    "Roof Area (Flat)": 3.72,
    "Roof Area (Sloped)": 92.55,
    "Floor Area": 68.1,
    "Shared Wall Area": 208.15,
    "Absolute Height (70%)": 8.14625072479248,
    "Surfaces": [
        {
            "Type": "G",
            "Centroid": {
                "x": 92778.91887499999,
                "y": 440084.216
            },
            "Distances": [
                5.350758462582711,
                4.938317134929988,
                5.042913456011413,
                4.796271846467638,
                4.463649697841283,
                5.277039380658616,
                3.022531079251766,
                6.485125104812422,
                7.538977259881119,
                6.9071748656725065,
                7.4689954562029355,
                2.990042746339688
            ],
            "UnitPairs": [
                [
                    -0.7677883478984857,
                    -0.6407035608074251
                ],
                [
                    -0.6739644111654589,
                    -0.7387638137337238
                ],
                [
                    -0.5449726678758652,
                    -0.8384538098597096
                ],
                [
                    -0.23731974258868505,
                    -0.971431592948078
                ],
                [
                    -0.08025943437350797,
                    -0.9967740080851047
                ],
                [
                    0.3016369379089617,
                    -0.9534228640476927
                ],
                [
                    0.9918012160694293,
                    -0.12779024924931146
                ],
                [
                    0.6974036625211015,
                    0.7166785412597154
                ],
                [
                    0.6447492587454429,
                    0.7643941348199906
                ],
                [
                    0.19193809709268586,
                    0.9814070342546147
                ],
                [
                    -0.11919273551805357,
                    0.9928711355456574
                ],
                [
                    -0.912110705887026,
                    0.4099439720330952
                ]
            ]
        },
        {
            "Type": "F",
            "Centroid": {
                "x": 92779.42039423076,
                "y": 440084.95436538465
            },
            "Distances": [
                6.2137473495762485,
                5.8231887221591805,
                5.935340633187822,
                5.641196235806795,
                5.258379646727121,
                5.871717365198878,
                2.7378692110067595,
                5.608349576325665,
                6.651866930605347,
                4.8762533663830565,
                4.878842151530302,
                6.096359787813306,
                6.8208860782940395
            ],
            "UnitPairs": [
                [
                    -0.7418662155745767,
                    -0.6705479238570916
                ],
                [
                    -0.6576756161438319,
                    -0.7533012570876483
                ],
                [
                    -0.5475286814365499,
                    -0.8367869161288034
                ],
                [
                    -0.2906775730220642,
                    -0.956821064014585
                ],
                [
                    -0.16350459429109845,
                    -0.9865425726473761
                ],
                [
                    0.18567493995744727,
                    -0.9826112235629096
                ],
                [
                    0.9117421530574773,
                    -0.41076300507484315
                ],
                [
                    0.7170078673772304,
                    0.6970650745225698
                ],
                [
                    0.655339443002647,
                    0.7553345050009171
                ],
                [
                    0.28612761979447277,
                    0.9581915180123176
                ],
                [
                    0.2857708296212887,
                    0.9582979875474854
                ],
                [
                    0.13520047994457107,
                    0.9908182629638785
                ],
                [
                    -0.20404522444704132,
                    0.978961463174295
                ]
            ]
        },
        {
            "Type": "R",
            "Centroid": {
                "x": 92776.19162499999,
                "y": 440085.44175
            },
            "Distances": [
                0.0
            ],
            "UnitPairs": [
                [
                    0.0,
                    0.0
                ]
            ]
        }
    ]
}