{
    "Pand ID": "0599100000645736",
    "Archetype ID": "TI.1946",
    "Construction Year": 1924,
    "Number of Floors": 3,
    "Wall Area": 102.67,
    "Roof Area (Flat)": 21.6,
    "Roof Area (Sloped)": 63.61,
    "Floor Area": 66.09,
    "Shared Wall Area": 238.63,
    "Absolute Height (70%)": 9.265767097473145,
    "Surfaces": [
        {
            "Type": "G",
            "Centroid": {
                "x": 93851.2055,
                "y": 433988.01366666664
            },
            "Distances": [
                2.2692149676260636,
                7.898574084502806,
                9.22232818049047,
                9.333142561280802,
                8.167933973933858,
                5.346018743276703,
                4.990062464855351,
                5.16252149989654,
                4.673642644618176,
                5.012649655575353,
                4.980543233704177,
                5.134291811224708
            ],
            "UnitPairs": [
                [
                    -0.9017435673472346,
                    -0.43227137164966584
                ],
                [
                    0.41371391406266933,
                    -0.9104069405002063
                ],
                [
                    0.45083518159857083,
                    -0.8926072143070454
                ],
                [
                    0.8471691017354546,
                    -0.5313233601722617
                ],
                [
                    0.8689773965688576,
                    -0.4948517800841081
                ],
                [
                    -0.2035626981956917,
                    0.9790619121910982
                ],
                [
                    -0.25195075389332927,
                    0.9677400568399466
                ],
                [
                    -0.26910299550728073,
                    0.9631114046718626
                ],
                [
                    -0.7016475690045452,
                    0.712524167246285
                ],
                [
                    -0.8580791189357168,
                    0.5135175027654891
                ],
                [
                    -0.880275462788734,
                    0.4744629696952967
                ],
                [
                    -0.9123458837595355,
                    0.4094203077364776
                ]
            ]
        },
        {
            "Type": "F",
            "Centroid": {
                "x": 93850.91091666667,
                "y": 433988.27713888895
            },
            "Distances": [
                2.1486832754073135,
                0.8650797883426223,
                0.665394399444008,
                8.261848006637289,
                9.591397420879446,
                8.020504177579102,
                9.722922099438359,
                8.55470429623683,
                5.03357542860236,
                4.665997420546254,
                4.834181803230109,
                4.426896195853894,
                4.738465824842285,
                4.279291859354415,
                4.802048247713638,
                4.625181237996369,
                4.597144794550455,
                4.75916634108626
            ],
            "UnitPairs": [
                [
                    -0.815227952258955,
                    -0.5791402126045739
                ],
                [
                    -0.3822383451003265,
                    -0.9240637681107098
                ],
                [
                    0.35367495357187523,
                    -0.9353683911785409
                ],
                [
                    0.43117875449575693,
                    -0.9022665247428212
                ],
                [
                    0.4642006933882526,
                    -0.8857300470560234
                ],
                [
                    0.6355377692556269,
                    -0.7720697791324186
                ],
                [
                    0.8435049925787683,
                    -0.5371213340528305
                ],
                [
                    0.8641249396064705,
                    -0.5032773477418926
                ],
                [
                    -0.1576745353123716,
                    0.987491134600219
                ],
                [
                    -0.2063153019405039,
                    0.9784855625839344
                ],
                [
                    -0.22644300757161537,
                    0.974024416696995
                ],
                [
                    -0.4347666133386492,
                    0.9005431649432698
                ],
                [
                    -0.6100427382041337,
                    0.7923685112145754
                ],
                [
                    -0.6974674232949125,
                    0.7166164897923822
                ],
                [
                    -0.7750165085151947,
                    0.6319409873785029
                ],
                [
                    -0.8662723600434986,
                    0.49957201505355264
                ],
                [
                    -0.889610149220167,
                    0.45672068313628206
                ],
                [
                    -0.9223604203058242,
                    0.38633049977093853
                ]
            ]
        },
        {
            "Type": "R",
            "Centroid": {
                "x": 93856.00825,
                "y": 433982.08475000004
            },
            "Distances": [
                0.0
            ],
            "UnitPairs": [
                [
                    0.0,
                    0.0
                ]
            ]
        }
    ]
}