{
    "Pand ID": "0599100000273681",
    "Archetype ID": "TI.1946",
    "Construction Year": 1922,
    "Number of Floors": 3,
    "Wall Area": 79.25,
    "Roof Area (Flat)": 14.15,
    "Roof Area (Sloped)": 47.93,
    "Floor Area": 55.56,
    "Shared Wall Area": 141.18,
    "Absolute Height (70%)": 2.9400508403778076,
    "Surfaces": [
        {
            "Type": "G",
            "Centroid": {
                "x": 94289.74019642858,
                "y": 441434.8196428572
            },
            "Distances": [
                3.2337806032370153,
                2.4675082552778123,
                3.379706050829303,
                6.6997835671882635,
                4.086719692738594,
                6.229335861521129,
                4.834654588457773,
                3.307487024651645,
                2.564666754399444,
                3.2988144824531314,
                5.29609053824616,
                6.563411644729175,
                6.507751300553362,
                4.710345194042229
            ],
            "UnitPairs": [
                [
                    -0.9855558615775477,
                    -0.16935065311399736
                ],
                [
                    -0.6464300272044251,
                    -0.7629732760251084
                ],
                [
                    0.05471735370804776,
                    -0.998501883424958
                ],
                [
                    0.47612412243278607,
                    -0.879378087080642
                ],
                [
                    0.719630606583193,
                    -0.6943571055794746
                ],
                [
                    0.7366641763158105,
                    -0.6762587458458105
                ],
                [
                    0.990128350190662,
                    -0.14016365487785257
                ],
                [
                    0.9825975271232024,
                    0.18574740830323197
                ],
                [
                    0.5965408834458403,
                    0.8025826900560817
                ],
                [
                    0.016651003478529786,
                    0.9998613624313912
                ],
                [
                    -0.3593351387845768,
                    0.9332085822765825
                ],
                [
                    -0.45419540780730505,
                    0.8909020886308191
                ],
                [
                    -0.9527210156379372,
                    0.30384645194870635
                ],
                [
                    -0.9893269466711042,
                    0.14571270565887579
                ]
            ]
        },
        {
            "Type": "F",
            "Centroid": {
                "x": 94289.98269642856,
                "y": 441434.85035714286
            },
            "Distances": [
                2.6528483392527473,
                0.15233195827944462,
                3.405843763263564,
                6.615258824198532,
                3.938145433330773,
                6.074332981353613,
                4.59930439117767,
                3.0635380847955593,
                2.40183427462589,
                3.2730219801803697,
                5.359823906716967,
                6.6501689364077485,
                6.73024108226777,
                4.946218168289289
            ],
            "UnitPairs": [
                [
                    -0.6926786583972037,
                    -0.7212463353120415
                ],
                [
                    -0.22694796912897172,
                    -0.9739068843109362
                ],
                [
                    -0.016903719773346437,
                    -0.9998571219218394
                ],
                [
                    0.4455500003502499,
                    -0.8952570564859528
                ],
                [
                    0.6852028745825763,
                    -0.7283522641303274
                ],
                [
                    0.7155400576138609,
                    -0.6985717042293889
                ],
                [
                    0.9880686697210155,
                    -0.15401397311848966
                ],
                [
                    0.9816847345108222,
                    0.19051268206714392
                ],
                [
                    0.5360189023181823,
                    0.844205979816307
                ],
                [
                    -0.057308331472242346,
                    0.9983565270702985
                ],
                [
                    -0.40030632832283664,
                    0.9163813853983992
                ],
                [
                    -0.48473526904186237,
                    0.8746609165539028
                ],
                [
                    -0.9572571546560305,
                    0.2892382060859884
                ],
                [
                    -0.9911757350288465,
                    0.1325543748430268
                ]
            ]
        },
        {
            "Type": "R",
            "Centroid": {
                "x": 94286.553125,
                "y": 441434.272
            },
            "Distances": [
                0.0
            ],
            "UnitPairs": [
                [
                    0.0,
                    0.0
                ]
            ]
        }
    ]
}