{
    "Pand ID": "0599100000222436",
    "Archetype ID": "TI.1946",
    "Construction Year": 1931,
    "Number of Floors": 2,
    "Wall Area": 64.91,
    "Roof Area (Flat)": 13.34,
    "Roof Area (Sloped)": 39.17,
    "Floor Area": 47.65,
    "Shared Wall Area": 96.16,
    "Absolute Height (70%)": 5.174843788146973,
    "Surfaces": [
        {
            "Type": "G",
            "Centroid": {
                "x": 94972.6791875,
                "y": 433316.524
            },
            "Distances": [
                5.230649941688752,
                3.23664398916272,
                3.045520532258836,
                5.474572112273688,
                5.444550882536908,
                3.030630761490816,
                3.178999970505931,
                5.273987230988744
            ],
            "UnitPairs": [
                [
                    -0.7806869214209983,
                    -0.6249223397528719
                ],
                [
                    -0.4842979349144141,
                    -0.8749031433465273
                ],
                [
                    0.6936416870701863,
                    -0.7203202134873252
                ],
                [
                    0.9532251823486056,
                    -0.30226106553188026
                ],
                [
                    0.8003414962976452,
                    0.5995444014450025
                ],
                [
                    0.41361026751243074,
                    0.9104540332209505
                ],
                [
                    -0.7280591448509312,
                    0.685514319032747
                ],
                [
                    -0.9435934866818658,
                    0.33110622448326105
                ]
            ]
        },
        {
            "Type": "F",
            "Centroid": {
                "x": 94972.3774017857,
                "y": 433316.8373928571
            },
            "Distances": [
                5.20894522793913,
                3.3902737713914286,
                5.860643366867631,
                5.515115705496696,
                2.8984704270235038,
                2.744529408364833,
                4.889379638039658
            ],
            "UnitPairs": [
                [
                    -0.7260038491910795,
                    -0.6876906360855413
                ],
                [
                    -0.37333689579487317,
                    -0.9276958349794657
                ],
                [
                    0.9419248653670829,
                    -0.3358236858877034
                ],
                [
                    0.8448210269918965,
                    0.5350489999545436
                ],
                [
                    0.5365884363662026,
                    0.8438440910251571
                ],
                [
                    -0.7333549713749425,
                    0.6798459281040501
                ],
                [
                    -0.9560955850791694,
                    0.29305499857897166
                ]
            ]
        },
        {
            "Type": "R",
            "Centroid": {
                "x": 94974.79168750001,
                "y": 433314.33025
            },
            "Distances": [
                0.0
            ],
            "UnitPairs": [
                [
                    0.0,
                    0.0
                ]
            ]
        }
    ]
}