{
    "Pand ID": "0599100000285197",
    "Archetype ID": "TI.1946",
    "Construction Year": 1941,
    "Number of Floors": 2,
    "Wall Area": 61.21,
    "Roof Area (Flat)": 8.39,
    "Roof Area (Sloped)": 33.35,
    "Floor Area": 38.32,
    "Shared Wall Area": 102.85,
    "Absolute Height (70%)": 5.528493404388428,
    "Surfaces": [
        {
            "Type": "G",
            "Centroid": {
                "x": 94007.66006250001,
                "y": 433053.928125
            },
            "Distances": [
                4.298383498849667,
                4.306627764635971,
                3.075868446989667,
                2.7142691379297874,
                4.888095738938585,
                4.899447668173786,
                2.7274559947382793,
                3.073145083325198
            ],
            "UnitPairs": [
                [
                    -0.9964792581103958,
                    -0.08383965741673197
                ],
                [
                    -0.26012231872143465,
                    -0.9655756724892072
                ],
                [
                    0.05973922590101099,
                    -0.9982140175777677
                ],
                [
                    0.8995975991756276,
                    -0.43671977234543297
                ],
                [
                    0.9864270786634083,
                    0.16419993446884903
                ],
                [
                    0.3371298382712718,
                    0.9414581627173807
                ],
                [
                    -0.2600408590945914,
                    0.9655976137094306
                ],
                [
                    -0.9717243797583973,
                    0.23611804205345732
                ]
            ]
        },
        {
            "Type": "F",
            "Centroid": {
                "x": 94007.31124107144,
                "y": 433054.09746428573
            },
            "Distances": [
                3.96992763261825,
                4.3959314121071005,
                3.2831967622926435,
                5.209209123634559,
                4.8728917471328375,
                2.4905045345510506,
                2.6954560403152032
            ],
            "UnitPairs": [
                [
                    -0.9910580079862881,
                    -0.1334317233878462
                ],
                [
                    -0.17548694442940113,
                    -0.984481758253972
                ],
                [
                    0.16221124322744981,
                    -0.9867560552490191
                ],
                [
                    0.9925828097597974,
                    0.12157041486046645
                ],
                [
                    0.41055117420624526,
                    0.911837558646206
                ],
                [
                    -0.1447211062814177,
                    0.98947248642733
                ],
                [
                    -0.9784721145435592,
                    0.20637907127578595
                ]
            ]
        },
        {
            "Type": "R",
            "Centroid": {
                "x": 94010.10181250001,
                "y": 433052.74275
            },
            "Distances": [
                0.0
            ],
            "UnitPairs": [
                [
                    0.0,
                    0.0
                ]
            ]
        }
    ]
}