{
    "Pand ID": "0599100000608091",
    "Archetype ID": "TI.1946",
    "Construction Year": 1913,
    "Number of Floors": 5,
    "Wall Area": 194.48,
    "Roof Area (Flat)": 55.91,
    "Roof Area (Sloped)": 7.79,
    "Floor Area": 63.61,
    "Shared Wall Area": 277.31,
    "Absolute Height (70%)": 10.860092163085938,
    "Surfaces": [
        {
            "Type": "G",
            "Centroid": {
                "x": 92075.01491071428,
                "y": 439012.0671428572
            },
            "Distances": [
                7.71403588519718,
                7.54365576843112,
                7.200228016871133,
                7.677723941614689,
                6.747028737206878,
                4.403083472534468,
                3.685222758608844,
                4.0065195880016,
                4.049299012755639,
                4.102394848700385,
                4.1833649897857565,
                4.28721800343594,
                4.454028713475209,
                4.808096734585377
            ],
            "UnitPairs": [
                [
                    0.3546411147725483,
                    -0.93500250251691
                ],
                [
                    0.4102406552893556,
                    -0.9119773049521354
                ],
                [
                    0.7642416702388725,
                    -0.6449299725322887
                ],
                [
                    0.9008808259214364,
                    -0.43406651274558217
                ],
                [
                    0.9286627536011465,
                    -0.3709251812346207
                ],
                [
                    -0.05525348674455811,
                    0.9984723592581664
                ],
                [
                    -0.3674908690731431,
                    0.9300271292536932
                ],
                [
                    -0.40266512588919984,
                    0.9153473637874503
                ],
                [
                    -0.6036318154293097,
                    0.7972632133753043
                ],
                [
                    -0.705267489109592,
                    0.7089413013818925
                ],
                [
                    -0.7924925801070896,
                    0.6098815544638224
                ],
                [
                    -0.8640301732526322,
                    0.503440025930623
                ],
                [
                    -0.9423571297563286,
                    0.3346087864916491
                ],
                [
                    -0.9879763192186048,
                    0.15460528019203437
                ]
            ]
        },
        {
            "Type": "F",
            "Centroid": {
                "x": 92075.84934722222,
                "y": 439010.96800000005
            },
            "Distances": [
                6.402322972072564,
                5.238289022465739,
                6.206692829786274,
                4.739893891794835,
                5.181844769584798,
                5.861424541917889,
                5.12782376351477,
                6.47940006607157,
                5.609687206027041,
                5.600179054087981,
                5.02789292008878,
                5.358252170890198,
                5.429297897530531,
                5.473204656835839,
                5.526874774367516,
                5.586707944768381,
                5.658952091271939,
                5.880810194970381
            ],
            "UnitPairs": [
                [
                    0.29696686438282605,
                    -0.9548877847467901
                ],
                [
                    0.3009146251783004,
                    -0.9536510831293608
                ],
                [
                    0.3641678168657007,
                    -0.931333345886031
                ],
                [
                    0.3694761565876837,
                    -0.9292402109859396
                ],
                [
                    0.7656110814164792,
                    -0.6433037167717044
                ],
                [
                    0.796440821576727,
                    -0.6047164771413029
                ],
                [
                    0.8555827930336709,
                    -0.5176659968210221
                ],
                [
                    0.938710021878158,
                    -0.34470783980859515
                ],
                [
                    0.9681961896103588,
                    -0.2501922029640053
                ],
                [
                    -0.19244424362421098,
                    0.9813079094228812
                ],
                [
                    -0.4353159975789395,
                    0.9002777250670222
                ],
                [
                    -0.45681355489709985,
                    0.889562463271846
                ],
                [
                    -0.6038943311097997,
                    0.7970643868932091
                ],
                [
                    -0.6810858456685878,
                    0.7322035719865786
                ],
                [
                    -0.7508261706000228,
                    0.6604998573369305
                ],
                [
                    -0.8124144428330187,
                    0.58308041733222
                ],
                [
                    -0.8891614809714807,
                    0.4575935541029866
                ],
                [
                    -0.9496518399791726,
                    0.3133071700810116
                ]
            ]
        },
        {
            "Type": "R",
            "Centroid": {
                "x": 92070.817625,
                "y": 439013.5575
            },
            "Distances": [
                0.0
            ],
            "UnitPairs": [
                [
                    0.0,
                    0.0
                ]
            ]
        }
    ]
}