{
    "Pand ID": "0599100015002237",
    "Archetype ID": "TI.1946",
    "Construction Year": 1934,
    "Number of Floors": 2,
    "Wall Area": 70.98,
    "Roof Area (Flat)": 0.0,
    "Roof Area (Sloped)": 81.84,
    "Floor Area": 69.82,
    "Shared Wall Area": 123.47,
    "Absolute Height (70%)": 7.0230207443237305,
    "Surfaces": [
        {
            "Type": "G",
            "Centroid": {
                "x": 75561.5068125,
                "y": 435772.7150833334
            },
            "Distances": [
                2.419653493339353,
                0.3662831706747318,
                8.434277722207279,
                8.55167701068169,
                8.607167189415845,
                8.112113721287288
            ],
            "UnitPairs": [
                [
                    -0.9369110107017318,
                    -0.34956795909502275
                ],
                [
                    -0.917323062855292,
                    -0.39814369058643406
                ],
                [
                    0.05430221947842277,
                    -0.998524545997602
                ],
                [
                    0.6332091346813503,
                    -0.7739807437889497
                ],
                [
                    -0.00034854673215390476,
                    0.9999999392575858
                ],
                [
                    -0.40273104054489495,
                    0.915318364822659
                ]
            ]
        },
        {
            "Type": "F",
            "Centroid": {
                "x": 75562.0345125,
                "y": 435772.12345
            },
            "Distances": [
                2.806236934046121,
                4.025992316209683,
                7.830510208818004,
                7.75969336573024,
                3.9897473767371507,
                2.6859148776568884,
                9.214095936616285,
                8.869545102750044,
                1.1063065262119112,
                0.9719646752794799
            ],
            "UnitPairs": [
                [
                    -0.995888823959376,
                    -0.0905839407003858
                ],
                [
                    -0.3846753491714095,
                    -0.9230519355593456
                ],
                [
                    -0.008901080278810687,
                    -0.9999603846002452
                ],
                [
                    0.629831588653531,
                    -0.7767317232701194
                ],
                [
                    0.8655435229165938,
                    -0.5008337148566696
                ],
                [
                    0.8143593894953169,
                    0.5803609090392071
                ],
                [
                    -0.05759653509727515,
                    0.9983399416755738
                ],
                [
                    -0.42783479378463185,
                    0.9038569517502543
                ],
                [
                    -0.8367482050044298,
                    0.5475878390010726
                ],
                [
                    -0.8886125411433808,
                    0.458658644007396
                ]
            ]
        },
        {
            "Type": "R",
            "Centroid": {
                "x": 75560.4858125,
                "y": 435768.40725
            },
            "Distances": [
                0.0
            ],
            "UnitPairs": [
                [
                    0.0,
                    0.0
                ]
            ]
        }
    ]
}