{
    "Pand ID": "0599100000161422",
    "Archetype ID": "TI.1946",
    "Construction Year": 1936,
    "Number of Floors": 3,
    "Wall Area": 93.9,
    "Roof Area (Flat)": 46.26,
    "Roof Area (Sloped)": 14.03,
    "Floor Area": 60.2,
    "Shared Wall Area": 209.61,
    "Absolute Height (70%)": 8.452125549316406,
    "Surfaces": [
        {
            "Type": "G",
            "Centroid": {
                "x": 91742.92747916667,
                "y": 433743.6678333333
            },
            "Distances": [
                3.2795889689856836,
                7.523955329848665,
                7.526341196457625,
                3.3191161181298487,
                5.538964115475941,
                5.538801266714624
            ],
            "UnitPairs": [
                [
                    -0.9742582673845012,
                    -0.22543475427038726
                ],
                [
                    0.5588594228697314,
                    -0.8292624105008685
                ],
                [
                    0.955289315972207,
                    -0.2956726615521847
                ],
                [
                    -0.07928817712014759,
                    0.9968517367035903
                ],
                [
                    -0.44740616025000857,
                    0.8943308827108364
                ],
                [
                    -0.9854418679840354,
                    0.1700127195951373
                ]
            ]
        },
        {
            "Type": "F",
            "Centroid": {
                "x": 91742.92747916667,
                "y": 433743.6678333333
            },
            "Distances": [
                3.2795889689856836,
                7.523955329848665,
                7.526341196457625,
                3.3191161181298487,
                5.538964115475941,
                5.538801266714624
            ],
            "UnitPairs": [
                [
                    -0.9742582673845012,
                    -0.22543475427038726
                ],
                [
                    0.5588594228697314,
                    -0.8292624105008685
                ],
                [
                    0.955289315972207,
                    -0.2956726615521847
                ],
                [
                    -0.07928817712014759,
                    0.9968517367035903
                ],
                [
                    -0.44740616025000857,
                    0.8943308827108364
                ],
                [
                    -0.9854418679840354,
                    0.1700127195951373
                ]
            ]
        },
        {
            "Type": "R",
            "Centroid": {
                "x": 91750.1173125,
                "y": 433741.4425
            },
            "Distances": [
                0.0
            ],
            "UnitPairs": [
                [
                    0.0,
                    0.0
                ]
            ]
        }
    ]
}