{
    "Pand ID": "0599100000075198",
    "Archetype ID": "TI.1946",
    "Construction Year": 1902,
    "Number of Floors": 5,
    "Wall Area": 249.57,
    "Roof Area (Flat)": 14.3,
    "Roof Area (Sloped)": 86.09,
    "Floor Area": 77.69,
    "Shared Wall Area": 345.0,
    "Absolute Height (70%)": 13.177467346191406,
    "Surfaces": [
        {
            "Type": "G",
            "Centroid": {
                "x": 94803.8997,
                "y": 437513.5043
            },
            "Distances": [
                7.317720347207289,
                6.94485921239463,
                6.014272631002076,
                6.000728812418469,
                10.24299081713698,
                10.508518177187192,
                6.190022478155696,
                4.7809662705396185,
                5.873645246363754,
                5.527880867030933,
                6.031002278224345,
                6.064318467903435,
                6.499326848224887,
                6.51613074455535,
                6.16585980054605
            ],
            "UnitPairs": [
                [
                    -0.997059145992309,
                    -0.07663588841455028
                ],
                [
                    0.5920638380487763,
                    -0.8058910668787391
                ],
                [
                    0.8775458519772551,
                    -0.47949272953561395
                ],
                [
                    0.8900252230950099,
                    -0.4559112877026384
                ],
                [
                    0.9032322849025219,
                    -0.4291520004727572
                ],
                [
                    0.9783301343405569,
                    -0.20705107640673573
                ],
                [
                    0.9980254549650033,
                    -0.06281075737402211
                ],
                [
                    0.998919408704391,
                    0.04647596059975294
                ],
                [
                    -0.711857768835264,
                    0.7023236554102958
                ],
                [
                    -0.8681807939489302,
                    0.4962480317524746
                ],
                [
                    -0.8730223861803202,
                    0.4876801341330399
                ],
                [
                    -0.9135733931728132,
                    0.40667389304787266
                ],
                [
                    -0.936897026753665,
                    0.3496054365426005
                ],
                [
                    -0.9490601466477064,
                    0.3150949667085052
                ],
                [
                    -0.9505892429601306,
                    0.31045143125533486
                ]
            ]
        },
        {
            "Type": "F",
            "Centroid": {
                "x": 94804.71002173911,
                "y": 437513.36515217385
            },
            "Distances": [
                8.129206250458886,
                8.117480228646313,
                6.378536349203064,
                5.243231595786522,
                5.2218613333376585,
                9.453974981894394,
                5.116098173775728,
                4.035390892353112,
                9.68699698397063,
                5.185378222100681,
                5.459861154644724,
                5.324875846871412,
                5.373281035738125,
                2.362789471981808,
                3.9819078453685033,
                6.565055342826698,
                6.306715716794927,
                6.811791771063201,
                7.304071476408226,
                6.864179751015572,
                7.308761767027613,
                7.330056162802932,
                6.9803609942860625
            ],
            "UnitPairs": [
                [
                    -0.998685663641427,
                    -0.05125373388430107
                ],
                [
                    -0.9986500134004002,
                    -0.051943726621997435
                ],
                [
                    0.5175918235996527,
                    -0.8556276667702991
                ],
                [
                    0.8520467157064365,
                    -0.5234657527039138
                ],
                [
                    0.867598346965597,
                    -0.49726563157186265
                ],
                [
                    0.8929025385667558,
                    -0.4502499934714527
                ],
                [
                    0.9373311648841233,
                    -0.3484397901172774
                ],
                [
                    0.943025932901002,
                    -0.33271923580730167
                ],
                [
                    0.9776485196145657,
                    -0.21024597997452443
                ],
                [
                    0.9815056959951748,
                    -0.19143293532991476
                ],
                [
                    0.9964499291796142,
                    -0.08418752067819732
                ],
                [
                    0.9971083671372089,
                    -0.07599279034861893
                ],
                [
                    0.9989200686112126,
                    -0.04646177488829174
                ],
                [
                    0.9998682865725873,
                    0.01622989545247519
                ],
                [
                    0.9958739415572813,
                    0.09074741058104398
                ],
                [
                    -0.760316780052497,
                    0.6495524566735182
                ],
                [
                    -0.8894521318241463,
                    0.45702834178361557
                ],
                [
                    -0.8919124282279938,
                    0.4522081604443287
                ],
                [
                    -0.8939564406236122,
                    0.4481538600386724
                ],
                [
                    -0.9251683332129527,
                    0.37955705133743356
                ],
                [
                    -0.9440069274451396,
                    0.32992562940091025
                ],
                [
                    -0.9542248495469621,
                    0.29909018122813325
                ],
                [
                    -0.955755976600434,
                    0.2941606928067559
                ]
            ]
        },
        {
            "Type": "R",
            "Centroid": {
                "x": 94809.17749999999,
                "y": 437510.62049999996
            },
            "Distances": [
                0.0
            ],
            "UnitPairs": [
                [
                    0.0,
                    0.0
                ]
            ]
        }
    ]
}