{
    "Pand ID": "0599100000033488",
    "Archetype ID": "TI.1946",
    "Construction Year": 1941,
    "Number of Floors": 2,
    "Wall Area": 53.77,
    "Roof Area (Flat)": 0.0,
    "Roof Area (Sloped)": 41.2,
    "Floor Area": 36.27,
    "Shared Wall Area": 97.6,
    "Absolute Height (70%)": 5.692715644836426,
    "Surfaces": [
        {
            "Type": "G",
            "Centroid": {
                "x": 94086.0058125,
                "y": 433079.36641666666
            },
            "Distances": [
                4.482497121523144,
                4.486100063264074,
                2.412856905053729,
                4.447166188836868,
                4.449957727644058,
                2.412100698133341
            ],
            "UnitPairs": [
                [
                    -0.9940887588325874,
                    -0.10857043595144085
                ],
                [
                    -0.32232896716947523,
                    -0.9466277182311214
                ],
                [
                    0.641148671830142,
                    -0.7674166929448727
                ],
                [
                    0.9947907975879223,
                    0.10193757420296647
                ],
                [
                    0.31573333635748607,
                    0.9488479648039356
                ],
                [
                    -0.6110855990144473,
                    0.7915645208554729
                ]
            ]
        },
        {
            "Type": "F",
            "Centroid": {
                "x": 94086.30061250001,
                "y": 433078.98455
            },
            "Distances": [
                4.751955774213246,
                4.238757327319386,
                1.930884999128661,
                4.212819920197857,
                4.736158958481509
            ],
            "UnitPairs": [
                [
                    -0.9997567792590529,
                    -0.022054077300251218
                ],
                [
                    -0.4106864030159104,
                    -0.9117766603603392
                ],
                [
                    0.6485109162654181,
                    -0.7612053543457165
                ],
                [
                    0.9801510812742816,
                    0.1982520059844449
                ],
                [
                    0.23440936204376853,
                    0.9721379793970779
                ]
            ]
        },
        {
            "Type": "R",
            "Centroid": {
                "x": 94084.5318125,
                "y": 433081.27575000003
            },
            "Distances": [
                0.0
            ],
            "UnitPairs": [
                [
                    0.0,
                    0.0
                ]
            ]
        }
    ]
}