{
    "Pand ID": "0599100000076998",
    "Archetype ID": "TI.1946",
    "Construction Year": 1925,
    "Number of Floors": 2,
    "Wall Area": 79.24,
    "Roof Area (Flat)": 48.79,
    "Roof Area (Sloped)": 0.0,
    "Floor Area": 48.79,
    "Shared Wall Area": 102.74,
    "Absolute Height (70%)": 5.177029132843018,
    "Surfaces": [
        {
            "Type": "G",
            "Centroid": {
                "x": 93709.68125000001,
                "y": 434164.69000000006
            },
            "Distances": [
                5.080349452805975,
                7.58825747869736,
                6.282629709183434,
                2.29586379437103,
                1.85298585057685,
                2.905886794470346,
                2.7313061092499957,
                2.8456684737298943
            ],
            "UnitPairs": [
                [
                    -0.9763107924134824,
                    -0.21637291100541683
                ],
                [
                    0.09317027024710883,
                    -0.995650189947293
                ],
                [
                    0.787727469081809,
                    -0.6160238911389457
                ],
                [
                    0.1742263635041827,
                    0.9847056282260748
                ],
                [
                    -0.0491099270790547,
                    0.9987933795647076
                ],
                [
                    -0.05333999944813387,
                    0.9985764089236602
                ],
                [
                    -0.14169045303703184,
                    0.989911013939213
                ],
                [
                    -0.16270342250954817,
                    0.9866750206140212
                ]
            ]
        },
        {
            "Type": "F",
            "Centroid": {
                "x": 93709.65458333334,
                "y": 434165.02341666666
            },
            "Distances": [
                5.137150139470646,
                7.922709672522612,
                6.513683460376073,
                1.9739954970326195,
                1.5186965537475763,
                2.5715375858978162,
                2.6758509342427046,
                2.397565478241838,
                2.5125111387670684
            ],
            "UnitPairs": [
                [
                    -0.9603249271283038,
                    -0.2788835497766373
                ],
                [
                    0.09260299783689735,
                    -0.9957031107672707
                ],
                [
                    0.7638791011158643,
                    -0.6453593718839287
                ],
                [
                    0.21614368792008856,
                    0.9763615652883431
                ],
                [
                    -0.04236088714990444,
                    0.9991023747543958
                ],
                [
                    -0.0499052916998227,
                    0.9987539546156278
                ],
                [
                    -0.07972541766177084,
                    0.9968168627078177
                ],
                [
                    -0.15029134203024222,
                    0.9886417513491672
                ],
                [
                    -0.1736642383784188,
                    0.9848049209404083
                ]
            ]
        },
        {
            "Type": "R",
            "Centroid": {
                "x": 93709.52625,
                "y": 434167.59175
            },
            "Distances": [
                0.0
            ],
            "UnitPairs": [
                [
                    0.0,
                    0.0
                ]
            ]
        }
    ]
}