{
    "Pand ID": "0599100000632305",
    "Archetype ID": "TI.1946",
    "Construction Year": 1917,
    "Number of Floors": 4,
    "Wall Area": 209.42,
    "Roof Area (Flat)": 109.7,
    "Roof Area (Sloped)": 0.0,
    "Floor Area": 109.7,
    "Shared Wall Area": 375.02,
    "Absolute Height (70%)": 10.82999038696289,
    "Surfaces": [
        {
            "Type": "G",
            "Centroid": {
                "x": 90944.580375,
                "y": 437207.906125
            },
            "Distances": [
                8.3718443177864,
                8.097554231456805,
                8.145553436158032,
                7.860243255222407,
                8.292160772757725,
                7.4799289455994655,
                9.232471650712558,
                8.960750360943724
            ],
            "UnitPairs": [
                [
                    -0.9568530775203705,
                    -0.2905721735469447
                ],
                [
                    -0.9535749658840402,
                    -0.3011557478104168
                ],
                [
                    -0.9485696779910964,
                    -0.31656842229740434
                ],
                [
                    0.9243193580778184,
                    -0.3816198688257855
                ],
                [
                    0.9925488935330915,
                    0.12184701041156397
                ],
                [
                    0.9908349469490944,
                    0.1350781548007871
                ],
                [
                    0.9022908832178295,
                    0.43112777927429974
                ],
                [
                    -0.8680774139083438,
                    0.4964288503523964
                ]
            ]
        },
        {
            "Type": "F",
            "Centroid": {
                "x": 90943.68975,
                "y": 437207.62049999996
            },
            "Distances": [
                7.436666524722061,
                7.162260118149734,
                7.482436100621438,
                7.210322114854828,
                8.595704275969764,
                9.212614015580268,
                8.402548422949739,
                10.159999852368115,
                8.357948312837053
            ],
            "UnitPairs": [
                [
                    -0.9574182163911736,
                    -0.28870462227394933
                ],
                [
                    -0.9537492198440675,
                    -0.3006034358533391
                ],
                [
                    -0.9522299828806087,
                    -0.3053818260853057
                ],
                [
                    -0.9480852437801702,
                    -0.318016305440924
                ],
                [
                    0.9488460442739605,
                    -0.3157391079129373
                ],
                [
                    0.9900555894965157,
                    0.14067668501463523
                ],
                [
                    0.9880335800649395,
                    0.15423892071736908
                ],
                [
                    0.9075787533457252,
                    0.41988189586527713
                ],
                [
                    -0.824125699536445,
                    0.5664069485480958
                ]
            ]
        },
        {
            "Type": "R",
            "Centroid": {
                "x": 90944.580375,
                "y": 437207.906125
            },
            "Distances": [
                8.3718443177864,
                8.097554231456805,
                8.145553436158032,
                7.860243255222407,
                8.292160772757725,
                7.4799289455994655,
                9.232471650712558,
                8.960750360943724
            ],
            "UnitPairs": [
                [
                    -0.9568530775203705,
                    -0.2905721735469447
                ],
                [
                    -0.9535749658840402,
                    -0.3011557478104168
                ],
                [
                    -0.9485696779910964,
                    -0.31656842229740434
                ],
                [
                    0.9243193580778184,
                    -0.3816198688257855
                ],
                [
                    0.9925488935330915,
                    0.12184701041156397
                ],
                [
                    0.9908349469490944,
                    0.1350781548007871
                ],
                [
                    0.9022908832178295,
                    0.43112777927429974
                ],
                [
                    -0.8680774139083438,
                    0.4964288503523964
                ]
            ]
        }
    ]
}