{
    "Pand ID": "0599100000180229",
    "Archetype ID": "TI.1946",
    "Construction Year": 1933,
    "Number of Floors": 4,
    "Wall Area": 81.18,
    "Roof Area (Flat)": 0.0,
    "Roof Area (Sloped)": 82.61,
    "Floor Area": 59.15,
    "Shared Wall Area": 207.94,
    "Absolute Height (70%)": 5.496178150177002,
    "Surfaces": [
        {
            "Type": "G",
            "Centroid": {
                "x": 92515.8453125,
                "y": 441662.941875
            },
            "Distances": [
                7.2700973611636295,
                7.277219396222608,
                3.0650368497880334,
                4.474004234529448,
                3.5785957288393404,
                4.567541093455064,
                5.31367962345318,
                3.0789444848182788
            ],
            "UnitPairs": [
                [
                    -0.8799056851933715,
                    -0.47514838226009276
                ],
                [
                    -0.2936561183124009,
                    -0.9559111277612021
                ],
                [
                    0.39379624427448606,
                    -0.919197757827612
                ],
                [
                    0.9711658219872356,
                    0.23840500456965485
                ],
                [
                    0.6997158074664519,
                    0.714421296422196
                ],
                [
                    0.5966010911014105,
                    0.8025379356121469
                ],
                [
                    0.14227429080814616,
                    0.9898272708786311
                ],
                [
                    -0.9753342467862691,
                    0.22073311270822324
                ]
            ]
        },
        {
            "Type": "F",
            "Centroid": {
                "x": 92516.2743125,
                "y": 441662.84478571423
            },
            "Distances": [
                7.606947046422119,
                7.323534427402559,
                2.8293529943912046,
                4.085252371503406,
                3.368653219079307,
                4.4079059423060905,
                5.36668584320245
            ],
            "UnitPairs": [
                [
                    -0.8973376517996794,
                    -0.4413446937062203
                ],
                [
                    -0.3503772700794491,
                    -0.9366086528597057
                ],
                [
                    0.27497452652531523,
                    -0.9614515119142404
                ],
                [
                    0.958569910469526,
                    0.2848573796524234
                ],
                [
                    0.6159731694092905,
                    0.7877671321957228
                ],
                [
                    0.52088225793695,
                    0.8536285335943877
                ],
                [
                    0.06093145929511743,
                    0.9981419524637603
                ]
            ]
        },
        {
            "Type": "R",
            "Centroid": {
                "x": 92512.8423125,
                "y": 441663.6215
            },
            "Distances": [
                0.0
            ],
            "UnitPairs": [
                [
                    0.0,
                    0.0
                ]
            ]
        }
    ]
}