{
    "Pand ID": "0599100000127396",
    "Archetype ID": "TI.1946",
    "Construction Year": 1930,
    "Number of Floors": 3,
    "Wall Area": 104.49,
    "Roof Area (Flat)": 0.0,
    "Roof Area (Sloped)": 75.78,
    "Floor Area": 61.5,
    "Shared Wall Area": 204.45,
    "Absolute Height (70%)": 8.1063232421875,
    "Surfaces": [
        {
            "Type": "G",
            "Centroid": {
                "x": 92776.41998863636,
                "y": 440054.34243181814
            },
            "Distances": [
                3.5372535258603013,
                4.651993175638834,
                6.521141635709842,
                5.877950366038279,
                6.792216471596566,
                6.819477309770304,
                4.932723298749803,
                5.042734238144557,
                4.0517390156963256,
                2.569728771778054,
                1.9342996281932832,
                3.099782185434984,
                2.4761283849958065,
                5.248232105560371,
                5.985772340022804,
                5.596748573704094,
                5.8362737534096825,
                5.829159104906205,
                5.584318218107645,
                6.204371168579663,
                4.8280333241845454,
                3.1032227906060212
            ],
            "UnitPairs": [
                [
                    -0.9717606078400474,
                    -0.23596889848101088
                ],
                [
                    -0.8395033029754035,
                    -0.5433545843124801
                ],
                [
                    -0.6913457624785795,
                    -0.722524073441786
                ],
                [
                    -0.4711444404787953,
                    -0.8820560731642422
                ],
                [
                    -0.4435023013427848,
                    -0.8962732332852821
                ],
                [
                    -0.04463151977009497,
                    -0.999003517232553
                ],
                [
                    0.04047183503657814,
                    -0.9991806796414611
                ],
                [
                    0.10344315980057217,
                    -0.9946353667000151
                ],
                [
                    0.20500737101247724,
                    -0.9787604292320733
                ],
                [
                    0.5271514949375843,
                    -0.849771322995234
                ],
                [
                    0.9888004607734666,
                    -0.1492435887205213
                ],
                [
                    0.964789196375699,
                    0.26302434593917906
                ],
                [
                    0.9210493193540681,
                    0.3894459542958531
                ],
                [
                    0.7239840554323594,
                    0.6898167057122596
                ],
                [
                    0.6733694725881139,
                    0.7393061296826947
                ],
                [
                    0.5577589063587385,
                    0.8300030134749536
                ],
                [
                    0.4491969490126137,
                    0.8934327624380914
                ],
                [
                    0.1237976782994166,
                    0.9923074799917988
                ],
                [
                    0.00011395547495416515,
                    0.9999999935070748
                ],
                [
                    -0.24939894702159957,
                    0.9684008288020604
                ],
                [
                    -0.41287279985953557,
                    0.9107886973036874
                ],
                [
                    -0.9372074880246815,
                    0.3487723102404587
                ]
            ]
        },
        {
            "Type": "F",
            "Centroid": {
                "x": 92776.72321590908,
                "y": 440054.46047727275
            },
            "Distances": [
                3.8600141975660036,
                4.971127663012659,
                6.817453527923476,
                6.128599466728042,
                7.0359216923285,
                6.957308908061075,
                5.0477903325974225,
                5.138371166222291,
                4.117643596451764,
                2.5304959028915777,
                1.6600074386441508,
                2.7763927816687017,
                2.1508891746727445,
                4.948817109892866,
                4.964894228101869,
                5.696154569356273,
                5.332881786655926,
                5.598840632067315,
                5.681699814925089,
                5.474641429974512,
                6.174139576817579,
                4.8565939585240026
            ],
            "UnitPairs": [
                [
                    -0.9690614380245514,
                    -0.2468196291500915
                ],
                [
                    -0.8466068856762047,
                    -0.5322187342866067
                ],
                [
                    -0.7057753880355867,
                    -0.7084356721984129
                ],
                [
                    -0.5013528663056487,
                    -0.8652429158606908
                ],
                [
                    -0.47123760810196125,
                    -0.882006301967476
                ],
                [
                    -0.08733131116010705,
                    -0.9961793222563177
                ],
                [
                    -0.020522030880935384,
                    -0.9997894009482807
                ],
                [
                    0.04250551076376183,
                    -0.9990962323793998
                ],
                [
                    0.1280851726402264,
                    -0.9917631716038477
                ],
                [
                    0.41549527494249155,
                    -0.9095953366747563
                ],
                [
                    0.9695192042222693,
                    -0.24501533144727428
                ],
                [
                    0.9679498911880068,
                    0.25114340156397846
                ],
                [
                    0.9193449454318804,
                    0.3934525019730499
                ],
                [
                    0.7065141049424356,
                    0.7076989610825984
                ],
                [
                    0.6967739758337534,
                    0.7172907545764299
                ],
                [
                    0.6543728835892131,
                    0.7561720235654968
                ],
                [
                    0.5284964497004568,
                    0.8489355114812976
                ],
                [
                    0.4140873518780328,
                    0.9102371476789102
                ],
                [
                    0.07364153414301265,
                    0.9972847760038572
                ],
                [
                    -0.05527136579622678,
                    0.9984713697062224
                ],
                [
                    -0.2997326001565636,
                    0.9540232535967798
                ],
                [
                    -0.4728809796945273,
                    0.8811263127629002
                ]
            ]
        },
        {
            "Type": "R",
            "Centroid": {
                "x": 92773.511625,
                "y": 440055.42475
            },
            "Distances": [
                0.0
            ],
            "UnitPairs": [
                [
                    0.0,
                    0.0
                ]
            ]
        }
    ]
}