{
    "Pand ID": "0599100000158465",
    "Archetype ID": "TI.1946",
    "Construction Year": 1924,
    "Number of Floors": 2,
    "Wall Area": 54.95,
    "Roof Area (Flat)": 13.66,
    "Roof Area (Sloped)": 38.22,
    "Floor Area": 48.12,
    "Shared Wall Area": 98.92,
    "Absolute Height (70%)": 1.5792386531829834,
    "Surfaces": [
        {
            "Type": "G",
            "Centroid": {
                "x": 92092.088625,
                "y": 442167.887875
            },
            "Distances": [
                3.1933086534661395,
                5.306421690415396,
                5.3217938617022815,
                3.0331920325776456,
                2.87658411249081,
                5.682408745952584,
                5.672761708895247,
                2.8828279355571156
            ],
            "UnitPairs": [
                [
                    -0.9998641993288834,
                    -0.016479772462350196
                ],
                [
                    -0.9171670259070567,
                    -0.39850300700095664
                ],
                [
                    -0.20423094698006408,
                    -0.9789227345892149
                ],
                [
                    0.2515913901267762,
                    -0.9678335458197738
                ],
                [
                    0.9918448021753421,
                    -0.12745151390923762
                ],
                [
                    0.9033361078872041,
                    0.4289334169625835
                ],
                [
                    0.23465202106227828,
                    0.9720794355459785
                ],
                [
                    -0.3239440649523089,
                    0.9460762351851854
                ]
            ]
        },
        {
            "Type": "F",
            "Centroid": {
                "x": 92091.6810357143,
                "y": 442167.94025
            },
            "Distances": [
                2.787264162271607,
                4.9579348605872795,
                5.305664245080526,
                3.209161251608567,
                6.032225111499658,
                5.732065192171731,
                2.7262798192791866
            ],
            "UnitPairs": [
                [
                    -0.9992901828259809,
                    -0.03767134863019193
                ],
                [
                    -0.8994240222372656,
                    -0.43707714218721017
                ],
                [
                    -0.1280302866753721,
                    -0.9917702585245346
                ],
                [
                    0.36480382066126404,
                    -0.9310844067166758
                ],
                [
                    0.9185191506095448,
                    0.3953764914148543
                ],
                [
                    0.30333121264544394,
                    0.9528851848124434
                ],
                [
                    -0.19304170854860164,
                    0.9811905517077898
                ]
            ]
        },
        {
            "Type": "R",
            "Centroid": {
                "x": 92094.94175,
                "y": 442167.52125
            },
            "Distances": [
                0.0
            ],
            "UnitPairs": [
                [
                    0.0,
                    0.0
                ]
            ]
        }
    ]
}