{
    "Pand ID": "0599100000206771",
    "Archetype ID": "TI.1946",
    "Construction Year": 1901,
    "Number of Floors": 4,
    "Wall Area": 245.36,
    "Roof Area (Flat)": 107.72,
    "Roof Area (Sloped)": 18.78,
    "Floor Area": 121.24,
    "Shared Wall Area": 374.49,
    "Absolute Height (70%)": 11.169855117797852,
    "Surfaces": [
        {
            "Type": "G",
            "Centroid": {
                "x": 94814.56591666666,
                "y": 437539.53391666664
            },
            "Distances": [
                5.814772882959226,
                6.071268498467926,
                5.162735645683096,
                9.205469507146315,
                11.317593619999279,
                8.499173999887558,
                12.068448547654665,
                5.710429202833466,
                6.654575544766462,
                5.129169735989432,
                6.028444977534278,
                6.403640684318259
            ],
            "UnitPairs": [
                [
                    -0.9880724118211162,
                    -0.1539899639522092
                ],
                [
                    -0.9772943937768576,
                    -0.21188597851751398
                ],
                [
                    -0.9395051382736938,
                    -0.3425348086798295
                ],
                [
                    0.6827010103572112,
                    -0.7306978379995681
                ],
                [
                    0.9476027937946317,
                    -0.31945100593457015
                ],
                [
                    0.955926226883375,
                    -0.2936069630586343
                ],
                [
                    0.9996797256665363,
                    -0.02530703639857043
                ],
                [
                    -0.2832390717422827,
                    0.9590493356645267
                ],
                [
                    -0.430743726233756,
                    0.902474289002329
                ],
                [
                    -0.8335494605798306,
                    0.552444835949322
                ],
                [
                    -0.9148987321300074,
                    0.403683427882425
                ],
                [
                    -0.9985595666417683,
                    0.05365437417586783
                ]
            ]
        },
        {
            "Type": "F",
            "Centroid": {
                "x": 94814.71295454545,
                "y": 437539.0360454545
            },
            "Distances": [
                5.905849892995057,
                6.1313727185039735,
                5.156436529809099,
                8.744383493734164,
                11.02740030579073,
                8.223832398707682,
                11.919099312166047,
                7.1676934451077345,
                5.536848706190541,
                6.376269852467535,
                6.5953524032002955
            ],
            "UnitPairs": [
                [
                    -0.9977318509972999,
                    -0.06731384334222701
                ],
                [
                    -0.9916954692884766,
                    -0.12860830530221598
                ],
                [
                    -0.9691682456616326,
                    -0.24639990178803498
                ],
                [
                    0.7018842962395878,
                    -0.7122909761412527
                ],
                [
                    0.9592057204086896,
                    -0.28270901282988287
                ],
                [
                    0.9700520472424505,
                    -0.2428971503347265
                ],
                [
                    0.9998696329665654,
                    0.016146735623822208
                ],
                [
                    -0.4204217951740339,
                    0.9073287795185617
                ],
                [
                    -0.7987313325907607,
                    0.6016878412746827
                ],
                [
                    -0.8880512708010532,
                    0.4597444294699334
                ],
                [
                    -0.9918279032794232,
                    0.12758295448978835
                ]
            ]
        },
        {
            "Type": "R",
            "Centroid": {
                "x": 94812.9485,
                "y": 437545.0105
            },
            "Distances": [
                0.0
            ],
            "UnitPairs": [
                [
                    0.0,
                    0.0
                ]
            ]
        }
    ]
}