{
    "Pand ID": "0599100000073727",
    "Archetype ID": "TI.1946",
    "Construction Year": 1914,
    "Number of Floors": 2,
    "Wall Area": 73.46,
    "Roof Area (Flat)": 0.0,
    "Roof Area (Sloped)": 61.54,
    "Floor Area": 52.24,
    "Shared Wall Area": 124.51,
    "Absolute Height (70%)": 11.317044258117676,
    "Surfaces": [
        {
            "Type": "G",
            "Centroid": {
                "x": 88503.875,
                "y": 434621.90930000006
            },
            "Distances": [
                6.665187652310492,
                6.62658822020056,
                4.821403451221467,
                4.100972084754112,
                4.816296257473581
            ],
            "UnitPairs": [
                [
                    0.020404526787998013,
                    -0.999791805970902
                ],
                [
                    0.7236001152721586,
                    -0.6902194384238383
                ],
                [
                    0.13357106629130572,
                    0.9910392374925442
                ],
                [
                    -0.3818606826971525,
                    0.9242198975406583
                ],
                [
                    -0.8323823506049062,
                    0.5542017885224216
                ]
            ]
        },
        {
            "Type": "F",
            "Centroid": {
                "x": 88503.97244444444,
                "y": 434621.66105555557
            },
            "Distances": [
                3.3964766148207652,
                6.415671408137081,
                6.385723064887225,
                3.3613662161983617,
                3.0403333252031803,
                5.056072262960612,
                4.367617308202953,
                5.037297694371304,
                2.9356667150353095
            ],
            "UnitPairs": [
                [
                    -0.4255717345878584,
                    -0.9049246922920611
                ],
                [
                    0.006009590127390442,
                    -0.9999819422502092
                ],
                [
                    0.7356340868248307,
                    -0.6773791333525099
                ],
                [
                    0.956324110136003,
                    -0.29230839257979213
                ],
                [
                    0.540255090430664,
                    0.8415012996209543
                ],
                [
                    0.10809884177496167,
                    0.9941401512900038
                ],
                [
                    -0.3808585613317555,
                    0.9246333090800404
                ],
                [
                    -0.815207814506915,
                    0.5791685585102659
                ],
                [
                    -0.9961772668098258,
                    0.0873547542570245
                ]
            ]
        },
        {
            "Type": "R",
            "Centroid": {
                "x": 88502.52699999999,
                "y": 434618.5875
            },
            "Distances": [
                0.0
            ],
            "UnitPairs": [
                [
                    0.0,
                    0.0
                ]
            ]
        }
    ]
}