{
    "Pand ID": "0599100000100259",
    "Archetype ID": "TI.1946",
    "Construction Year": 1894,
    "Number of Floors": 3,
    "Wall Area": 121.15,
    "Roof Area (Flat)": 0.0,
    "Roof Area (Sloped)": 100.45,
    "Floor Area": 73.83,
    "Shared Wall Area": 231.02,
    "Absolute Height (70%)": 8.345161437988281,
    "Surfaces": [
        {
            "Type": "G",
            "Centroid": {
                "x": 92472.57866666668,
                "y": 438776.86933333334
            },
            "Distances": [
                4.44475665032105,
                5.476873851072326,
                4.584297421328134,
                4.688980469927871,
                4.728368060305826,
                4.652572533626017,
                5.331203336382462,
                4.324166549429474,
                9.21223919650797,
                9.115459323625036,
                9.254340901078088,
                8.85485595667228
            ],
            "UnitPairs": [
                [
                    -0.8905811899487353,
                    -0.4548243002627441
                ],
                [
                    -0.8142266533683629,
                    -0.5805471186256597
                ],
                [
                    -0.44137988457380506,
                    -0.8973203427392108
                ],
                [
                    -0.44048310286753145,
                    -0.8977609014031473
                ],
                [
                    -0.2640269646443044,
                    -0.9645152989666442
                ],
                [
                    -0.22749063212484968,
                    -0.9737802690008853
                ],
                [
                    0.09202112588162177,
                    -0.9957570549041964
                ],
                [
                    0.22769320331885248,
                    -0.9737329229118218
                ],
                [
                    0.6525648330543203,
                    0.7577328940073719
                ],
                [
                    0.6244976946547022,
                    0.7810266508711226
                ],
                [
                    0.09731469187787875,
                    0.9952536615078155
                ],
                [
                    0.08284531526085608,
                    0.9965624183859881
                ]
            ]
        },
        {
            "Type": "F",
            "Centroid": {
                "x": 92472.57489705883,
                "y": 438777.1396911765
            },
            "Distances": [
                4.570801649188327,
                5.6351472770328765,
                3.164746018750793,
                3.6982935904153367,
                4.826791323532044,
                4.931557719415567,
                4.988701128688298,
                4.915416218258444,
                3.8080388589609138,
                5.600800789258952,
                4.588646354137226,
                9.01162362851465,
                8.908313173590921,
                5.632718256025428,
                8.136913933627591,
                8.985683391364947,
                8.585779621896908
            ],
            "UnitPairs": [
                [
                    -0.8651976966725373,
                    -0.5014308982028692
                ],
                [
                    -0.7906886616767695,
                    -0.6122184579835854
                ],
                [
                    -0.4255150495025928,
                    -0.9049513482208897
                ],
                [
                    -0.42253191117169614,
                    -0.9063480479603814
                ],
                [
                    -0.41842435760185526,
                    -0.9082516484793598
                ],
                [
                    -0.41805189680973825,
                    -0.908423145661635
                ],
                [
                    -0.2494932101014008,
                    -0.9683765476886036
                ],
                [
                    -0.2145590550222547,
                    -0.976711017603445
                ],
                [
                    -0.17401268300195585,
                    -0.9847434113282814
                ],
                [
                    0.08826468924167548,
                    -0.9960970558299379
                ],
                [
                    0.21539095953284887,
                    -0.9765278974773423
                ],
                [
                    0.6675104497421044,
                    0.7446004294150612
                ],
                [
                    0.6394423759214404,
                    0.7688390259839463
                ],
                [
                    0.3927682587017215,
                    0.9196374801824997
                ],
                [
                    0.16152966000335872,
                    0.9868678578914196
                ],
                [
                    0.10064375760679803,
                    0.9949225266596309
                ],
                [
                    0.08588072063836368,
                    0.996305425972696
                ]
            ]
        },
        {
            "Type": "R",
            "Centroid": {
                "x": 92471.01225,
                "y": 438773.78775
            },
            "Distances": [
                0.0
            ],
            "UnitPairs": [
                [
                    0.0,
                    0.0
                ]
            ]
        }
    ]
}