{
    "Pand ID": "0599100000267548",
    "Archetype ID": "TI.1946",
    "Construction Year": 1902,
    "Number of Floors": 2,
    "Wall Area": 38.89,
    "Roof Area (Flat)": 0.0,
    "Roof Area (Sloped)": 45.14,
    "Floor Area": 31.69,
    "Shared Wall Area": 113.21,
    "Absolute Height (70%)": 6.062397480010986,
    "Surfaces": [
        {
            "Type": "G",
            "Centroid": {
                "x": 92333.74777083333,
                "y": 438337.29558333335
            },
            "Distances": [
                2.446415297049225,
                3.9841444676469977,
                4.007793674694956,
                2.450974392405905,
                4.132964691174594,
                4.114232671132442
            ],
            "UnitPairs": [
                [
                    -0.6087818920718566,
                    -0.793337638011339
                ],
                [
                    0.214014997095878,
                    -0.9768303747417211
                ],
                [
                    0.9989702543696393,
                    -0.045369933707891455
                ],
                [
                    0.696729705524459,
                    0.7173337559600835
                ],
                [
                    -0.23405313270630357,
                    0.9722238070888645
                ],
                [
                    -0.9983230559983932,
                    0.05788847780024303
                ]
            ]
        },
        {
            "Type": "F",
            "Centroid": {
                "x": 92334.0456375,
                "y": 438337.68375
            },
            "Distances": [
                4.407753060242874,
                4.315808503656878,
                3.7493804341489505,
                1.9658168887183525,
                3.844168445793418
            ],
            "UnitPairs": [
                [
                    -0.9994207796581058,
                    -0.034030944559089664
                ],
                [
                    0.1285506526825677,
                    -0.9917029442806379
                ],
                [
                    0.9883766305078204,
                    -0.15202511722083112
                ],
                [
                    0.7171573344825295,
                    0.6969112982280552
                ],
                [
                    -0.3291218940713682,
                    0.9442874450308418
                ]
            ]
        },
        {
            "Type": "R",
            "Centroid": {
                "x": 92332.2584375,
                "y": 438335.35475
            },
            "Distances": [
                0.0
            ],
            "UnitPairs": [
                [
                    0.0,
                    0.0
                ]
            ]
        }
    ]
}