{
    "Pand ID": "0599100000255874",
    "Archetype ID": "TI.1946",
    "Construction Year": 1938,
    "Number of Floors": 2,
    "Wall Area": 69.45,
    "Roof Area (Flat)": 60.47,
    "Roof Area (Sloped)": 5.71,
    "Floor Area": 64.73,
    "Shared Wall Area": 129.84,
    "Absolute Height (70%)": 4.973438262939453,
    "Surfaces": [
        {
            "Type": "G",
            "Centroid": {
                "x": 97598.54980000001,
                "y": 436291.18100000004
            },
            "Distances": [
                7.759600559313634,
                6.379590773730745,
                3.1950115242764157,
                6.746009297373186,
                6.348625381919458,
                6.121666050995716,
                6.2096741975641,
                2.3063499821004583,
                6.694436693251489,
                7.483601555400339
            ],
            "UnitPairs": [
                [
                    -0.9688385300939281,
                    -0.24769316220969204
                ],
                [
                    -0.9434460945032574,
                    -0.33152596695666353
                ],
                [
                    0.32369210318539204,
                    -0.9461624714262437
                ],
                [
                    0.8436395132478103,
                    -0.5369100219655039
                ],
                [
                    0.9889069873110841,
                    0.1485360913963849
                ],
                [
                    0.9871822392234408,
                    0.15959707566805006
                ],
                [
                    0.9797937551029954,
                    0.20001049337765126
                ],
                [
                    0.6040713728635894,
                    0.7969302205881631
                ],
                [
                    -0.9090832102625906,
                    0.4166145902613858
                ],
                [
                    -0.9222564762318776,
                    0.3865785716362977
                ]
            ]
        },
        {
            "Type": "F",
            "Centroid": {
                "x": 97599.19014285714,
                "y": 436290.91607142857
            },
            "Distances": [
                8.324733064595408,
                6.911363677498583,
                2.5605753867289227,
                2.7860512296237108,
                2.6608976513764704,
                6.064741252031012,
                5.76580650014036,
                5.543757920646345,
                5.860996626353108,
                5.648576308355484,
                1.2400063466744782,
                2.233629882996902,
                7.386980266265808,
                8.176578241535656
            ],
            "UnitPairs": [
                [
                    -0.9799885226150049,
                    -0.19905400157459757
                ],
                [
                    -0.9635063596524714,
                    -0.267685440226476
                ],
                [
                    -0.1351816700753227,
                    -0.9908208294518472
                ],
                [
                    0.1413675163870195,
                    -0.9899571835744039
                ],
                [
                    0.15177477520013047,
                    -0.9884151038976235
                ],
                [
                    0.8328231878275023,
                    -0.5535391023377092
                ],
                [
                    0.9778089401244586,
                    0.20949863152937973
                ],
                [
                    0.9745838869952784,
                    0.22402287206705998
                ],
                [
                    0.9677291260264406,
                    0.25199273529231275
                ],
                [
                    0.9637573869382197,
                    0.2667802449995406
                ],
                [
                    0.5434303982918565,
                    0.8394542287774563
                ],
                [
                    0.3370554578386657,
                    0.9414847945352954
                ],
                [
                    -0.9105402498302015,
                    0.41342043181143584
                ],
                [
                    -0.9224082047952257,
                    0.3862163949477665
                ]
            ]
        },
        {
            "Type": "R",
            "Centroid": {
                "x": 97599.589,
                "y": 436288.222
            },
            "Distances": [
                0.06419501539617774,
                0.06419501539617774
            ],
            "UnitPairs": [
                [
                    -0.07788766734923659,
                    -0.996962141344843
                ],
                [
                    0.07788766734923659,
                    0.996962141344843
                ]
            ]
        }
    ]
}