{
    "Pand ID": "0599100000236257",
    "Archetype ID": "TI.1946",
    "Construction Year": 1912,
    "Number of Floors": 3,
    "Wall Area": 113.8,
    "Roof Area (Flat)": 61.2,
    "Roof Area (Sloped)": 9.42,
    "Floor Area": 63.8,
    "Shared Wall Area": 248.26,
    "Absolute Height (70%)": 8.452841758728027,
    "Surfaces": [
        {
            "Type": "G",
            "Centroid": {
                "x": 92298.239925,
                "y": 439260.1995
            },
            "Distances": [
                7.3565960667954995,
                7.3480451883417635,
                7.565119172225469,
                4.121659070086003,
                4.602965075902985,
                6.301778914723352,
                6.272286496152812,
                5.165993020704379,
                4.082445356654466,
                2.7297424585640306
            ],
            "UnitPairs": [
                [
                    -0.9999597549201632,
                    -0.00897154055929666
                ],
                [
                    -0.8254304164630192,
                    -0.5645038773805604
                ],
                [
                    -0.7753083416767262,
                    -0.6315829124718976
                ],
                [
                    -0.5323827038312158,
                    -0.8465037841978995
                ],
                [
                    0.9680064755068329,
                    -0.2509252147091623
                ],
                [
                    0.9966550850155782,
                    -0.0817229558483453
                ],
                [
                    0.7376416882154985,
                    0.6751923724440237
                ],
                [
                    0.6729974249026782,
                    0.7396448242733562
                ],
                [
                    0.557190556460646,
                    0.8303846601371414
                ],
                [
                    0.13433501715453913,
                    0.990935973292972
                ]
            ]
        },
        {
            "Type": "F",
            "Centroid": {
                "x": 92298.33739423077,
                "y": 439260.1308076923
            },
            "Distances": [
                7.39056667922979,
                7.598170558773452,
                4.993956639476592,
                4.117124107578134,
                4.491574316459194,
                6.199317164163135,
                2.97532680716342,
                2.4248854837865683,
                6.247855539306975,
                5.152563133061897,
                4.086916478450168,
                2.786728229467614,
                7.453769716995892
            ],
            "UnitPairs": [
                [
                    -0.8338696473825503,
                    -0.5519614218168706
                ],
                [
                    -0.7847638039507279,
                    -0.6197949435166309
                ],
                [
                    -0.7508613913714541,
                    -0.6604598178146222
                ],
                [
                    -0.5566432225225052,
                    -0.8307516613403555
                ],
                [
                    0.9703125145387851,
                    -0.24185455159955116
                ],
                [
                    0.9974051343883981,
                    -0.07199304060575276
                ],
                [
                    0.887038950771807,
                    0.4616945958246119
                ],
                [
                    0.859929585616602,
                    0.5104126837973944
                ],
                [
                    0.7249256550082271,
                    0.688827115255267
                ],
                [
                    0.6558349081744507,
                    0.7549043470664412
                ],
                [
                    0.5327318971919831,
                    0.8462840691601315
                ],
                [
                    0.09661177806547792,
                    0.995322140987041
                ],
                [
                    -0.9999999347669836,
                    0.0003612008147603714
                ]
            ]
        },
        {
            "Type": "R",
            "Centroid": {
                "x": 92300.514625,
                "y": 439263.5895
            },
            "Distances": [
                0.0
            ],
            "UnitPairs": [
                [
                    0.0,
                    0.0
                ]
            ]
        }
    ]
}