{
    "Pand ID": "0599100000216467",
    "Archetype ID": "TI.1946",
    "Construction Year": 1941,
    "Number of Floors": 2,
    "Wall Area": 40.24,
    "Roof Area (Flat)": 0.0,
    "Roof Area (Sloped)": 60.57,
    "Floor Area": 38.31,
    "Shared Wall Area": 102.72,
    "Absolute Height (70%)": 6.2802934646606445,
    "Surfaces": [
        {
            "Type": "G",
            "Centroid": {
                "x": 94439.12716666667,
                "y": 433540.15566666663
            },
            "Distances": [
                4.683293576341596,
                2.4358784976898233,
                4.571952761721147,
                4.575576253929944,
                2.435037040595809,
                4.685295229665834
            ],
            "UnitPairs": [
                [
                    -0.9666630103089092,
                    -0.2560519956971972
                ],
                [
                    -0.22544912120402458,
                    -0.9742549428914041
                ],
                [
                    0.6613877025714636,
                    -0.7500442032888736
                ],
                [
                    0.9624652915679589,
                    0.2714047945910382
                ],
                [
                    0.3309326798309411,
                    0.9436543654431488
                ],
                [
                    -0.6738458329543894,
                    0.7388719736260169
                ]
            ]
        },
        {
            "Type": "F",
            "Centroid": {
                "x": 94439.23700000001,
                "y": 433540.63029999996
            },
            "Distances": [
                4.929845376884325,
                4.871452600590325,
                4.361998606138608,
                1.9515312552326725,
                4.426810684933282
            ],
            "UnitPairs": [
                [
                    -0.9405974519495053,
                    -0.33952383331085634
                ],
                [
                    0.5981788675622519,
                    -0.801362616049652
                ],
                [
                    0.9844111352881907,
                    0.17588267885330686
                ],
                [
                    0.3566430197467136,
                    0.9342407379610168
                ],
                [
                    -0.7380030980602775,
                    0.6747973230929657
                ]
            ]
        },
        {
            "Type": "R",
            "Centroid": {
                "x": 94438.57800000001,
                "y": 433537.7825
            },
            "Distances": [
                0.0
            ],
            "UnitPairs": [
                [
                    0.0,
                    0.0
                ]
            ]
        }
    ]
}