{
    "Pand ID": "0599100000051919",
    "Archetype ID": "TI.1946",
    "Construction Year": 1928,
    "Number of Floors": 4,
    "Wall Area": 138.69,
    "Roof Area (Flat)": 40.41,
    "Roof Area (Sloped)": 76.98,
    "Floor Area": 86.24,
    "Shared Wall Area": 306.82,
    "Absolute Height (70%)": 12.273265838623047,
    "Surfaces": [
        {
            "Type": "G",
            "Centroid": {
                "x": 95259.49885714287,
                "y": 437617.7062857143
            },
            "Distances": [
                3.725272285634639,
                6.170230063013552,
                9.261951531576546,
                9.121357176671795,
                5.774034850850099,
                3.4008121133703253,
                3.3053221415084075,
                5.348647669066972,
                4.823222147900557,
                5.301738114138853,
                5.190737866819212,
                4.532533716163161,
                5.556329893725976,
                3.6126826442180944
            ],
            "UnitPairs": [
                [
                    -0.9866009411026568,
                    -0.1631520242453401
                ],
                [
                    -0.7382799500730512,
                    -0.6744944145952084
                ],
                [
                    -0.5819893490578173,
                    -0.8131964077535377
                ],
                [
                    0.09983633350840233,
                    -0.9950038726113578
                ],
                [
                    0.3130640711097431,
                    -0.9497320081897808
                ],
                [
                    0.7767682450769884,
                    -0.6297865459344266
                ],
                [
                    0.9922309284003034,
                    0.12440974530104953
                ],
                [
                    0.7569470093432891,
                    0.6534762620373066
                ],
                [
                    0.6387105471554227,
                    0.7694470982156087
                ],
                [
                    0.45865012657793147,
                    0.8886169373751817
                ],
                [
                    0.16195055090454988,
                    0.9867988746759456
                ],
                [
                    -0.024127154857037023,
                    0.9997088978290153
                ],
                [
                    -0.40824738383975634,
                    0.9128713346293632
                ],
                [
                    -0.8421324103123977,
                    0.5392708072030522
                ]
            ]
        },
        {
            "Type": "F",
            "Centroid": {
                "x": 95259.29565384614,
                "y": 437617.8710384615
            },
            "Distances": [
                3.5570588982729596,
                6.1367889127142785,
                9.28133984469478,
                9.30742737348123,
                5.995789272923811,
                3.491555616256383,
                5.400941563799858,
                4.833325460436186,
                5.254781325213901,
                5.066166173601997,
                4.367469916107102,
                5.324287666919622,
                3.3528390389870455
            ],
            "UnitPairs": [
                [
                    -0.9761305464554415,
                    -0.21718461335140937
                ],
                [
                    -0.7091907360734913,
                    -0.7050166663757246
                ],
                [
                    -0.5588798527948379,
                    -0.8292486419283545
                ],
                [
                    0.1196728278577221,
                    -0.9928133834072423
                ],
                [
                    0.33537638871712694,
                    -0.9420842201688013
                ],
                [
                    0.9975055638926497,
                    0.0705878885022567
                ],
                [
                    0.7872416510400453,
                    0.616644616345382
                ],
                [
                    0.6794175523133034,
                    0.7337518583340009
                ],
                [
                    0.5014188014286171,
                    0.8652047073230064
                ],
                [
                    0.2060426204132424,
                    0.9785430182537936
                ],
                [
                    0.021487532979836545,
                    0.999769116309581
                ],
                [
                    -0.38787420502650166,
                    0.9217123201276303
                ],
                [
                    -0.8467909771778086,
                    0.5319257852090384
                ]
            ]
        },
        {
            "Type": "R",
            "Centroid": {
                "x": 95262.14050000001,
                "y": 437615.56450000004
            },
            "Distances": [
                0.0
            ],
            "UnitPairs": [
                [
                    0.0,
                    0.0
                ]
            ]
        }
    ]
}