{
    "Pand ID": "0599100000242212",
    "Archetype ID": "TI.1946",
    "Construction Year": 1941,
    "Number of Floors": 2,
    "Wall Area": 58.63,
    "Roof Area (Flat)": 0.0,
    "Roof Area (Sloped)": 43.71,
    "Floor Area": 38.5,
    "Shared Wall Area": 100.07,
    "Absolute Height (70%)": 5.789875030517578,
    "Surfaces": [
        {
            "Type": "G",
            "Centroid": {
                "x": 94039.6638125,
                "y": 433051.3544166667
            },
            "Distances": [
                4.565802752847629,
                4.572275448647876,
                2.5670805943556254,
                4.516138923638797,
                4.522169550527584,
                2.56776221205775
            ],
            "UnitPairs": [
                [
                    -0.9952247711916449,
                    -0.09760970651804063
                ],
                [
                    -0.27448040130123574,
                    -0.9615926940766097
                ],
                [
                    0.6563876505095202,
                    -0.7544237882374811
                ],
                [
                    0.9957621047594122,
                    0.09196646522024028
                ],
                [
                    0.26911861361935363,
                    0.9631070406780323
                ],
                [
                    -0.6231106574014168,
                    0.7821336897441347
                ]
            ]
        },
        {
            "Type": "F",
            "Centroid": {
                "x": 94039.9838125,
                "y": 433050.95275
            },
            "Distances": [
                4.8641990090880425,
                4.294257793839772,
                2.0541299861341966,
                4.256150608229899,
                4.840832366425788
            ],
            "UnitPairs": [
                [
                    -0.999959086976854,
                    -0.009045682529066866
                ],
                [
                    -0.36676885171087525,
                    -0.9303121032291723
                ],
                [
                    0.6645149086081561,
                    -0.7472750071007954
                ],
                [
                    0.9814032407403986,
                    0.19195749285777552
                ],
                [
                    0.18529871148161714,
                    0.9826822413798126
                ]
            ]
        },
        {
            "Type": "R",
            "Centroid": {
                "x": 94038.0638125,
                "y": 433053.36275000003
            },
            "Distances": [
                0.0
            ],
            "UnitPairs": [
                [
                    0.0,
                    0.0
                ]
            ]
        }
    ]
}