{
    "Pand ID": "0599100000282231",
    "Archetype ID": "TI.1946",
    "Construction Year": 1930,
    "Number of Floors": 3,
    "Wall Area": 84.99,
    "Roof Area (Flat)": 0.0,
    "Roof Area (Sloped)": 71.25,
    "Floor Area": 58.77,
    "Shared Wall Area": 210.58,
    "Absolute Height (70%)": 8.409407615661621,
    "Surfaces": [
        {
            "Type": "G",
            "Centroid": {
                "x": 92744.64474999999,
                "y": 440060.852875
            },
            "Distances": [
                2.2502877663193015,
                5.304935629336157,
                7.606648672775136,
                7.992536801990073,
                5.756629941283684,
                3.3861247438939386,
                3.932563194814137,
                4.862163693390909,
                3.9108980466615777,
                4.11563661918702,
                4.227270044757012,
                4.091044888712033,
                4.364704775954553,
                3.446595607428815,
                2.4552890932051454,
                1.910332309117745
            ],
            "UnitPairs": [
                [
                    -0.9310475892687515,
                    -0.3648977754342248
                ],
                [
                    -0.5310384888409896,
                    -0.8473476992176696
                ],
                [
                    -0.43148108203615587,
                    -0.9021219850136167
                ],
                [
                    0.2048004332728177,
                    -0.9788037507750296
                ],
                [
                    0.37259212801159264,
                    -0.9279952080392404
                ],
                [
                    0.8475396558201488,
                    -0.5307320715881638
                ],
                [
                    0.9087902273801282,
                    0.4172533074984247
                ],
                [
                    0.7909801566793665,
                    0.6118418028702229
                ],
                [
                    0.5387189783165386,
                    0.8424855265235034
                ],
                [
                    0.3758531530185386,
                    0.9266792365031296
                ],
                [
                    -0.10506189462520066,
                    0.9944656848266628
                ],
                [
                    -0.28211007979535513,
                    0.9593820421906271
                ],
                [
                    -0.3835597333473437,
                    0.923516069678549
                ],
                [
                    -0.5542063002337093,
                    0.8323793466811054
                ],
                [
                    -0.9954530432927378,
                    0.09525354901118784
                ],
                [
                    -0.9967506652705463,
                    0.08054881304354078
                ]
            ]
        },
        {
            "Type": "F",
            "Centroid": {
                "x": 92744.45342499999,
                "y": 440060.97268333327
            },
            "Distances": [
                2.123631318676644,
                5.309654914472985,
                7.63547233052286,
                8.150613791424474,
                5.940584666252519,
                4.060834254756569,
                4.944733512689581,
                3.919537163778208,
                4.082581019171546,
                4.091883231253604,
                3.9249861373420862,
                4.182719009382864,
                3.2421660935120045,
                2.2556859365597584,
                1.7131387502947009
            ],
            "UnitPairs": [
                [
                    -0.8964832940832034,
                    -0.44307753658894605
                ],
                [
                    -0.49453308026421305,
                    -0.8691588074249662
                ],
                [
                    -0.40479486614539256,
                    -0.9144075220285175
                ],
                [
                    0.22430212580150355,
                    -0.9745196541686199
                ],
                [
                    0.3932609551508892,
                    -0.9194268982109509
                ],
                [
                    0.9271986404268122,
                    0.37456999504855043
                ],
                [
                    0.8164646263839153,
                    0.5773954570861929
                ],
                [
                    0.5863447402012625,
                    0.8100616307654092
                ],
                [
                    0.4257600747773469,
                    0.9048360949506755
                ],
                [
                    -0.06178084410048647,
                    0.998089739102768
                ],
                [
                    -0.24530022942854607,
                    0.9694471607273409
                ],
                [
                    -0.3545062426310893,
                    0.9350536476243422
                ],
                [
                    -0.5301394038471271,
                    0.8479104979233437
                ],
                [
                    -0.9987205946867381,
                    0.05056850550063746
                ],
                [
                    -0.9998022633597156,
                    0.019885526917584426
                ]
            ]
        },
        {
            "Type": "R",
            "Centroid": {
                "x": 92747.514625,
                "y": 440059.05575
            },
            "Distances": [
                0.0
            ],
            "UnitPairs": [
                [
                    0.0,
                    0.0
                ]
            ]
        }
    ]
}