{
    "Pand ID": "0599100000692387",
    "Archetype ID": "TI.1946",
    "Construction Year": 1928,
    "Number of Floors": 3,
    "Wall Area": 112.64,
    "Roof Area (Flat)": 31.81,
    "Roof Area (Sloped)": 16.71,
    "Floor Area": 65.4,
    "Shared Wall Area": 239.61,
    "Absolute Height (70%)": 8.116202354431152,
    "Surfaces": [
        {
            "Type": "G",
            "Centroid": {
                "x": 88842.4420625,
                "y": 439933.628
            },
            "Distances": [
                7.896114159028475,
                8.359948403699418,
                8.331110959076293,
                7.976616877650872,
                7.897654133507254,
                8.065292047572475,
                3.5824483684240325,
                4.943546784704793,
                5.698508341003336,
                4.892188703673914,
                5.2647866825271805,
                5.495836179541177,
                5.758919370212456,
                5.477901086400061,
                5.475900548085398,
                4.302894294827505
            ],
            "UnitPairs": [
                [
                    -0.9811788234012706,
                    -0.193101311515221
                ],
                [
                    -0.97985054505551,
                    -0.19973209395192426
                ],
                [
                    -0.9780808394009378,
                    -0.20822553060745683
                ],
                [
                    -0.6810531436223655,
                    -0.7322339896249652
                ],
                [
                    -0.6786192341935144,
                    -0.734490255199215
                ],
                [
                    -0.6497594841066159,
                    -0.7601398639812967
                ],
                [
                    0.9274383489458005,
                    -0.37397608065849314
                ],
                [
                    0.9959448578978976,
                    -0.08996577141744859
                ],
                [
                    0.9999985362827895,
                    -0.001710974073054706
                ],
                [
                    0.8952025903470491,
                    0.4456594240403015
                ],
                [
                    0.8639476344027432,
                    0.5035816567448658
                ],
                [
                    0.846004110768036,
                    0.5331763728482204
                ],
                [
                    0.6804227925585989,
                    0.73281977550197
                ],
                [
                    0.600503723618845,
                    0.7996219593782439
                ],
                [
                    0.6003578719404002,
                    0.7997314709320835
                ],
                [
                    0.4886245991496945,
                    0.8724941266884266
                ]
            ]
        },
        {
            "Type": "F",
            "Centroid": {
                "x": 88843.46521467391,
                "y": 439933.9710326087
            },
            "Distances": [
                8.967326883124002,
                9.431919662288735,
                9.40406210995852,
                8.939497320442998,
                8.85913728958969,
                9.007952032524916,
                2.849343386357199,
                2.4165589159732326,
                3.9791097752065285,
                3.7574974724217456,
                4.688638700515577,
                2.005640913172747,
                2.4027114743857765,
                3.826282591835092,
                4.213780347924119,
                3.570914161791106,
                4.454670850426552,
                2.1546785987584043,
                4.838993049562826,
                2.7615029058033347,
                4.629844137063867,
                4.627993291647606,
                3.5779038305274087
            ],
            "UnitPairs": [
                [
                    -0.9780676324410316,
                    -0.20828755692838513
                ],
                [
                    -0.9769646587160432,
                    -0.21340116124296343
                ],
                [
                    -0.9752862185148183,
                    -0.22094522392454174
                ],
                [
                    -0.722149349397609,
                    -0.6917371734731408
                ],
                [
                    -0.7204597880439649,
                    -0.6934967150691093
                ],
                [
                    -0.6953469724625552,
                    -0.7186741875753981
                ],
                [
                    0.8069746304007861,
                    -0.5905861037050522
                ],
                [
                    0.9490138274460266,
                    -0.31523444500283127
                ],
                [
                    0.9802061381676124,
                    -0.1979796118253988
                ],
                [
                    0.9962342898612896,
                    -0.08670201672724849
                ],
                [
                    0.9971653020695007,
                    -0.07524201185934282
                ],
                [
                    0.9878876189042763,
                    0.1551710424519962
                ],
                [
                    0.977374042253625,
                    0.21151827705616646
                ],
                [
                    0.8771824206746613,
                    0.4801572667984329
                ],
                [
                    0.8366235387273849,
                    0.5477782894997463
                ],
                [
                    0.8264964354707549,
                    0.5629419527394777
                ],
                [
                    0.8140551676782272,
                    0.5807875549427463
                ],
                [
                    0.7789318681024903,
                    0.6271085590664227
                ],
                [
                    0.5983368433143561,
                    0.8012446704550439
                ],
                [
                    0.497681108071245,
                    0.8673600836267356
                ],
                [
                    0.48950844974491464,
                    0.8719985536847698
                ],
                [
                    0.489272063161409,
                    0.8721312104321104
                ],
                [
                    0.30167044091016193,
                    0.9534122639661545
                ]
            ]
        },
        {
            "Type": "R",
            "Centroid": {
                "x": 88845.7645625,
                "y": 439932.28825000004
            },
            "Distances": [
                0.0
            ],
            "UnitPairs": [
                [
                    0.0,
                    0.0
                ]
            ]
        }
    ]
}