{
    "Pand ID": "0599100000292376",
    "Archetype ID": "TI.1946",
    "Construction Year": 1929,
    "Number of Floors": 3,
    "Wall Area": 80.56,
    "Roof Area (Flat)": 0.0,
    "Roof Area (Sloped)": 57.56,
    "Floor Area": 50.04,
    "Shared Wall Area": 141.16,
    "Absolute Height (70%)": 7.228874683380127,
    "Surfaces": [
        {
            "Type": "G",
            "Centroid": {
                "x": 92358.21574999999,
                "y": 440092.1230833333
            },
            "Distances": [
                4.812474572073139,
                2.493849769626695,
                4.066168283124526,
                3.9160455402591547,
                4.2583852972943115,
                4.0387181349370325,
                3.4118768794052645,
                4.589084913199308,
                3.1892343397527996,
                5.12858271590789,
                6.388589229279997,
                6.12292227400153
            ],
            "UnitPairs": [
                [
                    -0.9999013870982114,
                    -0.01404336423627644
                ],
                [
                    -0.7446318629959141,
                    -0.667475384273633
                ],
                [
                    0.44390686128232953,
                    -0.896072931466223
                ],
                [
                    0.4941209135898276,
                    -0.8693931922629451
                ],
                [
                    0.681948625422572,
                    -0.7314000767598159
                ],
                [
                    0.8757729264179812,
                    -0.4827232968826813
                ],
                [
                    0.9566582017400015,
                    -0.2912131264960196
                ],
                [
                    0.9666415165378759,
                    0.25613312652867726
                ],
                [
                    0.21102243620703762,
                    0.9774812179357958
                ],
                [
                    -0.43520795580927585,
                    0.9003299590707351
                ],
                [
                    -0.5575565859932813,
                    0.8301389362121963
                ],
                [
                    -0.99478643161105,
                    0.10198017200688544
                ]
            ]
        },
        {
            "Type": "F",
            "Centroid": {
                "x": 92358.15456818182,
                "y": 440091.8396818182
            },
            "Distances": [
                2.265529994747322,
                3.8436254278721464,
                3.704931550437055,
                4.0997431264168025,
                3.965233189594729,
                3.400175339416333,
                4.727874236207559,
                5.360081196182022,
                6.593046741728967,
                6.097773458977796,
                4.7557177044452
            ],
            "UnitPairs": [
                [
                    -0.7926702299190528,
                    -0.6096506430736179
                ],
                [
                    0.4855264523538348,
                    -0.8742219764251522
                ],
                [
                    0.5387904718350138,
                    -0.8424398064311794
                ],
                [
                    0.7232603913809882,
                    -0.6905754167789495
                ],
                [
                    0.9074325887358767,
                    -0.4201976878804845
                ],
                [
                    0.9779442194134342,
                    -0.2088662340251501
                ],
                [
                    0.9512058894755296,
                    0.30855689236681555
                ],
                [
                    -0.40499725701378203,
                    0.9143178997544085
                ],
                [
                    -0.530986404156534,
                    0.8473803388095066
                ],
                [
                    -0.9888557228940451,
                    0.14887699385632192
                ],
                [
                    -0.998969761679924,
                    0.04538078061421636
                ]
            ]
        },
        {
            "Type": "R",
            "Centroid": {
                "x": 92358.88875,
                "y": 440095.2405
            },
            "Distances": [
                0.0
            ],
            "UnitPairs": [
                [
                    0.0,
                    0.0
                ]
            ]
        }
    ]
}