{
    "Pand ID": "0599100000097790",
    "Archetype ID": "TI.1946",
    "Construction Year": 1932,
    "Number of Floors": 3,
    "Wall Area": 73.3,
    "Roof Area (Flat)": 3.64,
    "Roof Area (Sloped)": 73.91,
    "Floor Area": 57.49,
    "Shared Wall Area": 173.37,
    "Absolute Height (70%)": 4.6912455558776855,
    "Surfaces": [
        {
            "Type": "G",
            "Centroid": {
                "x": 92207.6874125,
                "y": 441864.4482
            },
            "Distances": [
                3.860642032083529,
                4.729475541735007,
                3.978915492946455,
                3.123229882648606,
                2.8022383374627724,
                3.7853971125637482,
                3.515131021749967,
                7.6521406482419,
                7.652018746721973,
                3.5068782842195896
            ],
            "UnitPairs": [
                [
                    -0.9939020422255799,
                    -0.11026663348366833
                ],
                [
                    -0.9614385273526613,
                    -0.2750199231363902
                ],
                [
                    -0.43657624874865364,
                    -0.8996672601737565
                ],
                [
                    -0.37784602617755425,
                    -0.9258684466498635
                ],
                [
                    -0.345473826068191,
                    -0.93842838592074
                ],
                [
                    0.11171879394143942,
                    -0.9937398608691664
                ],
                [
                    0.99993427791473,
                    0.011464722026617162
                ],
                [
                    0.8641895521780155,
                    0.5031663918688937
                ],
                [
                    0.31545923760754524,
                    0.9489391283997443
                ],
                [
                    -0.19821047201011377,
                    0.9801594813016542
                ]
            ]
        },
        {
            "Type": "F",
            "Centroid": {
                "x": 92207.76464583335,
                "y": 441864.0662777778
            },
            "Distances": [
                3.914578130306687,
                4.714722832016802,
                3.676627280624291,
                2.8071109000040644,
                2.478956779794368,
                3.3974083168670233,
                3.46349876801895,
                7.7863113035826865,
                7.9924249792733
            ],
            "UnitPairs": [
                [
                    -0.9999374652990776,
                    -0.011183268361982489
                ],
                [
                    -0.9808282476198791,
                    -0.19487418677422966
                ],
                [
                    -0.4934776344897077,
                    -0.8697584861663854
                ],
                [
                    -0.4479101033522697,
                    -0.8940785979515219
                ],
                [
                    -0.4216827585954445,
                    -0.9067434317949792
                ],
                [
                    0.10174422218976993,
                    -0.9948105916459669
                ],
                [
                    0.9925416167048778,
                    0.1219062718192437
                ],
                [
                    0.8393790604873179,
                    0.543546495541483
                ],
                [
                    0.2923601626183393,
                    0.9563082846623144
                ]
            ]
        },
        {
            "Type": "R",
            "Centroid": {
                "x": 92206.9923125,
                "y": 441867.88550000003
            },
            "Distances": [
                0.0
            ],
            "UnitPairs": [
                [
                    0.0,
                    0.0
                ]
            ]
        }
    ]
}