{
    "Pand ID": "0599100000098343",
    "Archetype ID": "TI.1946",
    "Construction Year": 1933,
    "Number of Floors": 3,
    "Wall Area": 82.95,
    "Roof Area (Flat)": 5.51,
    "Roof Area (Sloped)": 44.42,
    "Floor Area": 44.37,
    "Shared Wall Area": 103.26,
    "Absolute Height (70%)": 6.275163173675537,
    "Surfaces": [
        {
            "Type": "G",
            "Centroid": {
                "x": 95341.26601250001,
                "y": 433404.80474999995
            },
            "Distances": [
                2.7728345136096473,
                1.2875835661898765,
                5.3204394592606885,
                1.5300651097080227,
                4.856723014514408,
                3.769394572067508,
                4.156883140056419,
                6.486558027215866,
                5.848845308294252,
                3.063464026255232
            ],
            "UnitPairs": [
                [
                    -0.724240840971384,
                    -0.6895471008343539
                ],
                [
                    -0.3310076419062101,
                    -0.943628073448268
                ],
                [
                    -0.2941862250283594,
                    -0.9557481179701917
                ],
                [
                    -0.2537146932755776,
                    -0.9672790985109105
                ],
                [
                    0.017254432616936106,
                    -0.9998511311965735
                ],
                [
                    0.9852510606128198,
                    -0.17111501267075818
                ],
                [
                    0.7863584060114733,
                    0.6177705539236188
                ],
                [
                    0.4339435472838876,
                    0.9009400633619733
                ],
                [
                    -0.5088525757014053,
                    0.8608536787410771
                ],
                [
                    -0.8216842040345633,
                    0.5699430399961789
                ]
            ]
        },
        {
            "Type": "F",
            "Centroid": {
                "x": 95341.5457013889,
                "y": 433404.61075
            },
            "Distances": [
                2.8611115965492515,
                1.2412574767020854,
                1.4490933606752183,
                5.227379459385376,
                4.666113635231705,
                3.4635993018063895,
                4.069819312263538,
                6.548605374098497,
                6.159809530878958
            ],
            "UnitPairs": [
                [
                    -0.7996503497643319,
                    -0.6004659175355263
                ],
                [
                    -0.568688529281976,
                    -0.8225529506743642
                ],
                [
                    -0.46090121382813526,
                    -0.8874514471742957
                ],
                [
                    -0.35292805950479283,
                    -0.9356504608101155
                ],
                [
                    -0.04198116552758943,
                    -0.9991184022631878
                ],
                [
                    0.9914862580444689,
                    -0.1302113670497967
                ],
                [
                    0.7344579407000734,
                    0.6786542074890625
                ],
                [
                    0.38712229036362644,
                    0.9220283793374366
                ],
                [
                    -0.528569734594421,
                    0.8488898843023066
                ]
            ]
        },
        {
            "Type": "R",
            "Centroid": {
                "x": 95338.74881250001,
                "y": 433406.55075
            },
            "Distances": [
                0.0
            ],
            "UnitPairs": [
                [
                    0.0,
                    0.0
                ]
            ]
        }
    ]
}