{
    "Pand ID": "0599100000057818",
    "Archetype ID": "TI.1946",
    "Construction Year": 1938,
    "Number of Floors": 3,
    "Wall Area": 80.23,
    "Roof Area (Flat)": 20.72,
    "Roof Area (Sloped)": 23.18,
    "Floor Area": 40.54,
    "Shared Wall Area": 110.8,
    "Absolute Height (70%)": 10.754561424255371,
    "Surfaces": [
        {
            "Type": "G",
            "Centroid": {
                "x": 96829.8727,
                "y": 434687.5305
            },
            "Distances": [
                3.8787950629074732,
                3.4615758174512394,
                4.1687973253608375,
                6.711556089310459,
                4.202837986414289,
                6.2350135156201185,
                4.709639809993741,
                3.91333938472862,
                3.780912791916805,
                4.109497236902471
            ],
            "UnitPairs": [
                [
                    -0.998170807482975,
                    -0.06045691927964666
                ],
                [
                    -0.9855915860045971,
                    -0.16914261910276454
                ],
                [
                    -0.8687637506315679,
                    -0.49522676178551883
                ],
                [
                    0.8669077517307565,
                    -0.4984686048179214
                ],
                [
                    0.9727474656930721,
                    -0.23186713434142736
                ],
                [
                    0.9795167219290125,
                    -0.2013628353531049
                ],
                [
                    0.9423862925942612,
                    0.33452664397689397
                ],
                [
                    -0.7619323822614696,
                    0.6476565794164076
                ],
                [
                    -0.7968181668848395,
                    0.6042191729184733
                ],
                [
                    -0.8645096456319873,
                    0.5026162279605145
                ]
            ]
        },
        {
            "Type": "F",
            "Centroid": {
                "x": 96830.62626315789,
                "y": 434687.1852631579
            },
            "Distances": [
                4.172186903698486,
                4.700935386358718,
                2.3885456115275603,
                2.2928860535061544,
                1.9229531377899132,
                3.3328039927917184,
                3.158646975748492,
                5.886691625732748,
                3.393588355723903,
                5.430568772354042,
                3.7955040136404343,
                4.15529970185089,
                1.889759489470259,
                2.4204041379916976,
                2.4817198263627764,
                4.716468502864699,
                4.593501282601622,
                4.93513469998116,
                4.626588584244761
            ],
            "UnitPairs": [
                [
                    -0.9983404996032121,
                    -0.057586863536825315
                ],
                [
                    -0.9307218241244002,
                    -0.3657278853171425
                ],
                [
                    -0.4074710372637299,
                    -0.9132181304547233
                ],
                [
                    -0.10478634885522081,
                    -0.9944947566948716
                ],
                [
                    -0.08334220670110228,
                    -0.9965209865237112
                ],
                [
                    0.627020624865285,
                    -0.7790026546768295
                ],
                [
                    0.7065483605023748,
                    -0.7076647612191852
                ],
                [
                    0.8603706740777619,
                    -0.5096688171616717
                ],
                [
                    0.9826580281898468,
                    -0.18542707362745628
                ],
                [
                    0.9858519552093198,
                    -0.1676183832697391
                ],
                [
                    0.9457866015192817,
                    0.3247887072953852
                ],
                [
                    0.8867559758622601,
                    0.4622378600596998
                ],
                [
                    0.3406448522705705,
                    0.9401920466700201
                ],
                [
                    0.3130621164561491,
                    0.9497326525080606
                ],
                [
                    -0.1624934263749897,
                    0.9867096261742436
                ],
                [
                    -0.7919618578210746,
                    0.6105705657469838
                ],
                [
                    -0.8199112019737781,
                    0.572490716848679
                ],
                [
                    -0.8725725678563594,
                    0.48848450725131404
                ],
                [
                    -0.999713519726706,
                    0.023934879896105744
                ]
            ]
        },
        {
            "Type": "R",
            "Centroid": {
                "x": 96829.653,
                "y": 434685.004
            },
            "Distances": [
                0.0
            ],
            "UnitPairs": [
                [
                    0.0,
                    0.0
                ]
            ]
        }
    ]
}