{
    "Pand ID": "0599100000035443",
    "Archetype ID": "TI.1946",
    "Construction Year": 1936,
    "Number of Floors": 3,
    "Wall Area": 75.96,
    "Roof Area (Flat)": 0.0,
    "Roof Area (Sloped)": 63.07,
    "Floor Area": 50.49,
    "Shared Wall Area": 164.36,
    "Absolute Height (70%)": 7.426004409790039,
    "Surfaces": [
        {
            "Type": "G",
            "Centroid": {
                "x": 88684.79925,
                "y": 438997.6065
            },
            "Distances": [
                5.9124987116813275,
                5.886112130745892,
                2.65376892659778,
                2.5210486440392375,
                5.348770841579023,
                5.322946037265394,
                3.8197966916338695,
                2.6930628038527265
            ],
            "UnitPairs": [
                [
                    -0.9688162787548891,
                    -0.24778018084489556
                ],
                [
                    -0.4261089398708386,
                    -0.9046718583896318
                ],
                [
                    0.35491974849957625,
                    -0.9348967708388971
                ],
                [
                    0.696089305594298,
                    -0.7179552065674069
                ],
                [
                    0.9800148772983361,
                    0.1989242073603087
                ],
                [
                    0.37984134835312683,
                    0.9250516472507244
                ],
                [
                    0.16254137330597782,
                    0.9867017289757867
                ],
                [
                    -0.8708021946749949,
                    0.4916335400979192
                ]
            ]
        },
        {
            "Type": "F",
            "Centroid": {
                "x": 88685.23634722222,
                "y": 438997.8156111111
            },
            "Distances": [
                6.388475018484672,
                6.26902861124564,
                2.018318705058835,
                2.411088540606554,
                4.880238160809898,
                3.0139767851955934,
                4.974102717013938,
                3.5646294579601525,
                2.9972883959104557
            ],
            "UnitPairs": [
                [
                    -0.9650538202590738,
                    -0.26205175825276833
                ],
                [
                    -0.46980519708170826,
                    -0.8827701154859159
                ],
                [
                    0.5295386576458919,
                    -0.8482858068237303
                ],
                [
                    0.5465488950659179,
                    -0.8374271940307552
                ],
                [
                    0.9845375613770249,
                    0.17517360028777412
                ],
                [
                    0.9730591795482337,
                    0.230555488108434
                ],
                [
                    0.31860576026324733,
                    0.9478873190032021
                ],
                [
                    0.051555927467663167,
                    0.9986701088662607
                ],
                [
                    -0.9282464196681124,
                    0.37196583764282787
                ]
            ]
        },
        {
            "Type": "R",
            "Centroid": {
                "x": 88685.741125,
                "y": 438995.12549999997
            },
            "Distances": [
                0.0
            ],
            "UnitPairs": [
                [
                    0.0,
                    0.0
                ]
            ]
        }
    ]
}