{
    "Pand ID": "0599100000052076",
    "Archetype ID": "TI.1946",
    "Construction Year": 1931,
    "Number of Floors": 3,
    "Wall Area": 71.51,
    "Roof Area (Flat)": 0.0,
    "Roof Area (Sloped)": 77.23,
    "Floor Area": 58.63,
    "Shared Wall Area": 160.27,
    "Absolute Height (70%)": 4.1808552742004395,
    "Surfaces": [
        {
            "Type": "G",
            "Centroid": {
                "x": 92281.63241666666,
                "y": 441975.5991666667
            },
            "Distances": [
                5.136179006296538,
                5.564928117350151,
                4.905664408083405,
                3.769840728496582,
                3.709277034430031,
                4.591132806998316,
                2.9296493734566593,
                6.202727500983954,
                6.788389140155563,
                6.737516898015945,
                6.253737145442548,
                2.820865402312376
            ],
            "UnitPairs": [
                [
                    -0.9475266848542306,
                    -0.31967668274234756
                ],
                [
                    -0.9313088250865049,
                    -0.3642305208463368
                ],
                [
                    -0.5040431755950197,
                    -0.8636784570290543
                ],
                [
                    -0.46173480314616516,
                    -0.8870180221188135
                ],
                [
                    -0.4587596587866985,
                    -0.8885603949478684
                ],
                [
                    -0.023015380102789248,
                    -0.9997351110562858
                ],
                [
                    0.9131923286014527,
                    -0.40752885908050285
                ],
                [
                    0.9165860232357633,
                    0.3998375445213327
                ],
                [
                    0.8982003252098308,
                    0.4395863689799241
                ],
                [
                    0.26691336891030476,
                    0.9637205266553948
                ],
                [
                    0.2333538010004746,
                    0.9723918981350219
                ],
                [
                    -0.583390708863522,
                    0.8121916527591977
                ]
            ]
        },
        {
            "Type": "F",
            "Centroid": {
                "x": 92281.38920454546,
                "y": 441975.7077045454
            },
            "Distances": [
                4.943725624410497,
                5.381298850836051,
                4.883998646229215,
                3.7632183704780138,
                3.703700907594716,
                4.700467409448612,
                6.385286136883017,
                6.962131736954023,
                6.703008914254575,
                6.210471820378269,
                2.594298250670874
            ],
            "UnitPairs": [
                [
                    -0.9352166557587314,
                    -0.3540759901369404
                ],
                [
                    -0.9178926282246332,
                    -0.3968288334419203
                ],
                [
                    -0.456481401191827,
                    -0.8897329545239663
                ],
                [
                    -0.39791858936701324,
                    -0.9174207302193288
                ],
                [
                    -0.39378302455947883,
                    -0.9192034212125132
                ],
                [
                    0.02926208025018657,
                    -0.9995717736408085
                ],
                [
                    0.9284698175546657,
                    0.37140785921949176
                ],
                [
                    0.9107189714449102,
                    0.4130265791088084
                ],
                [
                    0.30457149627268565,
                    0.9524894769278123
                ],
                [
                    0.2741410803869167,
                    0.9616894862918561
                ],
                [
                    -0.5405911001546598,
                    0.8412854821245725
                ]
            ]
        },
        {
            "Type": "R",
            "Centroid": {
                "x": 92284.30774999999,
                "y": 441974.40525
            },
            "Distances": [
                0.0
            ],
            "UnitPairs": [
                [
                    0.0,
                    0.0
                ]
            ]
        }
    ]
}