{
    "Pand ID": "0599100000122738",
    "Archetype ID": "TI.1946",
    "Construction Year": 1921,
    "Number of Floors": 3,
    "Wall Area": 47.95,
    "Roof Area (Flat)": 0.0,
    "Roof Area (Sloped)": 58.85,
    "Floor Area": 42.38,
    "Shared Wall Area": 125.72,
    "Absolute Height (70%)": 6.326249599456787,
    "Surfaces": [
        {
            "Type": "G",
            "Centroid": {
                "x": 94138.88600000001,
                "y": 433693.39749999996
            },
            "Distances": [
                4.174988502992387,
                3.2571475250743798,
                2.7748776549729297,
                4.639226767466608,
                3.9091508029129773,
                3.006056054026132,
                2.7749077461750873,
                4.864166629522768,
                6.442069853692107,
                6.619583370566033,
                5.1421133787761315,
                3.1279157597380425,
                3.372022538516655,
                3.6769131074969756
            ],
            "UnitPairs": [
                [
                    -0.9736553758419517,
                    -0.22802458002168946
                ],
                [
                    -0.9723231679361871,
                    -0.23364001603864257
                ],
                [
                    -0.9712139903508027,
                    -0.23820870040128916
                ],
                [
                    -0.787200148444285,
                    -0.6166975971165247
                ],
                [
                    -0.7275237368414169,
                    -0.6860825113150028
                ],
                [
                    -0.5831561250042765,
                    -0.812360101106644
                ],
                [
                    0.8299375008627837,
                    -0.5578563835447586
                ],
                [
                    0.9783793119034825,
                    -0.2068185727618971
                ],
                [
                    0.995021809072004,
                    -0.09965741051761548
                ],
                [
                    0.8263359933359188,
                    0.5631774375075235
                ],
                [
                    0.7551369862854456,
                    0.6555670308547668
                ],
                [
                    0.4399095454234763,
                    0.8980420880144262
                ],
                [
                    -0.8321415316653731,
                    0.5545633158419397
                ],
                [
                    -0.8754626247350128,
                    0.48328582918608565
                ]
            ]
        },
        {
            "Type": "F",
            "Centroid": {
                "x": 94138.78015384615,
                "y": 433693.18142307695
            },
            "Distances": [
                2.62710376336411,
                3.1092770911659025,
                4.026969326024797,
                4.423892537533942,
                3.684869482989635,
                2.769088177987642,
                2.7525549723483236,
                4.9285602936434865,
                6.52975202960849,
                6.829773283649133,
                5.364514376063095,
                3.4121177766613995,
                3.6964959746811688
            ],
            "UnitPairs": [
                [
                    -0.9855544658208639,
                    -0.16935877568213434
                ],
                [
                    -0.9845226901294716,
                    -0.17525716139498687
                ],
                [
                    -0.9831596730988512,
                    -0.1827486174835801
                ],
                [
                    -0.8015913171638535,
                    -0.5978723611670962
                ],
                [
                    -0.7430802797191871,
                    -0.6692022847334389
                ],
                [
                    -0.5948361844314067,
                    -0.8038469466826913
                ],
                [
                    0.875130988498835,
                    -0.4838860950358586
                ],
                [
                    0.9870724641664519,
                    -0.1602746096060403
                ],
                [
                    0.9978703822605737,
                    -0.06522806303376297
                ],
                [
                    0.816402817821017,
                    0.5774828474109887
                ],
                [
                    0.7435614622730583,
                    0.6686675944162026
                ],
                [
                    -0.7913425101023756,
                    0.611373070804457
                ],
                [
                    -0.842190514333551,
                    0.5391800604311967
                ]
            ]
        },
        {
            "Type": "R",
            "Centroid": {
                "x": 94140.262,
                "y": 433696.2065
            },
            "Distances": [
                0.0
            ],
            "UnitPairs": [
                [
                    0.0,
                    0.0
                ]
            ]
        }
    ]
}