{
    "Pand ID": "0599100000039458",
    "Archetype ID": "TI.1946",
    "Construction Year": 1941,
    "Number of Floors": 3,
    "Wall Area": 50.94,
    "Roof Area (Flat)": 0.0,
    "Roof Area (Sloped)": 37.22,
    "Floor Area": 31.32,
    "Shared Wall Area": 94.34,
    "Absolute Height (70%)": 6.007593154907227,
    "Surfaces": [
        {
            "Type": "G",
            "Centroid": {
                "x": 94358.70766666667,
                "y": 432913.0818333333
            },
            "Distances": [
                4.128410092131013,
                4.159889448267489,
                2.249619424582518,
                4.127652709349681,
                4.160399727111071,
                2.249529333502989
            ],
            "UnitPairs": [
                [
                    -0.9949754445404018,
                    -0.10011925270211368
                ],
                [
                    -0.3133897385668173,
                    -0.9496245951748628
                ],
                [
                    0.6175859428301844,
                    -0.786503403183071
                ],
                [
                    0.9945927194991759,
                    0.1038524064200418
                ],
                [
                    0.31711696468383216,
                    0.9483864353256605
                ],
                [
                    -0.6235378422370438,
                    0.7817931691300274
                ]
            ]
        },
        {
            "Type": "F",
            "Centroid": {
                "x": 94358.9882,
                "y": 432912.7301
            },
            "Distances": [
                4.388632338212619,
                3.931871259307059,
                1.7997297574815594,
                3.903603361010138,
                4.421170908292124
            ],
            "UnitPairs": [
                [
                    -0.9999014868008831,
                    -0.014036263512185768
                ],
                [
                    -0.4029124799667788,
                    -0.9152385118028087
                ],
                [
                    0.6160924968831905,
                    -0.787673812744994
                ],
                [
                    0.9798126618613209,
                    0.1999178522699586
                ],
                [
                    0.23496038075490075,
                    0.972004948277277
                ]
            ]
        },
        {
            "Type": "R",
            "Centroid": {
                "x": 94357.30500000001,
                "y": 432914.8405
            },
            "Distances": [
                0.0
            ],
            "UnitPairs": [
                [
                    0.0,
                    0.0
                ]
            ]
        }
    ]
}