{
    "Pand ID": "0599100000193210",
    "Archetype ID": "TI.1946",
    "Construction Year": 1917,
    "Number of Floors": 3,
    "Wall Area": 69.3,
    "Roof Area (Flat)": 11.9,
    "Roof Area (Sloped)": 49.67,
    "Floor Area": 47.9,
    "Shared Wall Area": 138.38,
    "Absolute Height (70%)": 6.212742805480957,
    "Surfaces": [
        {
            "Type": "G",
            "Centroid": {
                "x": 94488.80623076923,
                "y": 433565.81465384614
            },
            "Distances": [
                3.07372873034754,
                9.14047612376878,
                2.36073798758565,
                2.3586516356478646,
                8.911526110342495,
                3.3246165886239774,
                2.859064465061081,
                3.93895402944385,
                6.21860435121188,
                6.135071518626553,
                6.201462978786901,
                3.8479970114382365,
                2.6338349051647723
            ],
            "UnitPairs": [
                [
                    -0.8553880318961745,
                    -0.5179877555394423
                ],
                [
                    -0.4919033438029708,
                    -0.870649814997658
                ],
                [
                    -0.3965839386491596,
                    -0.9179984638361436
                ],
                [
                    -0.3897272303104719,
                    -0.9209303371887193
                ],
                [
                    -0.31489901218758815,
                    -0.9491251825356238
                ],
                [
                    0.4796851571468959,
                    -0.8774406817631365
                ],
                [
                    0.9484813175444458,
                    0.3168330637246565
                ],
                [
                    0.797615104743124,
                    0.6031667635783782
                ],
                [
                    0.6222890237432953,
                    0.7827875643676363
                ],
                [
                    0.5585540804794549,
                    0.8294681061859767
                ],
                [
                    -0.055669246178841336,
                    0.9984492651256144
                ],
                [
                    -0.28020571898130325,
                    0.9599399747120498
                ],
                [
                    -0.5825083289104501,
                    0.8128247331066857
                ]
            ]
        },
        {
            "Type": "F",
            "Centroid": {
                "x": 94489.13157142857,
                "y": 433565.8699285714
            },
            "Distances": [
                3.3828262184899343,
                9.352143524872265,
                2.411893227068286,
                2.555533451995443,
                2.551547781526517,
                9.071119316413464,
                3.232147971531052,
                2.533478454941561,
                3.649290568463155,
                5.976940492698739,
                6.059474571416231,
                5.912334607464928,
                6.173100917643143,
                3.899899331537957
            ],
            "UnitPairs": [
                [
                    -0.8734032544824786,
                    -0.4869976951274151
                ],
                [
                    -0.5155578949096582,
                    -0.8568547467315109
                ],
                [
                    -0.4973567714816365,
                    -0.8675461035941335
                ],
                [
                    -0.4936626548924209,
                    -0.8696534845354019
                ],
                [
                    -0.48777116289265454,
                    -0.8729715302633572
                ],
                [
                    -0.3452243675052845,
                    -0.938520184162587
                ],
                [
                    0.39275075974411294,
                    -0.9196449536209189
                ],
                [
                    0.9419573183138167,
                    0.33573264731783675
                ],
                [
                    0.7717742719008119,
                    0.6358965900458751
                ],
                [
                    0.593017209347854,
                    0.8051897847199029
                ],
                [
                    0.5890656903264917,
                    0.8080851517508373
                ],
                [
                    0.5245691892172715,
                    0.8513678204653583
                ],
                [
                    -0.10862797118083317,
                    0.9940824733779065
                ],
                [
                    -0.35989939976668656,
                    0.9329911157388256
                ]
            ]
        },
        {
            "Type": "R",
            "Centroid": {
                "x": 94487.272,
                "y": 433567.9555
            },
            "Distances": [
                0.0
            ],
            "UnitPairs": [
                [
                    0.0,
                    0.0
                ]
            ]
        }
    ]
}