{
    "Pand ID": "0599100000225219",
    "Archetype ID": "TI.1946",
    "Construction Year": 1909,
    "Number of Floors": 3,
    "Wall Area": 124.56,
    "Roof Area (Flat)": 3.26,
    "Roof Area (Sloped)": 74.34,
    "Floor Area": 54.98,
    "Shared Wall Area": 187.81,
    "Absolute Height (70%)": 8.643823623657227,
    "Surfaces": [
        {
            "Type": "G",
            "Centroid": {
                "x": 94396.43024431818,
                "y": 438462.03125
            },
            "Distances": [
                4.5954031514042954,
                7.448553894797615,
                6.896707517248154,
                6.987956076270944,
                7.182271509279049,
                4.003565994142908,
                5.392154193958615,
                5.0033451661234905,
                3.5408356405247563,
                3.496832155541775,
                3.5352084979608147
            ],
            "UnitPairs": [
                [
                    -0.9509898640452579,
                    -0.3092220536817869
                ],
                [
                    0.7054816620824972,
                    -0.7087281738899035
                ],
                [
                    0.8873535910451338,
                    -0.461089583984832
                ],
                [
                    0.978657866073038,
                    -0.20549642618149785
                ],
                [
                    0.9954814674688687,
                    -0.0949560315410651
                ],
                [
                    -0.6042567605293323,
                    0.7967896631825725
                ],
                [
                    -0.7149613455985846,
                    0.6991639824103223
                ],
                [
                    -0.9354105429050221,
                    0.3535634543078963
                ],
                [
                    -0.9382479605010816,
                    0.34596353075947295
                ],
                [
                    -0.9383298002965027,
                    0.3457415015232125
                ],
                [
                    -0.971705578375628,
                    0.23619540417562385
                ]
            ]
        },
        {
            "Type": "F",
            "Centroid": {
                "x": 94395.6179715909,
                "y": 438462.53188636363
            },
            "Distances": [
                4.04368685892696,
                8.379366837350615,
                7.892385729564482,
                8.04944224237556,
                3.132863481710343,
                4.466322236740471,
                2.7105809264434315,
                4.070561023936058,
                2.6123449853248872,
                2.5685192505545196,
                2.6441352349081244
            ],
            "UnitPairs": [
                [
                    -0.8798676096906052,
                    -0.4752188857961569
                ],
                [
                    0.7240512352383077,
                    -0.6897461915443107
                ],
                [
                    0.9694268845021832,
                    -0.24538034885538582
                ],
                [
                    0.9891481508106228,
                    -0.14692152921857768
                ],
                [
                    -0.5129202406302029,
                    0.8584362683110813
                ],
                [
                    -0.6813008398432706,
                    0.7320035284265055
                ],
                [
                    -0.7389224469759097,
                    0.6737904847614976
                ],
                [
                    -0.9502152327786367,
                    0.3115943057814777
                ],
                [
                    -0.9607877615727699,
                    0.2772848304757875
                ],
                [
                    -0.9612188385822467,
                    0.275786773349624
                ],
                [
                    -0.991972368234351,
                    0.12645481667193667
                ]
            ]
        },
        {
            "Type": "R",
            "Centroid": {
                "x": 94402.5500625,
                "y": 438458.85125
            },
            "Distances": [
                0.0
            ],
            "UnitPairs": [
                [
                    0.0,
                    0.0
                ]
            ]
        }
    ]
}