{
    "Pand ID": "0599100000086801",
    "Archetype ID": "TI.1946",
    "Construction Year": 1884,
    "Number of Floors": 2,
    "Wall Area": 88.64,
    "Roof Area (Flat)": 29.12,
    "Roof Area (Sloped)": 0.0,
    "Floor Area": 29.12,
    "Shared Wall Area": 80.35,
    "Absolute Height (70%)": 8.223013877868652,
    "Surfaces": [
        {
            "Type": "G",
            "Centroid": {
                "x": 85849.67749999999,
                "y": 434141.499
            },
            "Distances": [
                3.8527467231294423,
                3.8168622993920165,
                3.854944398097024,
                3.8181003539029037
            ],
            "UnitPairs": [
                [
                    -0.14593484607417506,
                    -0.9892942033092617
                ],
                [
                    0.9921107189542805,
                    -0.1253647531645987
                ],
                [
                    0.14624076038021633,
                    0.9892490283055203
                ],
                [
                    -0.9921818833612893,
                    0.12480028176909283
                ]
            ]
        },
        {
            "Type": "F",
            "Centroid": {
                "x": 85850.07225,
                "y": 434142.1817222222
            },
            "Distances": [
                3.8741178844736037,
                4.164818582751571,
                4.594984481194503,
                3.4539762825514337,
                3.265896396314276,
                3.404375769883427,
                3.012632780772303,
                2.576842435714521,
                2.69822625785148
            ],
            "UnitPairs": [
                [
                    -0.999969571276247,
                    -0.0078010590049670606
                ],
                [
                    -0.9983628139843956,
                    -0.05719870324717913
                ],
                [
                    -0.20827056194119067,
                    -0.9780712515091632
                ],
                [
                    0.9250208277725357,
                    -0.379916396312416
                ],
                [
                    0.9351184573508706,
                    -0.3543352518755764
                ],
                [
                    0.9572973785154494,
                    -0.28910504853331137
                ],
                [
                    0.08862679902331233,
                    0.9960649027522661
                ],
                [
                    -0.13349671490563458,
                    0.9910492556424245
                ],
                [
                    -0.16381131816646227,
                    0.9864916887843334
                ]
            ]
        },
        {
            "Type": "R",
            "Centroid": {
                "x": 85849.11524999999,
                "y": 434137.6875
            },
            "Distances": [
                0.0
            ],
            "UnitPairs": [
                [
                    0.0,
                    0.0
                ]
            ]
        }
    ]
}