{
    "Pand ID": "0599100000166110",
    "Archetype ID": "TI.1946",
    "Construction Year": 1912,
    "Number of Floors": 3,
    "Wall Area": 160.22,
    "Roof Area (Flat)": 26.34,
    "Roof Area (Sloped)": 86.85,
    "Floor Area": 82.42,
    "Shared Wall Area": 96.8,
    "Absolute Height (70%)": 7.364729881286621,
    "Surfaces": [
        {
            "Type": "G",
            "Centroid": {
                "x": 95026.47742307691,
                "y": 437545.3628076923
            },
            "Distances": [
                3.965092154391549,
                3.863549885254823,
                5.987522746415486,
                7.45335294867813,
                7.185106590461047,
                7.085348264104648,
                7.294312053339742,
                6.836016031116206,
                3.450728365790529,
                3.867736222267044,
                8.109196475934532,
                10.372519482177877,
                10.5350777635992
            ],
            "UnitPairs": [
                [
                    -0.9260624807526152,
                    -0.37737021840933893
                ],
                [
                    -0.9167535510376502,
                    -0.39945328470280295
                ],
                [
                    0.70163857424989,
                    -0.712533024585234
                ],
                [
                    0.7654376442881818,
                    -0.6435100719542458
                ],
                [
                    0.8352105633413555,
                    -0.5499302818385398
                ],
                [
                    0.9878239801616052,
                    -0.15557565432189147
                ],
                [
                    0.9992822996583726,
                    -0.03787988370460763
                ],
                [
                    0.9998626234896593,
                    -0.016575106285504165
                ],
                [
                    -0.5068272235657938,
                    0.8620476584578076
                ],
                [
                    -0.5796473565101263,
                    0.814867438354744
                ],
                [
                    -0.8132646799827756,
                    0.5818939424779344
                ],
                [
                    -0.8443390337291464,
                    0.5358092908128145
                ],
                [
                    -0.9941002156720063,
                    0.10846548391479514
                ]
            ]
        },
        {
            "Type": "F",
            "Centroid": {
                "x": 95027.31476315789,
                "y": 437544.79171052633
            },
            "Distances": [
                3.0097960514769477,
                4.603202010027227,
                4.201474961294643,
                4.4858822001425835,
                4.99692969497592,
                4.642207109809548,
                6.445716869029591,
                4.281121330968221,
                6.171709761237332,
                6.184592592445881,
                5.5621720395724665,
                5.766036553355547,
                6.4584680159935735,
                6.015182327197604,
                4.388778886388103,
                4.831254812234831,
                9.122522037478133,
                11.385566981136408,
                11.439367423987411
            ],
            "UnitPairs": [
                [
                    -0.9915167363016513,
                    -0.12997908152361157
                ],
                [
                    -0.9795927156934675,
                    -0.20099281420065093
                ],
                [
                    -0.9787665512170135,
                    -0.20497814083153626
                ],
                [
                    -0.9762323134029021,
                    -0.2167267179376322
                ],
                [
                    0.6731607301751975,
                    -0.739496201038244
                ],
                [
                    0.7200749046821163,
                    -0.6938963407073432
                ],
                [
                    0.755189366987783,
                    -0.6555066895071259
                ],
                [
                    0.7754362900429435,
                    -0.631425815186896
                ],
                [
                    0.8366784962149255,
                    -0.5476943435635709
                ],
                [
                    0.9963044048569256,
                    -0.08589256581734603
                ],
                [
                    0.9984834705927814,
                    -0.05505232922406124
                ],
                [
                    0.9999480212713199,
                    0.010195820495286768
                ],
                [
                    0.9989577754555088,
                    0.04564386987297826
                ],
                [
                    0.9970997578894432,
                    0.07610566875610346
                ],
                [
                    -0.5892899197802665,
                    0.8079216487044811
                ],
                [
                    -0.637363020078584,
                    0.7705636772105902
                ],
                [
                    -0.8147158348715355,
                    0.5798604214891518
                ],
                [
                    -0.8427567264586702,
                    0.5382946219391999
                ],
                [
                    -0.9887140379963897,
                    0.14981505621556832
                ]
            ]
        },
        {
            "Type": "R",
            "Centroid": {
                "x": 95025.30949999999,
                "y": 437547.2805
            },
            "Distances": [
                0.0
            ],
            "UnitPairs": [
                [
                    0.0,
                    0.0
                ]
            ]
        }
    ]
}