{
    "Pand ID": "0599100000305400",
    "Archetype ID": "TI.1946",
    "Construction Year": 1941,
    "Number of Floors": 1,
    "Wall Area": 61.2,
    "Roof Area (Flat)": 0.0,
    "Roof Area (Sloped)": 74.94,
    "Floor Area": 75.04,
    "Shared Wall Area": 57.0,
    "Absolute Height (70%)": -1.2551020383834839,
    "Surfaces": [
        {
            "Type": "G",
            "Centroid": {
                "x": 89127.87637499999,
                "y": 440026.1970625
            },
            "Distances": [
                7.032191359752793,
                3.72821340526345,
                6.498476567259101,
                4.413874864573022,
                3.3238025957221513,
                2.6763988996949273,
                2.9119620009986202,
                2.803062868568446,
                2.46923238481229,
                5.342223162723192,
                8.476118750382158,
                8.78296882866721,
                5.833629033105311,
                2.8191916297950614,
                3.604599172652156,
                3.2136634384072615
            ],
            "UnitPairs": [
                [
                    -0.9871478383998157,
                    -0.15980971541984357
                ],
                [
                    -0.918083845511984,
                    -0.3963862417011057
                ],
                [
                    -0.890333671300975,
                    -0.4553086357051967
                ],
                [
                    -0.4125201905040373,
                    -0.910948457612456
                ],
                [
                    -0.1906889719639272,
                    -0.9816505060210281
                ],
                [
                    -0.08885540194439358,
                    -0.9960445359246244
                ],
                [
                    -0.02809531853959336,
                    -0.9996052486237549
                ],
                [
                    0.6900264427525387,
                    -0.723784158642808
                ],
                [
                    0.7096081805773472,
                    -0.7045965015934347
                ],
                [
                    0.9998061363799926,
                    0.019689836386110084
                ],
                [
                    0.9736988995866827,
                    0.2278386555079786
                ],
                [
                    0.5593994008000661,
                    0.8288982509237953
                ],
                [
                    0.34698598222811916,
                    0.9378703152020472
                ],
                [
                    -0.3553545241138246,
                    0.9347315990121642
                ],
                [
                    -0.39583111232437146,
                    0.9183233256952863
                ],
                [
                    -0.8914475815205154,
                    0.45312383451019667
                ]
            ]
        },
        {
            "Type": "F",
            "Centroid": {
                "x": 89127.87637499999,
                "y": 440026.1970625
            },
            "Distances": [
                7.032191359752793,
                3.72821340526345,
                6.498476567259101,
                4.413874864573022,
                3.3238025957221513,
                2.6763988996949273,
                2.9119620009986202,
                2.803062868568446,
                2.46923238481229,
                5.342223162723192,
                8.476118750382158,
                8.78296882866721,
                5.833629033105311,
                2.8191916297950614,
                3.604599172652156,
                3.2136634384072615
            ],
            "UnitPairs": [
                [
                    -0.9871478383998157,
                    -0.15980971541984357
                ],
                [
                    -0.918083845511984,
                    -0.3963862417011057
                ],
                [
                    -0.890333671300975,
                    -0.4553086357051967
                ],
                [
                    -0.4125201905040373,
                    -0.910948457612456
                ],
                [
                    -0.1906889719639272,
                    -0.9816505060210281
                ],
                [
                    -0.08885540194439358,
                    -0.9960445359246244
                ],
                [
                    -0.02809531853959336,
                    -0.9996052486237549
                ],
                [
                    0.6900264427525387,
                    -0.723784158642808
                ],
                [
                    0.7096081805773472,
                    -0.7045965015934347
                ],
                [
                    0.9998061363799926,
                    0.019689836386110084
                ],
                [
                    0.9736988995866827,
                    0.2278386555079786
                ],
                [
                    0.5593994008000661,
                    0.8288982509237953
                ],
                [
                    0.34698598222811916,
                    0.9378703152020472
                ],
                [
                    -0.3553545241138246,
                    0.9347315990121642
                ],
                [
                    -0.39583111232437146,
                    0.9183233256952863
                ],
                [
                    -0.8914475815205154,
                    0.45312383451019667
                ]
            ]
        },
        {
            "Type": "R",
            "Centroid": {
                "x": 89127.5216625,
                "y": 440026.37775
            },
            "Distances": [
                6.715028418404218,
                3.487672556289747,
                6.273221457907894,
                4.449949601931826,
                3.1813445993366405,
                2.8508503748531306,
                8.784087468834178,
                8.840456473512587,
                2.538367321774313,
                3.3080460486902625
            ],
            "UnitPairs": [
                [
                    -0.9809489386449484,
                    -0.19426574523407186
                ],
                [
                    -0.8796984093219906,
                    -0.4755320269302157
                ],
                [
                    -0.8657593289896172,
                    -0.500460572140751
                ],
                [
                    -0.32946440547745326,
                    -0.9441679964515787
                ],
                [
                    0.7194756583354185,
                    -0.694517657848104
                ],
                [
                    0.7390426444626726,
                    -0.6736586447642601
                ],
                [
                    0.9799424277756127,
                    0.19928080250048724
                ],
                [
                    0.595885519687259,
                    0.8030693914146183
                ],
                [
                    -0.2549276436278869,
                    0.966960131812234
                ],
                [
                    -0.3240885961757809,
                    0.9460267342040666
                ]
            ]
        }
    ]
}