{
    "Pand ID": "0599100000216234",
    "Archetype ID": "TI.1946",
    "Construction Year": 1913,
    "Number of Floors": 3,
    "Wall Area": 80.09,
    "Roof Area (Flat)": 0.0,
    "Roof Area (Sloped)": 57.63,
    "Floor Area": 42.38,
    "Shared Wall Area": 151.74,
    "Absolute Height (70%)": 8.263319969177246,
    "Surfaces": [
        {
            "Type": "G",
            "Centroid": {
                "x": 92512.9628125,
                "y": 433879.86316666665
            },
            "Distances": [
                5.3127434244725835,
                4.860321048488557,
                5.357467345794943,
                5.355771251172795,
                4.8608367621027035,
                5.283282063368245
            ],
            "UnitPairs": [
                [
                    -0.25100026360217953,
                    -0.9679870183383847
                ],
                [
                    0.17107923359482793,
                    -0.9852572739303204
                ],
                [
                    0.5613659973807514,
                    -0.8275676510018466
                ],
                [
                    0.24954389150063597,
                    0.9683634886832108
                ],
                [
                    -0.1910164947799805,
                    0.9815868268889765
                ],
                [
                    -0.5514564554854886,
                    0.8342036787879692
                ]
            ]
        },
        {
            "Type": "F",
            "Centroid": {
                "x": 92513.14851250002,
                "y": 433878.9089
            },
            "Distances": [
                4.455408308999307,
                3.888403399844377,
                4.4798191481380325,
                6.247504221726876,
                6.192882624441714
            ],
            "UnitPairs": [
                [
                    -0.3409788496693241,
                    -0.940070967575419
                ],
                [
                    0.16608359102085737,
                    -0.9861116776479307
                ],
                [
                    0.6298914993395335,
                    -0.7766831394203138
                ],
                [
                    0.18420155619685652,
                    0.9828884914855074
                ],
                [
                    -0.50044546101677,
                    0.865768063945369
                ]
            ]
        },
        {
            "Type": "R",
            "Centroid": {
                "x": 92512.0343125,
                "y": 433884.6345
            },
            "Distances": [
                0.0
            ],
            "UnitPairs": [
                [
                    0.0,
                    0.0
                ]
            ]
        }
    ]
}