{
    "Pand ID": "0599100000042976",
    "Archetype ID": "TI.1946",
    "Construction Year": 1928,
    "Number of Floors": 3,
    "Wall Area": 92.84,
    "Roof Area (Flat)": 10.36,
    "Roof Area (Sloped)": 52.63,
    "Floor Area": 54.29,
    "Shared Wall Area": 120.3,
    "Absolute Height (70%)": 6.536727428436279,
    "Surfaces": [
        {
            "Type": "G",
            "Centroid": {
                "x": 96717.8845,
                "y": 432548.7491944444
            },
            "Distances": [
                3.5071907882563296,
                4.4839763358934785,
                7.819497454913783,
                8.1656517806531,
                4.440405061918971,
                3.32035841483893,
                2.37328787471566,
                4.319739910210383,
                5.109494626312527,
                4.878941916569439,
                5.203810772756996,
                5.070385137997215,
                4.677411463968686,
                5.2850298961538185,
                4.520763161102087,
                2.7817588566393674,
                3.9881692127729105,
                4.4566237224133305
            ],
            "UnitPairs": [
                [
                    -0.9993753438582353,
                    -0.03534009179719155
                ],
                [
                    -0.9977751140630158,
                    -0.06666949644729425
                ],
                [
                    -0.9934142244799848,
                    -0.11457826408542873
                ],
                [
                    -0.8948458979494072,
                    -0.44637519971781503
                ],
                [
                    -0.7472291274628423,
                    -0.6645664986072645
                ],
                [
                    -0.5782508272051686,
                    -0.815859044710873
                ],
                [
                    0.3328715443350073,
                    -0.9429721814412274
                ],
                [
                    0.9208887763358546,
                    -0.38982542454110447
                ],
                [
                    0.9543018158574332,
                    -0.2988445151767146
                ],
                [
                    0.9789007702219582,
                    -0.20433619860136631
                ],
                [
                    0.996769526509371,
                    -0.0803150734438076
                ],
                [
                    0.9519986881926333,
                    0.30610210335687865
                ],
                [
                    0.9077670486565539,
                    0.4194746540297394
                ],
                [
                    0.7506107019169704,
                    0.6607447117970094
                ],
                [
                    0.6751072531892086,
                    0.7377195921834541
                ],
                [
                    -0.06938056458008876,
                    0.9975902652184153
                ],
                [
                    -0.8276980799661375,
                    0.5611736704625133
                ],
                [
                    -0.8780189317579443,
                    0.47862590347226136
                ]
            ]
        },
        {
            "Type": "F",
            "Centroid": {
                "x": 96717.48328947369,
                "y": 432548.55335526314
            },
            "Distances": [
                4.0740943524057025,
                3.0475876314186165,
                7.399982062756026,
                3.990102393180007,
                7.719213390710297,
                4.0122644285789475,
                2.936395669727311,
                2.3641439092884955,
                4.625142387861621,
                5.4424987056145095,
                5.238824150170075,
                5.59262260789525,
                5.512651024550535,
                5.123775499686033,
                5.716802497209183,
                4.938813681601843,
                3.785845028727822,
                4.213836257229881,
                3.1046220301532936
            ],
            "UnitPairs": [
                [
                    -0.9996797131826423,
                    -0.025307529533124613
                ],
                [
                    -0.9987537166455688,
                    -0.04991005396373425
                ],
                [
                    -0.9955145041179605,
                    -0.0946090486727945
                ],
                [
                    -0.9949091733772133,
                    -0.10077567528858447
                ],
                [
                    -0.8946234705729811,
                    -0.44682082079951746
                ],
                [
                    -0.7269684054005229,
                    -0.6866709092057279
                ],
                [
                    -0.5172291627269947,
                    -0.8558469449759881
                ],
                [
                    0.5038654887454272,
                    -0.8637821306622011
                ],
                [
                    0.9468271804573551,
                    -0.32174258398162836
                ],
                [
                    0.9696300930434523,
                    -0.24457612856643632
                ],
                [
                    0.9882390356889476,
                    -0.15291699820680146
                ],
                [
                    0.9992110889846845,
                    -0.03971397298232592
                ],
                [
                    0.9484022302574596,
                    0.3170697236297984
                ],
                [
                    0.9069894897998504,
                    0.4211532564193313
                ],
                [
                    0.7641003040505037,
                    0.6450974541493152
                ],
                [
                    0.6991983802070888,
                    0.714927706216358
                ],
                [
                    -0.7659556721624732,
                    0.6428933879595699
                ],
                [
                    -0.8333948590586776,
                    0.5526780336638746
                ],
                [
                    -0.9997318332263552,
                    0.02315732354722906
                ]
            ]
        },
        {
            "Type": "R",
            "Centroid": {
                "x": 96717.6915,
                "y": 432551.52424999996
            },
            "Distances": [
                0.0
            ],
            "UnitPairs": [
                [
                    0.0,
                    0.0
                ]
            ]
        }
    ]
}