{
    "Pand ID": "0599100000270599",
    "Archetype ID": "TI.1946",
    "Construction Year": 1915,
    "Number of Floors": 3,
    "Wall Area": 214.34,
    "Roof Area (Flat)": 61.29,
    "Roof Area (Sloped)": 43.15,
    "Floor Area": 91.78,
    "Shared Wall Area": 271.18,
    "Absolute Height (70%)": 10.455774307250977,
    "Surfaces": [
        {
            "Type": "G",
            "Centroid": {
                "x": 94963.05005833333,
                "y": 437894.63333333336
            },
            "Distances": [
                4.239144715107499,
                4.206640161573238,
                4.742252079162208,
                3.549142710858237,
                3.6126569330215292,
                10.193537491085136,
                10.147936288502331,
                8.416802586622378,
                3.698386997339318,
                3.5999854326724434,
                4.749530810041328,
                3.315698284760111,
                3.654728551111688,
                3.832775354181452,
                4.015312878921433
            ],
            "UnitPairs": [
                [
                    -0.9999501357513273,
                    -0.009986291148478103
                ],
                [
                    -0.9461073874803073,
                    -0.3238530706280051
                ],
                [
                    -0.9025107189356371,
                    -0.4306673916217472
                ],
                [
                    -0.49474858476716566,
                    -0.8690361545245898
                ],
                [
                    -0.16468027392887427,
                    -0.9863470015054089
                ],
                [
                    0.735864921596071,
                    -0.6771283609216264
                ],
                [
                    0.9993230523287062,
                    -0.0367890892037007
                ],
                [
                    0.9991997056020466,
                    0.03999935405457499
                ],
                [
                    0.6021724249683101,
                    0.7983660630361143
                ],
                [
                    0.3125197831217168,
                    0.9499112512006346
                ],
                [
                    -0.30927967247451305,
                    0.9509711268982134
                ],
                [
                    -0.7298412356940984,
                    0.683616684027322
                ],
                [
                    -0.8741916912982424,
                    0.4855809786895679
                ],
                [
                    -0.9102890232100181,
                    0.413973301341223
                ],
                [
                    -0.9916869378341141,
                    0.1286740740366837
                ]
            ]
        },
        {
            "Type": "F",
            "Centroid": {
                "x": 94962.94790277777,
                "y": 437894.61911111115
            },
            "Distances": [
                4.1368732899721925,
                4.105431044577677,
                4.644035081650573,
                0.9295958234912617,
                3.487199904325994,
                3.583157771790699,
                10.259389009087728,
                10.249515221905435,
                8.51945128355775,
                3.771963128042159,
                3.6465966713846134,
                4.732550646014051,
                3.2518530025986103,
                3.572869692486362,
                0.781161354477583,
                0.26811700504296787,
                3.7460791436613032,
                3.9159313856704983
            ],
            "UnitPairs": [
                [
                    -0.9999769119845483,
                    -0.006795255539496495
                ],
                [
                    -0.9445482668364206,
                    -0.3283726109411595
                ],
                [
                    -0.8996008221992875,
                    -0.4367131331874116
                ],
                [
                    -0.6516571637552853,
                    -0.7585136392487727
                ],
                [
                    -0.47424232138763595,
                    -0.8803943551641312
                ],
                [
                    -0.1375261177883471,
                    -0.990498140798894
                ],
                [
                    0.7410989305008886,
                    -0.6713958409242934
                ],
                [
                    0.9993860197733956,
                    -0.03503688744009749
                ],
                [
                    0.9991514639746149,
                    0.041186794453850775
                ],
                [
                    0.6175092765107655,
                    0.7865635978248364
                ],
                [
                    0.33653906171029013,
                    0.9416695067501961
                ],
                [
                    -0.2888036240932432,
                    0.9573883573088868
                ],
                [
                    -0.7127560120099014,
                    0.7014120524654118
                ],
                [
                    -0.8656284846527729,
                    0.5006868547882439
                ],
                [
                    -0.8766150217850158,
                    0.4811923768939573
                ],
                [
                    -0.9017621904844513,
                    0.4322325205403735
                ],
                [
                    -0.9040860184463745,
                    0.4273505250374471
                ],
                [
                    -0.9907675583839822,
                    0.1355715503114217
                ]
            ]
        },
        {
            "Type": "R",
            "Centroid": {
                "x": 94961.294125,
                "y": 437891.54900000006
            },
            "Distances": [
                0.0
            ],
            "UnitPairs": [
                [
                    0.0,
                    0.0
                ]
            ]
        }
    ]
}