{
    "Pand ID": "0599100000013945",
    "Archetype ID": "TI.1946",
    "Construction Year": 1922,
    "Number of Floors": 2,
    "Wall Area": 57.62,
    "Roof Area (Flat)": 2.07,
    "Roof Area (Sloped)": 63.18,
    "Floor Area": 43.19,
    "Shared Wall Area": 134.02,
    "Absolute Height (70%)": 6.3587117195129395,
    "Surfaces": [
        {
            "Type": "G",
            "Centroid": {
                "x": 94663.31923295454,
                "y": 433051.98488636356
            },
            "Distances": [
                6.9124174348285345,
                6.867935131809269,
                3.253646453984304,
                2.7554503793942446,
                5.998158503218532,
                1.4974057180235747,
                1.7070198307596058,
                5.577839201468562,
                2.684678069898171,
                2.292998170915873,
                3.3573418561230217
            ],
            "UnitPairs": [
                [
                    -0.9891684810721171,
                    -0.14678459065406263
                ],
                [
                    -0.7145590865911275,
                    -0.6995750937319406
                ],
                [
                    -0.38588871664694413,
                    -0.9225453367529286
                ],
                [
                    0.9096351595351818,
                    -0.41540808434285953
                ],
                [
                    0.9955479739729894,
                    0.09425620148444219
                ],
                [
                    0.9232331149904409,
                    0.38424030942243337
                ],
                [
                    0.9194120168846351,
                    0.39329574521996463
                ],
                [
                    0.9004301422193174,
                    0.43500064250860593
                ],
                [
                    0.1197367196678751,
                    0.9928056798604532
                ],
                [
                    -0.226579096807104,
                    0.973992768397218
                ],
                [
                    -0.9690837555340036,
                    0.24673198973807905
                ]
            ]
        },
        {
            "Type": "F",
            "Centroid": {
                "x": 94663.65577083333,
                "y": 433052.0305833333
            },
            "Distances": [
                7.252018922434649,
                7.143258601729502,
                3.438163722756827,
                2.4749609663014005,
                5.658828437467981,
                1.1723857946207463,
                1.3825853625750193,
                5.255985995511222,
                0.43860284015935,
                2.6197100891860443,
                1.103236957659832,
                2.3492049970518023
            ],
            "UnitPairs": [
                [
                    -0.9892532562398534,
                    -0.14621215756169864
                ],
                [
                    -0.7341304054243275,
                    -0.6790085035045678
                ],
                [
                    -0.46306210573941187,
                    -0.886325835248066
                ],
                [
                    0.8767478340915219,
                    -0.48095034610219906
                ],
                [
                    0.9957744308614594,
                    0.09183290718765559
                ],
                [
                    0.8921266970894994,
                    0.4517852989420753
                ],
                [
                    0.891747229537237,
                    0.45253384250535594
                ],
                [
                    0.8915390320048405,
                    0.45294387556503296
                ],
                [
                    0.8707573952931816,
                    0.4917128822211535
                ],
                [
                    -0.005757634554343072,
                    0.9999834246847987
                ],
                [
                    -0.2448099036760078,
                    0.9695710964453013
                ],
                [
                    -0.36441406110006264,
                    0.9312370224988693
                ]
            ]
        },
        {
            "Type": "R",
            "Centroid": {
                "x": 94660.0656875,
                "y": 433052.81324999995
            },
            "Distances": [
                0.0
            ],
            "UnitPairs": [
                [
                    0.0,
                    0.0
                ]
            ]
        }
    ]
}