{
    "Pand ID": "0599100000687568",
    "Archetype ID": "TI.1946",
    "Construction Year": 1934,
    "Number of Floors": 4,
    "Wall Area": 236.71,
    "Roof Area (Flat)": 27.17,
    "Roof Area (Sloped)": 47.19,
    "Floor Area": 65.45,
    "Shared Wall Area": 247.07,
    "Absolute Height (70%)": 13.178206443786621,
    "Surfaces": [
        {
            "Type": "G",
            "Centroid": {
                "x": 89802.80083749999,
                "y": 436984.45855
            },
            "Distances": [
                3.2592429949328134,
                3.63606156438871,
                7.131705469223739,
                6.940335244064226,
                3.2322427662313364,
                2.777147835466344,
                4.150996326180138,
                3.206072940531698,
                5.213468605496125,
                6.077146180577307
            ],
            "UnitPairs": [
                [
                    -0.9943720075621851,
                    -0.10594484686264628
                ],
                [
                    -0.854743503366725,
                    -0.5190506174279896
                ],
                [
                    -0.37843682856084293,
                    -0.9256271208152942
                ],
                [
                    0.46829149972033735,
                    -0.8835740327158088
                ],
                [
                    0.8935281811656404,
                    -0.44900711515834857
                ],
                [
                    0.9999827753282988,
                    -0.005869331027731938
                ],
                [
                    0.6073481646075317,
                    0.7944357789952959
                ],
                [
                    0.2183668347500959,
                    0.975866756007819
                ],
                [
                    0.11529751984430686,
                    0.9933310031997148
                ],
                [
                    -0.6071764427504772,
                    0.7945670313880865
                ]
            ]
        },
        {
            "Type": "F",
            "Centroid": {
                "x": 89803.14615972221,
                "y": 436984.66825
            },
            "Distances": [
                3.6289137255023807,
                7.460362587574079,
                6.975578681255641,
                3.0372092168721796,
                2.442256980856154,
                3.7775326521714163,
                2.9404809592272483,
                4.975578687149391,
                6.133366072777872
            ],
            "UnitPairs": [
                [
                    -0.9882357348475996,
                    -0.15293832864989973
                ],
                [
                    -0.4080528508479651,
                    -0.912958307325613
                ],
                [
                    0.4164210469870035,
                    -0.9091718823337246
                ],
                [
                    0.8372086333911062,
                    -0.5468836294637063
                ],
                [
                    0.9957092135890127,
                    -0.09253735447888063
                ],
                [
                    0.5759785495252755,
                    0.8174648068796355
                ],
                [
                    0.12065297572238637,
                    0.992694746359289
                ],
                [
                    0.051406639079874694,
                    0.9986778046289562
                ],
                [
                    -0.6579131547558248,
                    0.7530938061086667
                ]
            ]
        },
        {
            "Type": "R",
            "Centroid": {
                "x": 89799.69293749999,
                "y": 436982.57125
            },
            "Distances": [
                0.0
            ],
            "UnitPairs": [
                [
                    0.0,
                    0.0
                ]
            ]
        }
    ]
}