{
    "Pand ID": "0599100000307367",
    "Archetype ID": "TI.1946",
    "Construction Year": 1931,
    "Number of Floors": 2,
    "Wall Area": 57.27,
    "Roof Area (Flat)": 7.74,
    "Roof Area (Sloped)": 37.72,
    "Floor Area": 32.74,
    "Shared Wall Area": 89.92,
    "Absolute Height (70%)": 6.7830986976623535,
    "Surfaces": [
        {
            "Type": "G",
            "Centroid": {
                "x": 93049.009625,
                "y": 434243.3509166667
            },
            "Distances": [
                4.064764418515566,
                3.073004411236518,
                2.7399372458705655,
                3.504847135685758,
                4.6312209093393255,
                3.858536351734726,
                4.2976630600454815,
                2.1670524015365134,
                2.5530427162574143,
                3.4671079847257573,
                3.4227652238693445,
                3.668575033677861
            ],
            "UnitPairs": [
                [
                    -0.429545188903424,
                    -0.9030453646910115
                ],
                [
                    -0.09306852894892308,
                    -0.9956597053809516
                ],
                [
                    0.5113255794852625,
                    -0.8593870791232904
                ],
                [
                    0.8830627642753375,
                    -0.4692548927293138
                ],
                [
                    0.973825280262466,
                    -0.2272978739929817
                ],
                [
                    0.8098925901255428,
                    0.5865782066014211
                ],
                [
                    0.6187083451748102,
                    0.7856207632255195
                ],
                [
                    -0.1905814551173911,
                    0.9816713854265784
                ],
                [
                    -0.826464824330749,
                    0.562988360575904
                ],
                [
                    -0.9627620526123897,
                    0.2703501989079686
                ],
                [
                    -0.9670543503582186,
                    0.25456999715843126
                ],
                [
                    -0.9777638366587952,
                    0.20970903586224637
                ]
            ]
        },
        {
            "Type": "F",
            "Centroid": {
                "x": 93049.01383928572,
                "y": 434243.5738928571
            },
            "Distances": [
                4.2689231364504,
                3.2954466251747645,
                3.611238869619944,
                3.0234163083423735,
                4.682880481282277,
                2.3250972703047217,
                3.7285869635727744,
                4.122080598349977,
                1.9495240156961506,
                2.4381479274914746,
                3.417704267370305,
                3.3770376539678315,
                3.6642304437432838,
                3.632537153760925
            ],
            "UnitPairs": [
                [
                    -0.4099896460462602,
                    -0.9120901765367624
                ],
                [
                    -0.08806523628788832,
                    -0.9961147093370112
                ],
                [
                    0.8558796097068043,
                    -0.5171751093083736
                ],
                [
                    0.9309950821273368,
                    -0.36503172061440525
                ],
                [
                    0.962182514008594,
                    -0.2724055978428157
                ],
                [
                    0.9663190194174447,
                    0.2573471443636161
                ],
                [
                    0.8369888498716473,
                    0.5472199422449231
                ],
                [
                    0.6440402245772502,
                    0.7649916268342322
                ],
                [
                    -0.21400828220333015,
                    0.9768318458917993
                ],
                [
                    -0.8671394634732558,
                    0.4980654082420443
                ],
                [
                    -0.9779120790599568,
                    0.20901666351904274
                ],
                [
                    -0.9813969002733682,
                    0.1919899063331834
                ],
                [
                    -0.9863501603412255,
                    0.16466135306998697
                ],
                [
                    -0.9886242407718248,
                    0.15040648442913948
                ]
            ]
        },
        {
            "Type": "R",
            "Centroid": {
                "x": 93050.410625,
                "y": 434240.99624999997
            },
            "Distances": [
                0.0
            ],
            "UnitPairs": [
                [
                    0.0,
                    0.0
                ]
            ]
        }
    ]
}