{
    "Pand ID": "0599100000662397",
    "Archetype ID": "TI.1946",
    "Construction Year": 1911,
    "Number of Floors": 3,
    "Wall Area": 213.14,
    "Roof Area (Flat)": 17.29,
    "Roof Area (Sloped)": 107.73,
    "Floor Area": 90.37,
    "Shared Wall Area": 177.3,
    "Absolute Height (70%)": 7.812344551086426,
    "Surfaces": [
        {
            "Type": "G",
            "Centroid": {
                "x": 92952.2283173077,
                "y": 440143.62798076926
            },
            "Distances": [
                4.697044618491542,
                6.204014326499155,
                7.031311607188862,
                6.914622999495139,
                7.437483905223205,
                7.174284037838863,
                4.536382911212446,
                9.685927706325819,
                9.048427325816915,
                9.286138776631287,
                6.246091712906699,
                4.493212512899815,
                3.0820046164258486
            ],
            "UnitPairs": [
                [
                    -0.937758242780169,
                    -0.34728875319804114
                ],
                [
                    -0.8821211589277791,
                    -0.47102256949313154
                ],
                [
                    -0.8585442723833359,
                    -0.5127394390504484
                ],
                [
                    -0.3651236383930632,
                    -0.9309590370615732
                ],
                [
                    -0.19733720790448903,
                    -0.9803356702560917
                ],
                [
                    -0.1783721275805752,
                    -0.9839631009862001
                ],
                [
                    0.18126946256450277,
                    -0.9834334659454987
                ],
                [
                    0.864481745702115,
                    0.5026642133152347
                ],
                [
                    0.67285810816366,
                    0.7397715635778523
                ],
                [
                    0.42453680557015244,
                    0.9054106806948383
                ],
                [
                    0.30183797788555355,
                    0.9533592371745082
                ],
                [
                    0.13872205922144518,
                    0.9903313537828448
                ],
                [
                    -0.17803098177484894,
                    0.9840248825757829
                ]
            ]
        },
        {
            "Type": "F",
            "Centroid": {
                "x": 92952.55211337209,
                "y": 440143.1164476744
            },
            "Distances": [
                3.773787324649617,
                4.859251502755458,
                4.452866145654702,
                6.277797442174562,
                2.4903374908227893,
                6.157544623849375,
                7.072961022936984,
                2.627385782612265,
                2.27749812845435,
                1.8087133302761902,
                2.0268579313659503,
                1.5070449151837433,
                1.6379166019240077,
                1.8405862259998143,
                1.738630436573607,
                1.8215716902955101,
                6.574783565577279,
                6.4302585270581885,
                6.537962370448648,
                7.012398387382049,
                6.741180890194307,
                3.0677045360335824,
                3.6940852729739153,
                3.5308104813838956,
                3.981033227954343,
                3.920012906924407,
                4.1755971142229305,
                2.4590488953217213,
                9.682060243706482,
                6.839431329566514,
                2.171233210776311,
                6.582554044520441,
                9.22745771660306,
                6.526433299256636,
                5.59954301335318,
                2.647400893882735,
                2.148743360123251,
                5.657768810393318,
                2.6208757998081964,
                9.625361311532012,
                6.652171399640443,
                4.9703347956868305,
                3.6501116332168713
            ],