{
    "Pand ID": "0599100000147193",
    "Archetype ID": "TI.1946",
    "Construction Year": 1928,
    "Number of Floors": 3,
    "Wall Area": 82.6,
    "Roof Area (Flat)": 21.91,
    "Roof Area (Sloped)": 52.95,
    "Floor Area": 53.73,
    "Shared Wall Area": 139.74,
    "Absolute Height (70%)": 7.176149368286133,
    "Surfaces": [
        {
            "Type": "G",
            "Centroid": {
                "x": 92785.88329166667,
                "y": 441453.36833333335
            },
            "Distances": [
                3.4349081794758045,
                4.745708538733385,
                5.353456519060333,
                5.352483538941547,
                4.755488587027872,
                3.440968206974769,
                3.5254530018176844,
                4.539143370153837,
                5.50731728715502,
                5.521040514969996,
                4.475153464945535,
                3.522216660192379
            ],
            "UnitPairs": [
                [
                    -0.9962905812501427,
                    -0.0860527612122522
                ],
                [
                    -0.9025347072418095,
                    -0.43061711789470375
                ],
                [
                    -0.8619042015636248,
                    -0.5070711462181322
                ],
                [
                    0.11879220715164635,
                    -0.9929191364456827
                ],
                [
                    0.20288837112626446,
                    -0.9792018733957422
                ],
                [
                    0.5329410860642474,
                    -0.8461523496301717
                ],
                [
                    0.992449291347046,
                    0.12265563217702843
                ],
                [
                    0.9192997429356199,
                    0.3935581057969752
                ],
                [
                    0.8546508377695923,
                    0.5192031832526974
                ],
                [
                    -0.10345272147749497,
                    0.9946343722287602
                ],
                [
                    -0.25567093410930425,
                    0.9667638664387886
                ],
                [
                    -0.5048430685048957,
                    0.8632111422951868
                ]
            ]
        },
        {
            "Type": "F",
            "Centroid": {
                "x": 92786.04494318181,
                "y": 441453.0919318182
            },
            "Distances": [
                3.5838695152625717,
                4.7832353326841845,
                5.3621982324806705,
                5.060447058315605,
                4.453211626866588,
                3.120957424920326,
                3.4116280134959505,
                4.510520860146598,
                5.521959202100668,
                5.8141851592117755,
                4.784464059704999
            ],
            "UnitPairs": [
                [
                    -0.9999856765287997,
                    -0.005352264683180076
                ],
                [
                    -0.9292493203144114,
                    -0.3694532456146576
                ],
                [
                    -0.8906455850284456,
                    -0.4546981876688511
                ],
                [
                    0.09370354293393,
                    -0.995600143652877
                ],
                [
                    0.18036012781112837,
                    -0.9836006426878509
                ],
                [
                    0.5357912943142449,
                    -0.8443504538620596
                ],
                [
                    0.9781786891741597,
                    0.20776537739845527
                ],
                [
                    0.8892945942522503,
                    0.45733480584110975
                ],
                [
                    0.8231103584504843,
                    0.5678814469689207
                ],
                [
                    -0.12603970491721822,
                    0.9920251976559771
                ],
                [
                    -0.272928830796901,
                    0.9620342266883423
                ]
            ]
        },
        {
            "Type": "R",
            "Centroid": {
                "x": 92784.105125,
                "y": 441456.40875
            },
            "Distances": [
                0.0
            ],
            "UnitPairs": [
                [
                    0.0,
                    0.0
                ]
            ]
        }
    ]
}