{
    "Pand ID": "0599100000022763",
    "Archetype ID": "TI.1946",
    "Construction Year": 1931,
    "Number of Floors": 2,
    "Wall Area": 38.68,
    "Roof Area (Flat)": 13.58,
    "Roof Area (Sloped)": 43.57,
    "Floor Area": 42.21,
    "Shared Wall Area": 101.91,
    "Absolute Height (70%)": 4.937126636505127,
    "Surfaces": [
        {
            "Type": "G",
            "Centroid": {
                "x": 95113.7842125,
                "y": 433520.83395000006
            },
            "Distances": [
                6.18978088467404,
                3.8494386084348204,
                2.2919124328909173,
                4.641501416557126,
                4.172600004783955,
                4.1864682967639695,
                4.616763065171686,
                2.2520456922318646,
                3.8520430423173093,
                6.193554456050524
            ],
            "UnitPairs": [
                [
                    -0.8679467173562785,
                    -0.4966573223364985
                ],
                [
                    -0.7274827019896282,
                    -0.6861260221751321
                ],
                [
                    0.5094435473319389,
                    -0.8605040802238246
                ],
                [
                    0.9517609935930854,
                    -0.30684036741390913
                ],
                [
                    0.9999999988512739,
                    -4.793174741652374e-05
                ],
                [
                    0.9362545520823734,
                    0.35132237859981896
                ],
                [
                    0.8006908623668348,
                    0.5990777436378808
                ],
                [
                    0.18587544712519405,
                    0.982573314392371
                ],
                [
                    -0.9157218549365687,
                    0.4018127479206326
                ],
                [
                    -0.9836677861218984,
                    0.17999357362429128
                ]
            ]
        },
        {
            "Type": "F",
            "Centroid": {
                "x": 95114.19853977271,
                "y": 433520.7531136364
            },
            "Distances": [
                6.515093122001201,
                4.1097364134819,
                2.0358477857138864,
                4.222655371732895,
                2.23346459916376,
                3.7591376824711684,
                3.8333421837259625,
                2.5001585090253635,
                4.3447270159552,
                4.264934969881117,
                6.615666717390398
            ],
            "UnitPairs": [
                [
                    -0.8882033095083007,
                    -0.4594506295332523
                ],
                [
                    -0.782222252057401,
                    -0.6229994770352923
                ],
                [
                    0.3700044436343858,
                    -0.9290299842797373
                ],
                [
                    0.9480462824591102,
                    -0.31813243518299267
                ],
                [
                    0.9985708876296315,
                    -0.053443263172917595
                ],
                [
                    0.9997699059565756,
                    0.02145076090911609
                ],
                [
                    0.9144168611313387,
                    0.40477376901018425
                ],
                [
                    0.7668604691904436,
                    0.6418138521355027
                ],
                [
                    0.7554612096993377,
                    0.6551933765230028
                ],
                [
                    -0.9242174383786546,
                    0.3818666345686641
                ],
                [
                    -0.9835331117290668,
                    0.1807280225436527
                ]
            ]
        },
        {
            "Type": "R",
            "Centroid": {
                "x": 95114.20281249999,
                "y": 433523.04675000004
            },
            "Distances": [
                0.0
            ],
            "UnitPairs": [
                [
                    0.0,
                    0.0
                ]
            ]
        }
    ]
}