{
    "Pand ID": "0599100000186467",
    "Archetype ID": "TI.1946",
    "Construction Year": 1918,
    "Number of Floors": 3,
    "Wall Area": 142.1,
    "Roof Area (Flat)": 0.0,
    "Roof Area (Sloped)": 67.21,
    "Floor Area": 49.18,
    "Shared Wall Area": 54.84,
    "Absolute Height (70%)": 6.066847801208496,
    "Surfaces": [
        {
            "Type": "G",
            "Centroid": {
                "x": 94670.13235227273,
                "y": 433699.7251818182
            },
            "Distances": [
                2.0662948434375643,
                6.9858794798547486,
                0.35246059504230304,
                6.767345700810912,
                6.6872469479956,
                0.9242127943531441,
                2.8394277301458044,
                4.499465505460641,
                7.765269024119987,
                7.516450741143423,
                4.02236119238297
            ],
            "UnitPairs": [
                [
                    -0.38364673620630174,
                    -0.923479930371122
                ],
                [
                    0.6397580634122371,
                    -0.768576359445842
                ],
                [
                    0.7072357329252017,
                    -0.7069778059272814
                ],
                [
                    0.7402123297278964,
                    -0.6723731902141846
                ],
                [
                    0.8311750366772959,
                    -0.5560108437831909
                ],
                [
                    0.8193705301316894,
                    0.5732642796753643
                ],
                [
                    0.6445921154589835,
                    0.7645266540076366
                ],
                [
                    -0.3093094659882788,
                    0.9509614367838717
                ],
                [
                    -0.5808848680865827,
                    0.8139857308503837
                ],
                [
                    -0.9528070520743311,
                    0.30357654968298
                ],
                [
                    -0.9985993501362018,
                    0.05290876966586456
                ]
            ]
        },
        {
            "Type": "F",
            "Centroid": {
                "x": 94670.28270833334,
                "y": 433699.3365833334
            },
            "Distances": [
                0.7932021688115654,
                1.7884461637350173,
                6.59236312061048,
                6.397487554804224,
                6.3507234113310185,
                0.17094301354557534,
                1.100834689586821,
                3.061492067657808,
                1.188402575106081,
                8.169575867024033,
                7.784451672870372,
                4.210259554215556
            ],
            "UnitPairs": [
                [
                    -0.5573400461131047,
                    -0.8302843326226518
                ],
                [
                    -0.5273199453553543,
                    -0.8496668024763744
                ],
                [
                    0.6551393768273192,
                    -0.7555080389580987
                ],
                [
                    0.75950388727454,
                    -0.6505027634183139
                ],
                [
                    0.8515434095294584,
                    -0.5242841039807952
                ],
                [
                    0.5786528773731605,
                    0.815573937486824
                ],
                [
                    0.5513240747204393,
                    0.8342911749704964
                ],
                [
                    0.5487248144156692,
                    0.8360030371024315
                ],
                [
                    0.4661018734390474,
                    0.8847310572013454
                ],
                [
                    -0.570541654696413,
                    0.8212686650885197
                ],
                [
                    -0.9393189964581797,
                    0.3430449283881021
                ],
                [
                    -0.9897449978259407,
                    0.1428455084296619
                ]
            ]
        },
        {
            "Type": "R",
            "Centroid": {
                "x": 94668.740625,
                "y": 433704.004
            },
            "Distances": [
                0.0
            ],
            "UnitPairs": [
                [
                    0.0,
                    0.0
                ]
            ]
        }
    ]
}