{
    "Pand ID": "0599100000019483",
    "Archetype ID": "TI.1946",
    "Construction Year": 1939,
    "Number of Floors": 2,
    "Wall Area": 91.39,
    "Roof Area (Flat)": 28.54,
    "Roof Area (Sloped)": 34.75,
    "Floor Area": 54.27,
    "Shared Wall Area": 129.69,
    "Absolute Height (70%)": 6.548584938049316,
    "Surfaces": [
        {
            "Type": "G",
            "Centroid": {
                "x": 97309.483625,
                "y": 434131.254625
            },
            "Distances": [
                2.3870976689827854,
                2.398780582147895,
                3.4199534033645205,
                2.6354220309586593,
                3.399620755510843,
                6.653727341211297,
                6.106921997305045,
                5.539583583741594,
                6.072181859214592,
                3.302537627526755,
                2.8418003151918665,
                3.639405278541209,
                7.991243725558126,
                2.189653233099787,
                2.3763505173383366,
                7.595512328424851
            ],
            "UnitPairs": [
                [
                    -0.9767614581936004,
                    -0.21432931154536802
                ],
                [
                    -0.9720042830755311,
                    -0.2349631326034425
                ],
                [
                    -0.7756319128186996,
                    -0.6311855003223736
                ],
                [
                    -0.20286124716266335,
                    -0.9792074930266869
                ],
                [
                    0.46839783449716615,
                    -0.88351766741722
                ],
                [
                    0.8232040056821845,
                    -0.5677456869310463
                ],
                [
                    0.9753481381656447,
                    -0.22067172310201083
                ],
                [
                    0.9867844608477704,
                    -0.16203835295810348
                ],
                [
                    0.974505562778043,
                    0.2243633395068134
                ],
                [
                    0.7931400926857542,
                    0.6090392379596189
                ],
                [
                    0.6476088380177102,
                    0.7619729607547444
                ],
                [
                    -0.5862564998140128,
                    0.8101254942450722
                ],
                [
                    -0.8726582794234156,
                    0.4883313704379066
                ],
                [
                    -0.9785225201891535,
                    0.20613994635360644
                ],
                [
                    -0.9786540255864776,
                    0.2055147152964529
                ],
                [
                    -0.9800030173268818,
                    0.1989826274582968
                ]
            ]
        },
        {
            "Type": "F",
            "Centroid": {
                "x": 97309.09556521739,
                "y": 434131.2729130435
            },
            "Distances": [
                2.0145107564725535,
                2.028809637323207,
                3.1412109166261053,
                2.325004455576595,
                2.1631676403005065,
                2.0884007249367866,
                2.603042521867043,
                3.6130430900684654,
                6.986578634981069,
                6.489805170655707,
                5.92564792466285,
                6.447098381788336,
                2.816565589205383,
                3.094495755250905,
                2.1961107075949005,
                2.442086959607887,
                3.4106315399106153,
                2.822665980971935,
                7.645639326976053,
                1.807225335688758,
                1.9937754934616185,
                0.6819696066725887,
                7.211817329672289
            ],
            "UnitPairs": [
                [
                    -0.964782744969283,
                    -0.2630480089442528
                ],
                [
                    -0.9579830367742432,
                    -0.2868248616365024
                ],
                [
                    -0.7209210961957064,
                    -0.6930171520676678
                ],
                [
                    -0.5576613904021247,
                    -0.8300685355166579
                ],
                [
                    -0.21429925667936728,
                    -0.9767680526034164
                ],
                [
                    -0.11758529599400121,
                    -0.9930627866182495
                ],
                [
                    -0.05630534889943909,
                    -0.9984135955030422
                ],
                [
                    0.5481348362667336,
                    -0.8363899815701052
                ],
                [
                    0.8395289152319887,
                    -0.5433150103663623
                ],
                [
                    0.9776001922658195,
                    -0.21047057771059763
                ],
                [
                    0.9879822184918522,
                    -0.15456757727259018
                ],
                [
                    0.978026766339175,
                    0.20847936186619714
                ],
                [
                    0.7670457918277722,
                    0.641592357528755
                ],
                [
                    0.7201285633773689,
                    0.6938406533261416
                ],
                [
                    0.1313389081918166,
                    0.99133752637282
                ],
                [
                    -0.4306010534372944,
                    0.902542371735916
                ],
                [
                    -0.511801171416343,
                    0.8591039290661283
                ],
                [
                    -0.6832424489475909,
                    0.7301915885273527
                ],
                [
                    -0.861349186870022,
                    0.5080133642714055
                ],
                [
                    -0.9708613434848786,
                    0.2396419239756193
                ],
                [
                    -0.9718071185774347,
                    0.23577727685725702
                ],
                [
                    -0.9744792302881122,
                    0.22447768204676447
                ],
                [
                    -0.9783338782534112,
                    0.20703338537936278
                ]
            ]
        },
        {
            "Type": "R",
            "Centroid": {
                "x": 97312.10299999999,
                "y": 434133.266
            },
            "Distances": [
                0.0
            ],
            "UnitPairs": [
                [
                    0.0,
                    0.0
                ]
            ]
        }
    ]
}