{
    "Pand ID": "0599100000074634",
    "Archetype ID": "TI.1946",
    "Construction Year": 1900,
    "Number of Floors": 2,
    "Wall Area": 89.11,
    "Roof Area (Flat)": 0.0,
    "Roof Area (Sloped)": 57.81,
    "Floor Area": 52.73,
    "Shared Wall Area": 102.5,
    "Absolute Height (70%)": 9.761351585388184,
    "Surfaces": [
        {
            "Type": "G",
            "Centroid": {
                "x": 68763.1742,
                "y": 443979.51529999997
            },
            "Distances": [
                0.40305028221128025,
                5.689816493495452,
                5.726763809468699,
                4.292218718777751,
                1.744837221617927,
                1.8780504598968697,
                8.32613309590373,
                8.69857579899539,
                3.2703118398820106,
                1.6606968206279074
            ],
            "UnitPairs": [
                [
                    -0.9991309217849859,
                    -0.04168214405575246
                ],
                [
                    -0.7265084919200525,
                    -0.6871574864381897
                ],
                [
                    -0.44312985211479355,
                    -0.8964574357797035
                ],
                [
                    -0.31282189654494813,
                    -0.9498118029599452
                ],
                [
                    0.6632710407983459,
                    -0.7483792664406725
                ],
                [
                    0.6801201710372047,
                    -0.7331006431236597
                ],
                [
                    0.8190236597776442,
                    0.5737597447751399
                ],
                [
                    0.35974854646624693,
                    0.9330492930791077
                ],
                [
                    -0.7927990133464842,
                    0.6094831617336455
                ],
                [
                    -0.8271828927070907,
                    0.5619327913663072
                ]
            ]
        },
        {
            "Type": "F",
            "Centroid": {
                "x": 68764.35315217392,
                "y": 443981.0714130435
            },
            "Distances": [
                2.1417401900362396,
                2.327244638372186,
                2.263038482220162,
                2.23062301643815,
                7.6223669893183725,
                1.8532045331000992,
                7.653002019529562,
                6.171583187623185,
                2.8619949484732716,
                2.934561503103538,
                2.532903102867449,
                1.9547776361346916,
                2.8622908881737867,
                6.3759763684060955,
                6.316568103565499,
                6.413445000984011,
                6.3341181121749495,
                6.843872991229296,
                2.9752059626314975,
                2.479034611899356,
                3.5795668062145447,
                3.0545630510784325,
                3.7856235426717832
            ],
            "UnitPairs": [
                [
                    -0.9154481869650178,
                    -0.4024358544941809
                ],
                [
                    -0.874704850685459,
                    -0.48465598540338795
                ],
                [
                    -0.810703038560376,
                    -0.5854575845174215
                ],
                [
                    -0.7090629668313695,
                    -0.7051451687902969
                ],
                [
                    -0.696981945550856,
                    -0.7170886748346703
                ],
                [
                    -0.6138837638238072,
                    -0.789396430517339
                ],
                [
                    -0.48564630774018813,
                    -0.8741554002454727
                ],
                [
                    -0.4085908100497381,
                    -0.9127176726364505
                ],
                [
                    -0.007565413045837852,
                    -0.9999713818532238
                ],
                [
                    0.0335136360137727,
                    -0.9994382603248368
                ],
                [
                    0.1189732942182062,
                    -0.9928974545555387
                ],
                [
                    0.8217547594073191,
                    -0.5698413072000125
                ],
                [
                    0.9968755579207415,
                    0.07898811315768031
                ],
                [
                    0.8712936662707911,
                    0.49076200659423846
                ],
                [
                    0.8492503742736978,
                    0.5279903425215126
                ],
                [
                    0.8470249335956137,
                    0.5315531599636543
                ],
                [
                    0.4878892012051271,
                    0.8729055661109184
                ],
                [
                    0.2849772093357075,
                    0.9585342926360185
                ],
                [
                    0.2064891754703683,
                    0.9784488849263243
                ],
                [
                    0.0800101076155991,
                    0.9967940522893083
                ],
                [
                    -0.26753297976146706,
                    0.9635487038753933
                ],
                [
                    -0.7286319308853114,
                    0.6849054747148272
                ],
                [
                    -0.9928753167202853,
                    0.11915790132254439
                ]
            ]
        },
        {
            "Type": "R",
            "Centroid": {
                "x": 68764.5515,
                "y": 443983.54250000004
            },
            "Distances": [
                0.0
            ],
            "UnitPairs": [
                [
                    0.0,
                    0.0
                ]
            ]
        }
    ]
}