{
    "Pand ID": "0599100100015706",
    "Archetype ID": "D.2015-2018",
    "Construction Year": 2018,
    "Number of Floors": 3,
    "Wall Area": 2.12,
    "Roof Area (Flat)": 0.0,
    "Roof Area (Sloped)": 0.01,
    "Floor Area": 0.0,
    "Shared Wall Area": 0.0,
    "Absolute Height (70%)": 4.799190998077393,
    "Surfaces": [
        {
            "Type": "G",
            "Centroid": {
                "x": 100738.08094642857,
                "y": 444381.6846785714
            },
            "Distances": [
                10.012606092332017,
                6.84019452855313,
                6.703309015666886,
                6.738578488491149,
                4.334843864714743,
                4.037683517652307,
                4.67955929429481,
                4.988241134654608,
                3.0404761215890006,
                3.0953670062204943,
                5.799412178637151,
                10.19104570777204,
                8.91391537607383,
                8.647937139014376
            ],
            "UnitPairs": [
                [
                    -0.9559520608631912,
                    -0.29352283953964786
                ],
                [
                    0.40107464195268966,
                    -0.9160453763774598
                ],
                [
                    0.4146353039853796,
                    -0.9099876728225234
                ],
                [
                    0.42047867755223556,
                    -0.9073024202127552
                ],
                [
                    0.8282717171537064,
                    -0.5603266570164679
                ],
                [
                    0.988296520513187,
                    -0.15254503447024448
                ],
                [
                    0.9862955635707455,
                    0.1649880640551476
                ],
                [
                    0.9587404542666805,
                    0.2842828544821498
                ],
                [
                    0.7164761321280774,
                    0.6976116054731242
                ],
                [
                    0.7086166412626796,
                    0.705593690253533
                ],
                [
                    0.5021937537305755,
                    0.8647551293366198
                ],
                [
                    -0.6712335146686187,
                    0.7412459570113104
                ],
                [
                    -0.8514296028593649,
                    0.5244689041065679
                ],
                [
                    -0.9964886758601479,
                    0.08372764706170362
                ]
            ]
        },
        {
            "Type": "F",
            "Centroid": {
                "x": 100738.20144166665,
                "y": 444381.0142833333
            },
            "Distances": [
                9.95401425331938,
                10.009985585498189,
                6.179787419918225,
                6.211144415904289,
                6.045639642618021,
                6.082110030410178,
                3.8900998473303843,
                3.870316604924502,
                4.7207134795249015,
                5.108357409433515,
                3.46805071411253,
                3.527751770716184,
                6.333989497626704,
                10.774892161372886,
                9.381851730272023
            ],
            "UnitPairs": [
                [
                    -0.9736842262832368,
                    -0.22790135472878298
                ],
                [
                    -0.9712368298251218,
                    -0.23811556100189551
                ],
                [
                    0.42443746930399184,
                    -0.9054572516970765
                ],
                [
                    0.43002273888572895,
                    -0.9028180569977631
                ],
                [
                    0.4398100929793571,
                    -0.8980907983681211
                ],
                [
                    0.44605134069899155,
                    -0.895007375087285
                ],
                [
                    0.8919908150229884,
                    -0.45205352107314106
                ],
                [
                    0.999900971518906,
                    0.01407292277914883
                ],
                [
                    0.9521724529238192,
                    0.3055611557332461
                ],
                [
                    0.9126090756183058,
                    0.408833309674128
                ],
                [
                    0.5933977046443022,
                    0.8049094136130309
                ],
                [
                    0.5876074814989013,
                    0.8091461225801669
                ],
                [
                    0.4407859113734344,
                    0.8976122661454058
                ],
                [
                    -0.646045135524482,
                    0.7632992092653796
                ],
                [
                    -0.821806492824251,
                    0.5697666964222323
                ]
            ]
        },
        {
            "Type": "R",
            "Centroid": {
                "x": 100729.46337499999,
                "y": 444382.40875
            },
            "Distances": [
                0.0
            ],
            "UnitPairs": [
                [
                    0.0,
                    0.0
                ]
            ]
        }
    ]
}